200
-1.724531 -7.463972 -0.403001 -3.889862 7.669256 7.047881 -5.425634 -3.234517 -6.396292 -5.205487 2.735173 5.644918 9.980996 5.843530 0.635835 -7.461705 9.774631 7.726080 -9.111966 6.731178 -3.009232 -9.703187 -4.766040 -9.553539 -6.282515 -9.208079 7.583415 9.489750 5.909073 6.182625 4.424518 -8.047762 8.520545 -2.704632 0.487911 -4.086589 -1.534283 -4.250649 7.595503 4.707611 4.733200 -3.032007 1.160703 8.565212 8.498896 5.041707 7.036831 3.341242 6.477507 -7.180029 9.072938 -0.389067 7.717278 -8.489679 -3.705189 9.987948 -1.193367 -1.223483 -6.646990 0.240251 4.499086 6.032180 4.732248 0.274231 -1.079332 -0.539892 -8.655369 -5.698312 -4.305169 6.146845 -4.181975 7.207648 -8.355688 6.929350 -3.505822 -3.597646 4.404172 7.134345 -8.061910 -5.272498 5.389000 3.382481 -0.170153 2.821333 7.514034 1.547703 -1.633600 -0.357819 -3.027717 8.097727 -0.620541 -0.913794 -3.108553 3.439065 8.877135 -6.040982 -9.247278 2.079770 -4.039701 -3.568144 -6.981236 9.487061 -3.356911 2.010657 -4.179928 7.364796 -0.547467 3.597022 9.621274 -4.017045 4.824004 7.015401 -1.607035 -7.279593 -7.963363 -3.517489 -3.198042 -3.742923 8.551677 -7.148051 -6.474276 -4.267379 0.723852 -5.161058 -7.393977 -4.865951 -2.328649 -0.641161 2.802802 -6.483404 -6.645551 -8.085455 3.570915 -4.629370 -0.108649 -8.611709 -2.432238 -7.274029 -3.671477 8.940934 -4.647954 -1.796791 9.378068 -4.137159 -3.370536 8.790282 3.655918 -3.206763 6.969116 2.527322 1.200477 -8.974851 4.132381 -8.888801 5.698840 6.171835 -1.687690 9.018189 -3.842409 8.297713 2.495945 4.248260 3.337144 3.664492 9.454192 1.091685 -1.901303 9.821084 4.734703 3.400004 -6.351995 4.263549 -6.347760 -2.953014 -8.144550 2.471421 -5.224018 5.882318 -0.715370 -3.649626 -8.586130 2.333972 7.504951 6.484255 9.405201 -4.307406 -8.278187 -4.961610 -5.184427 -7.595348 9.127127 -0.340930 6.942425 8.948064 2.584410 1.208792 -7.503785 -4.059752 -4.886943 8.747902
1.049174 8.558966 1.792759 0.230587 0.216335 -5.172964 2.020922 -9.793309 0.036816 -6.955494 -5.031919 -5.169339 -1.675762 -7.955934 -6.317501 -0.577084 -7.664657 -6.241129 -7.683304 0.694809 0.538472 4.842563 5.770768 9.719122 -3.578420 -7.939630 -7.020880 2.092884 2.300733 9.052359 -0.113537 5.523384 6.840808 5.522954 -7.794977 -5.166146 0.638101 6.373446 9.354969 -8.766028 1.799386 -4.398310 1.750588 4.465753 -2.841534 0.017815 9.267698 -2.036633 1.765739 5.221493 -7.332272 -0.670725 -0.318104 -4.232698 3.726710 -7.812472 -2.600022 7.021861 -6.106778 0.429633 3.442461 5.163816 4.908667 5.723577 -9.055792 -6.166556 -2.193319 -5.576562 -0.238936 7.577796 -4.356174 6.198712 -4.832852 5.114938 -7.610936 -9.360536 6.226594 -2.616623 -1.248388 2.694484 6.698355 -0.364945 4.078216 -5.264899 3.542506 -1.495463 -5.299270 -1.492793 2.682171 -4.115161 -6.757632 -2.454223 -1.403292 0.972528 -5.267073 6.712303 7.695577 -2.688725 4.443485 -6.925588 5.251504 7.270054 -0.594039 -1.875888 8.153403 4.651001 -4.237284 8.924864 2.668524 -4.720560 -6.453066 9.440531 -4.184716 3.160612 -8.969514 -1.047812 -7.400597 -4.894732 3.525790 8.683915 -9.787990 4.034340 -6.262836 -6.970785 6.927056 8.869858 3.468870 1.385604 4.721542 -6.494476 -7.599995 -2.331897 -8.728051 1.707254 -8.612881 9.132398 -4.693724 -7.144733 -6.054871 1.619204 -5.499175 -9.619492 -6.214013 -0.308063 6.090766 9.160146 -7.600174 4.358436 -6.532662 -0.865570 -2.276116 4.537076 -4.817158 -9.216508 -6.795637 -3.021741 -9.875040 6.636692 -6.799301 2.657318 3.904775 1.464836 -9.227574 5.974599 7.817112 -5.451616 -9.609505 -2.085338 -3.696272 -9.553119 -1.191440 0.341929 -2.471032 1.911489 4.436161 -0.307198 0.990365 -1.476767 7.864352 2.456044 6.312777 1.199720 -0.459024 4.812494 1.680379 -1.242917 0.077138 -3.734992 1.820512 4.592280 6.545168 1.451266 -3.869469 -6.427761 9.238702 4.152821 1.370130 9.285136 -3.446041 -9.814180
5.305242 -9.623925 3.876588 -0.857479 -4.604779 2.403647 0.580095 8.042819 3.883114 4.966100 -6.667416 3.790476 -1.388688 -0.188369 -4.183303 3.548703 -1.450419 -2.596376 1.055263 -7.489044 9.304551 7.068490 -3.579148 2.939673 4.542685 7.946093 2.916293 -7.667566 6.990276 1.120366 3.007406 0.735201 5.119092 7.465422 -0.063735 0.418486 -7.155175 3.940690 -1.485785 -0.847717 0.744962 -4.393432 0.096017 1.850036 6.161885 1.888874 -3.183383 -6.402533 -6.508743 6.135298 7.914767 3.308948 -7.193127 1.762072 4.261057 1.942779 7.759675 -4.297402 -4.421486 1.256279 -8.738351 -8.655435 -0.923730 8.926474 -0.757945 -0.555671 -3.146784 3.240760 1.916116 -8.650466 8.340671 -3.099454 -3.920753 -3.992483 -7.856844 9.027633 -3.130531 1.868510 -9.162635 4.328620 8.518898 9.715628 6.061570 3.613833 4.083645 4.445569 -1.893927 6.806376 5.064659 7.073929 -4.871093 4.332575 -5.792380 -1.903813 -1.182746 9.450734 -5.980028 -9.944966 2.824859 -3.261603 2.976793 -7.387116 4.830280 -0.027979 -1.299485 -8.567827 5.713730 -3.196829 -9.057533 -7.817309 3.122076 1.653514 4.345715 -9.922689 -9.469762 7.702396 4.552381 -1.584907 -7.292118 4.990978 -0.477737 6.233313 0.270877 8.712577 -6.944435 -6.168634 0.328541 6.657723 -1.669865 2.411823 -5.157711 -7.222918 0.987618 2.606987 6.831199 0.919704 -1.791697 -3.532665 -4.366450 0.107384 -8.671653 -0.826198 6.221816 -3.603916 -2.954790 0.021965 9.998700 -8.279134 4.322885 -7.403231 4.487796 -7.494442 -1.691034 4.284727 -3.863913 -5.171486 5.513660 0.786866 -4.216929 -2.227475 6.225480 6.395514 -5.285527 7.482446 7.631689 -1.693269 0.604896 -9.316088 -8.939071 -5.880384 8.556771 -0.159584 -0.581698 8.453965 -2.472740 -7.256153 9.183678 -3.154148 0.150381 -6.789822 0.886418 2.844392 3.629048 -7.797822 -6.237637 -8.930570 7.091813 -7.864972 -6.113967 4.363512 -8.965808 1.558252 5.612549 6.329498 -8.844636 -8.274255 -9.910759 0.183721 -0.063231 -9.215312
4.059608 -1.200071 -8.137331 1.416547 -2.921954 -9.695115 3.217043 7.273866 7.192287 -1.004162 -2.561144 5.352499 -0.510293 2.388302 -0.932898 9.406875 -4.588413 3.328737 3.632797 -5.389466 -9.793885 0.530187 -5.955694 -6.725385 1.228895 -7.482278 8.650262 -3.398765 -8.440607 7.340255 3.869178 -8.154769 0.688828 -7.256587 -6.916782 5.699391 -3.850622 6.257747 -4.292511 0.155656 2.316165 3.368377 2.535480 -7.052912 -1.695906 -2.101372 9.596471 2.418559 7.736018 -0.900102 -2.897025 -6.917207 -9.225095 -1.730050 -9.491607 9.061480 4.966040 -5.259337 9.079702 2.916152 -6.384414 8.261614 -0.196981 -9.378562 -4.315563 -5.024289 -8.603604 -6.868602 7.619200 -7.752910 -1.020065 -5.276222 9.171596 -2.228426 1.061867 -5.942269 -4.844888 -8.249791 2.298790 -5.005447 1.659796 -0.269011 5.285431 -3.115488 -9.771116 0.583769 3.114395 8.198172 2.558840 1.253193 3.033743 -3.209628 -9.709320 4.583667 -2.513970 -2.392931 -8.494649 -0.562554 -6.219195 -9.061423 -1.068405 -9.312285 4.424719 6.332164 -1.879671 8.075487 5.104511 2.449829 8.190878 -0.834125 -9.014895 7.321622 -6.958566 -1.016139 -0.060303 5.774807 6.859680 -8.803853 -4.928760 8.111976 -5.325872 6.490365 2.040345 4.291381 -6.369214 -5.650226 -9.380332 6.737765 2.622952 3.157282 1.670785 3.315370 6.733819 5.431565 -6.571614 -7.074660 2.042960 1.861895 -2.707139 1.381736 5.044699 -3.291202 3.098288 -7.737560 6.787195 -6.847143 -6.508614 -0.313019 -8.461002 -7.959313 -3.770551 1.081804 -1.895417 -3.416561 -2.158735 -5.619452 7.873852 -9.128020 -6.762248 9.843577 -4.517248 0.155086 3.789449 6.585839 -2.544418 1.659830 7.984526 -8.218874 2.662017 -8.746732 8.121596 5.823696 1.716721 1.869586 -9.008575 -2.330739 -6.402718 3.306113 2.526158 1.372177 3.771059 -6.896991 -1.940189 6.019091 -5.644693 6.674429 3.434608 -1.900690 -0.705581 4.561530 4.899602 -9.834574 -7.092155 -8.936202 -2.457123 -0.981050 -3.056400 -7.899529 -1.467707 -6.082969
5.208893 3.828760 1.057151 -8.257508 -1.063842 1.352868 -1.360095 -7.554591 -4.279133 -6.682192 -3.747347 -9.341293 -9.918824 3.300255 -4.531963 -3.615743 6.761110 5.380333 5.950918 -0.280695 5.332210 -2.906604 8.919381 2.866053 8.629875 -1.189532 1.548188 -9.564573 -1.895424 4.205915 7.933088 -6.351321 -6.423244 -6.508033 8.017357 5.101259 9.460931 -7.906712 5.203813 8.698165 6.472698 -6.930133 6.395819 -8.561863 -3.587280 4.673167 5.691870 3.118612 -7.510854 -1.945552 1.233911 7.397775 6.167707 8.528536 -6.152966 -6.937583 9.695326 9.073122 -3.880279 7.039642 9.286901 -2.629616 7.349400 6.060250 -7.327299 -7.654475 -4.392720 -8.302145 1.856753 -7.340628 -4.479263 -6.431534 4.196977 -8.796714 -4.788786 -3.155692 2.966360 -3.027444 1.851365 3.480787 9.646719 0.600769 3.695848 -1.058875 -0.358399 -9.858513 -7.850762 -4.721630 -7.484486 6.542153 4.946918 7.998499 -9.009615 8.675516 -0.569141 3.667579 -7.054474 -2.065310 0.857112 -1.930149 6.994136 -5.822377 -9.369637 -7.257995 8.127043 0.693102 5.846604 -2.748732 3.691193 -4.446726 -2.275397 -7.318513 5.026773 -6.991293 1.929878 -2.187856 -9.229154 -3.329424 9.400853 -8.437439 -9.623915 5.918762 7.971788 -5.237286 8.032625 -4.387220 -4.899259 2.244387 5.381990 1.727654 4.545608 -2.370385 8.506602 -2.077494 -1.490085 -8.551860 -7.270783 -4.990232 6.375063 6.275090 3.803816 5.813174 8.211116 -6.457253 3.182776 -5.210703 -3.930620 3.899609 -6.674429 -3.402018 3.453596 8.527455 -6.928497 3.532322 -0.072312 5.512790 8.712410 -4.402925 3.610841 -8.982806 -0.202178 4.401941 -9.663040 -2.399980 -4.642471 -3.292303 8.921376 8.787590 -1.418666 -8.049503 -3.341094 -6.577293 9.799272 8.111652 -3.645699 6.156246 6.189376 -8.234882 -9.239606 -0.950980 -7.796760 4.490420 -4.254989 -4.662336 3.065449 4.327266 -5.760813 -7.386857 -5.731087 -2.533537 9.853766 3.110617 -0.554490 7.138013 -9.382568 -2.913158 -7.009352 -4.044379 -7.844491 6.058692
1.153786 -0.057432 -9.154251 2.714178 7.601157 8.452555 8.997947 -4.063669 9.830108 1.271283 -3.684342 7.403365 6.182384 -7.802997 -8.212676 5.009752 1.624535 -0.142700 -1.989826 -8.569166 8.112822 -1.998990 5.627531 2.819497 0.263420 -7.396402 -8.518663 7.904507 -9.754520 -2.296368 -2.525433 -0.987528 1.032248 5.465625 8.368455 6.885114 0.694154 3.792074 -3.057485 -5.273225 -7.589964 4.378788 5.364661 -5.015109 4.475125 4.188098 -8.141091 -3.302705 1.631903 -2.072611 9.927067 -0.245270 -1.543658 -3.658205 2.949187 0.948026 -4.474509 -2.366299 0.985201 8.708362 -6.552482 7.223922 -6.578703 9.615860 4.943423 5.312259 7.708581 -7.344035 -7.824248 3.825827 -0.231106 -0.777527 6.596477 -3.778492 0.990436 8.284657 3.902548 5.867518 -3.192089 8.855493 -5.093927 -9.360936 -7.574660 7.851849 -1.219381 -8.246442 9.177736 -7.329426 -4.620257 3.631119 2.416962 8.206692 9.729516 -7.938131 8.125166 3.801779 5.619290 0.741306 -0.080071 -1.276661 7.054490 -2.975938 -1.162042 -8.358258 -8.912515 -6.934485 5.847917 0.085163 -0.739375 -1.151795 -2.653618 2.278522 -4.394019 1.714226 -4.461420 -1.352415 1.524548 8.685932 7.771955 7.894617 -7.163072 -3.295347 -7.165112 7.319359 -8.841849 -5.126535 -1.035830 -6.446776 -4.483406 -5.942998 -3.538059 4.188212 2.088602 1.367150 1.436337 -1.316233 -9.294461 5.278651 7.989212 -4.319819 1.628252 -8.312689 6.321165 -6.696769 5.157881 -8.736126 -7.180651 -9.086270 4.997017 -4.624202 9.329091 -7.787020 -5.154075 -6.804564 -2.958018 -2.485783 5.913090 -6.754567 -8.591302 -1.931646 4.411102 -7.818951 -9.928455 5.650941 -5.493185 4.757763 -3.500858 -5.967691 3.372936 5.909434 6.604648 -5.093030 1.615661 -4.984884 -8.204621 -7.211588 -4.114907 8.425098 0.012462 -6.048083 6.081055 9.878268 5.906072 -5.726675 -7.855676 -1.861069 0.987889 9.162995 3.547774 -8.585979 -8.908870 -5.899792 5.089402 7.372197 6.389465 6.872284 -8.015049 6.032114 2.658217 9.784023
-1.763547 6.523001 -3.386384 -0.844930 7.321898 5.368875 -4.041356 4.993838 6.797462 -9.360792 8.033469 -7.360888 1.767373 -2.846509 -9.916022 3.326558 -7.135802 5.533040 5.978745 8.195699 6.299752 -9.362935 3.678151 8.499528 3.451348 3.375298 8.254137 0.028810 -8.363771 -2.546561 1.391942 -8.318427 -6.794199 -6.713644 5.570482 -4.003731 -0.029605 4.692649 1.533841 3.537456 9.117865 3.536423 -9.075940 5.906991 3.263582 4.971337 7.361216 -4.574797 1.777222 -5.032149 -6.895777 -5.320899 -6.669159 2.212847 6.011628 3.551060 -6.260992 -3.910550 -6.559919 0.857081 9.591020 -7.659089 -5.409535 1.992336 0.406530 -6.432128 2.621951 -4.438136 6.650533 -3.212976 -1.076684 -7.627136 -2.175880 -8.163437 -2.608024 -2.056402 -1.919553 6.592451 -1.381849 -4.642234 -7.132247 -0.874751 -4.231345 -9.121682 -1.270924 -0.280355 6.073171 -4.098543 -3.904825 9.515201 -8.874557 9.072637 0.193140 3.852758 9.617323 5.093203 9.908092 1.873306 1.638802 -2.030575 2.683520 -3.294078 3.543839 -0.260539 -6.413219 6.138557 6.108364 -6.075474 2.729594 -9.290894 -5.027196 -6.314557 5.959055 3.434671 5.855864 5.842834 -2.526432 -7.909223 -4.190394 -3.734997 -9.726491 -3.707396 -1.942473 -3.342303 -6.273245 -9.255552 2.453465 -5.839015 3.946905 8.890540 -4.975725 -9.450360 2.501760 2.391287 -3.437835 -1.876227 -1.009513 -8.090784 3.579014 -3.061341 4.642190 -1.679836 -5.574357 2.138959 1.421324 6.934089 4.225426 4.380487 7.992469 9.616631 4.471668 -8.012797 -8.820678 -2.604628 3.237190 5.134252 6.428529 0.146590 -2.823290 5.227265 -8.950648 -4.228927 8.776395 6.185469 -0.939051 9.630056 -6.302194 9.691058 5.719154 7.309213 5.790543 7.900978 -8.131299 7.916010 -7.950774 9.913985 5.953656 8.587879 -0.694847 -1.429152 9.642080 1.651707 0.525807 6.801572 1.618197 1.679441 1.486375 -8.802909 -4.709941 6.165232 -5.372495 -6.012383 9.766698 8.337824 5.572874 -9.438150 7.013735 -1.671572 -0.127537 -1.914156
4.926897 -3.395472 -3.176996 0.134717 3.372693 -9.493945 -9.040552 0.968138 -5.790069 5.164173 9.741444 -5.989539 2.668622 8.417009 7.667178 0.081669 6.591719 -1.918339 -9.288297 -2.854162 -8.002348 0.763878 1.586553 -5.765068 8.254549 3.589827 9.500239 -1.663698 -6.982661 -6.098043 -9.799929 7.196629 4.024689 2.306765 5.122162 -4.850009 7.630898 8.537492 5.029563 -9.672010 0.131224 -8.507583 8.340905 9.673829 3.428139 6.280116 8.099644 7.344611 1.487798 2.959553 2.494190 8.600131 -3.973197 9.105501 -0.935062 -3.181984 -3.270889 0.488622 5.567906 7.048269 5.412073 -6.329777 8.089422 2.892353 4.165290 9.173029 5.408046 -4.887589 5.913920 5.295655 5.045814 -2.576624 -1.468031 1.407623 -5.727221 4.580251 -2.752462 -5.117716 6.779009 0.266137 3.470225 3.936287 0.052147 5.400116 -8.842325 3.568232 -7.843852 9.095988 -7.206254 -0.201288 6.854425 -8.420212 -7.167465 -8.132950 3.297492 5.656013 9.942548 5.716099 -5.846202 6.587812 -3.770545 -6.099102 1.580204 -5.337433 6.488662 7.261479 8.515057 4.646312 3.959693 9.016547 7.766403 8.237192 0.795641 9.622425 -6.836556 7.055230 3.436530 -5.141590 7.461500 6.342725 -6.151849 8.897753 3.746310 3.359224 -7.428337 3.175950 4.561947 4.190283 -9.303597 -4.890732 -1.174624 9.258900 -3.482969 -4.498390 1.468098 -2.926601 3.818147 9.088128 -7.165720 -0.085454 0.876966 -2.711192 -6.204327 -5.097589 -3.805496 -4.640030 4.180935 0.554370 2.183705 -9.102889 -6.619660 1.101337 4.809124 1.634090 7.895798 -3.304029 -0.646533 -9.323163 -4.634475 1.490863 6.635092 -9.312338 -3.892547 -8.938183 -0.069286 -0.449808 -6.442050 -7.666478 -4.184604 5.591913 -9.599524 5.671361 -8.983170 -9.977217 -9.837207 -7.985792 -7.111736 6.973806 -2.641758 -7.603124 -8.412512 -6.329262 -4.126860 -4.350963 2.270056 2.427848 -4.052681 1.996030 -2.274976 8.446766 9.753800 4.775197 4.001484 1.547820 8.589173 -6.994939 8.446287 7.669450 -9.559586 -3.160081
5.005901 8.939733 2.429047 -9.487552 -9.521349 -3.846152 -5.955770 -0.737695 -0.405406 8.748485 -8.742709 4.280027 -0.261820 4.944748 7.200223 9.888786 0.008504 -1.351641 -9.908131 5.149380 2.738179 -4.407574 -8.275432 -3.984195 -5.564666 -9.143290 -8.365621 -1.107221 0.990782 1.397383 1.204120 -1.819300 6.373635 2.151900 -3.826114 7.291941 -4.285868 4.164577 -6.215733 -6.882501 7.623831 -1.025894 -9.675501 9.355588 -7.036722 -1.260218 9.854192 -4.617868 4.783581 -9.858968 -4.145181 -0.582201 -0.192552 -9.430415 2.464387 -2.896351 9.038306 -7.337274 -0.631677 5.837936 8.579778 -1.205310 -5.097632 7.882529 -0.354363 3.079068 8.888909 6.870342 -0.334702 4.254120 -5.306257 6.520726 1.154930 -0.713344 -7.689091 3.568657 -5.246793 -4.508133 -2.106365 9.031881 -7.348239 -6.642839 2.355147 7.054645 7.755543 -8.265016 3.743779 -5.745085 4.529471 8.674078 5.396008 3.081583 5.556325 7.543759 3.830476 2.978813 -7.788068 -3.046607 -5.906622 4.186564 -6.837546 -4.404753 -7.486245 -8.560869 7.145986 -2.921267 1.134260 -8.774393 8.454861 -2.249325 -8.531996 -7.369115 -1.537592 9.871827 5.146413 -8.843250 6.471958 -9.115063 3.514769 1.416125 1.497351 -3.577761 -7.786929 9.971605 -5.504852 4.285448 -0.484560 1.865629 2.286479 0.310774 4.583188 6.541551 -3.124010 -5.904577 2.448520 -6.159586 8.652232 7.639491 5.411900 1.835351 5.274298 2.519323 4.423007 -9.642295 -7.310877 7.205202 -4.142317 -5.740497 -4.128856 6.075369 6.784147 -6.991503 -0.049073 2.304697 -9.970883 8.447938 4.252199 6.432634 5.230838 -1.515971 4.771988 5.764588 8.468643 -8.874150 -1.579166 -5.549286 7.619968 4.015018 9.128298 -5.100194 -1.885772 -5.433045 0.268848 -9.906069 -6.933599 -7.819160 1.057500 -3.361929 4.844639 -0.716743 -5.958388 7.674301 -2.902667 7.531541 0.785539 -9.140698 0.602201 -9.876599 1.920894 -0.007256 -1.992490 9.495928 -2.332433 -9.561793 -7.443181 2.268865 0.094570 6.836909 9.701144 5.436416
6.744039 1.215272 -7.611236 7.674847 0.681565 -7.081030 -0.431694 9.816277 8.004625 -5.175607 -1.713838 -0.170451 -4.421180 -1.029074 -0.531281 8.141334 -9.410502 -4.765078 -6.819078 4.581929 -3.869925 -8.440861 2.650321 -3.595160 -4.692824 -5.590543 -8.363079 -2.954347 -0.599770 -4.550712 8.518051 8.118029 -1.666018 -5.969395 0.555241 -3.353844 4.938472 5.940806 -6.638678 0.314463 9.700429 -9.797515 5.143579 -3.598511 -6.830793 3.925180 -4.534744 -9.214902 -6.319932 -5.541194 2.074253 1.635797 6.322239 -8.150447 8.924681 -1.769299 8.941060 -9.836187 3.772541 -9.320699 -8.710457 -7.432234 1.288248 -3.848261 -8.863819 6.864656 6.989771 -0.617761 -3.211049 5.807255 7.283368 -9.470998 6.097602 0.491904 -2.946794 7.412556 8.297841 -8.461942 -7.234829 6.505607 -2.609172 3.792755 6.550086 7.456855 8.548864 7.140722 2.195813 2.428969 -9.773186 3.297840 -4.229424 -4.193087 5.355700 -5.639200 9.169048 9.099135 3.876478 -0.942556 8.760264 6.880156 -5.784193 -5.833734 0.486989 5.593550 -1.559216 -9.212681 -7.840178 2.360740 -0.142613 -6.559349 6.851836 5.721706 2.097953 -1.096031 3.649367 2.144254 -2.814438 -5.478572 9.787669 6.733027 9.163712 -8.995811 -9.838609 -9.011760 -2.563749 -3.757263 -8.404853 -9.078603 -0.623127 8.278809 4.313854 7.249968 3.247333 8.609792 -0.742640 5.294901 -0.216286 4.930717 8.550409 0.012874 7.021276 4.225452 5.948056 6.393145 -3.976854 3.954324 -6.478323 -8.643792 2.138932 -2.836024 6.410542 1.281545 6.003010 5.181874 -0.750455 -5.072542 -6.276922 -3.085732 6.622966 -7.470489 6.968420 -0.666117 4.636557 6.461051 -6.335889 -8.824086 0.637023 4.917462 -3.340900 0.368266 -0.471639 -0.861113 -4.467528 2.051357 6.518039 -0.455593 6.258426 -2.400018 9.735944 0.559845 -8.264108 3.124459 9.671051 5.421190 7.230404 4.310431 4.722560 4.246184 3.348879 0.661301 -9.145321 5.843091 -7.036378 -5.650123 4.759230 6.538479 3.846445 -1.676842 -1.135345 -0.086401
-6.748991 -4.861232 -4.998840 -1.892080 6.445260 -4.028481 7.287086 -7.662214 -5.762832 -7.361545 -0.955426 9.077934 -7.892138 -4.182897 -6.857089 2.101841 6.290306 -6.995511 -0.262098 6.797214 -1.828744 1.072730 2.351432 3.752891 8.436150 4.574667 4.629295 -4.555784 -0.329493 5.148103 6.754678 -3.903155 6.098462 -4.690850 9.589691 3.131325 -5.413670 -0.409964 2.638844 -1.614901 -7.950131 -2.941358 9.053743 -4.518095 -4.248852 3.829114 -4.921735 6.873580 -9.510456 -1.636282 0.598840 -5.516094 -8.845486 -5.674927 -1.144712 -1.204334 -4.969161 7.809428 -5.029894 9.062676 -8.532248 -2.947161 8.816933 4.655701 6.944974 -1.762093 8.539492 5.730240 -2.084368 4.480528 -1.182935 2.990847 -9.291962 -6.736167 -2.533680 -9.530655 -5.814618 1.537423 -1.577671 3.706090 7.235160 -2.770329 2.912687 0.427283 9.452447 8.555839 8.730587 -5.360748 4.052804 -5.890231 -5.316310 6.974039 -4.088743 9.122804 1.160852 2.257472 8.908985 -1.782987 -1.366866 -1.618404 5.346692 2.763604 -4.915824 0.191675 -8.476723 2.768212 5.061651 -7.400189 5.202270 -5.869621 0.015227 2.007092 -1.856220 -7.124961 -5.855361 -8.768224 -3.831985 -9.757071 -5.806892 -9.387657 -9.982879 -7.370599 -5.172847 7.905513 9.457559 -1.486020 -4.873726 -5.922224 -9.050364 0.857577 5.374507 -3.928369 6.646373 5.160154 8.233592 6.607904 0.117579 -4.201554 6.054313 -1.539044 2.724961 5.362707 -0.176126 4.504765 1.907729 -6.410297 1.947933 -9.854834 2.287936 -6.889981 1.151753 4.435279 9.013599 2.918436 6.290106 1.698769 6.524723 0.910281 -5.173226 -4.593443 2.732511 9.461593 -5.873316 -7.175622 4.380600 -4.247448 8.605187 -8.505500 1.685029 -3.988653 -1.316508 -5.985914 -3.437866 5.240586 1.193489 5.180646 4.607591 4.388393 4.300268 5.688092 2.751025 -2.040991 3.841763 0.849994 9.215657 -9.872925 8.436207 -7.915542 -5.452025 -0.745161 4.323975 -4.138827 2.062038 0.939844 -4.141385 -7.414886 9.273688 -4.989751 -3.683744 8.066477
0.611218 1.367377 -9.865000 -3.332045 -0.320123 -6.150433 -3.801934 9.817093 -5.513259 -1.294969 -3.730096 9.556507 1.266994 2.877494 -0.119542 -6.676483 0.855578 8.912562 4.782444 -8.272916 -5.861821 7.651927 9.284095 -5.483581 0.012139 6.193766 -3.558429 6.050518 -2.489980 2.880858 -1.266975 -2.734439 2.476146 8.805683 -8.590008 -6.249282 -2.558562 8.669300 -7.495470 -1.651415 2.140863 3.047675 -9.619609 -4.590259 -3.253371 1.098417 3.811080 5.821409 -8.779331 -6.711891 -8.205528 7.734662 -3.941646 -1.733766 -3.353660 8.421369 -0.011705 5.358540 6.444736 -9.922787 -2.352268 9.010157 3.625009 -5.862320 8.143708 8.260864 -0.978163 -4.720893 0.025873 7.451421 -9.115135 -6.626753 5.805890 2.572201 -6.942405 9.351148 0.356855 -6.209516 -4.994651 -3.809819 5.796512 -4.478193 5.860101 2.103032 5.768050 -4.080117 -1.431614 3.983847 -2.086896 -2.183482 -3.020987 7.155025 -3.034190 5.248554 -6.911344 2.860978 -4.081560 -9.883721 -1.107866 0.144864 -9.662527 -1.422327 5.083691 -4.813234 -1.385085 6.274558 4.784515 3.177692 -5.057407 6.404558 2.390407 -6.383363 0.937430 -4.233718 9.852341 -7.657810 4.647677 9.749610 -7.619322 2.072511 -7.036252 2.403850 -8.384146 -7.997687 -1.738220 3.365597 -3.440647 -1.255790 2.789048 2.729889 -8.459419 -2.588189 -6.733695 -9.402404 1.813216 -1.449039 -3.650394 2.003728 7.048906 1.719639 -9.595167 4.236313 4.572335 4.714082 -5.623142 4.162426 9.941108 0.146746 4.837347 9.392826 8.460943 7.472621 6.486788 4.985777 -8.165781 9.535202 -4.293817 2.128285 -3.450892 1.625512 4.846505 6.668816 0.604971 0.003646 -5.912245 5.164130 7.279575 -5.203027 -3.900407 8.828397 5.679725 -4.961171 -0.887953 5.292116 2.787131 3.357945 -7.677329 -6.595864 3.716433 -3.677346 3.479124 -0.332540 -4.104952 -1.983749 0.931423 -6.517606 4.739928 -2.775235 4.504608 -9.840163 -5.036102 5.182472 1.849745 -9.092639 7.947580 -9.748754 -8.878478 6.681978 -3.524162 0.595220
-6.572265 -4.329211 -8.003462 0.406594 6.031855 -3.089879 -8.397431 -6.134881 3.562792 9.337914 0.611344 7.092993 8.325143 -5.968325 8.211556 -6.450310 -6.511088 -0.274451 -6.084945 7.168223 9.622109 5.135196 -2.474236 4.984809 -6.129530 -5.327477 2.526583 8.844834 9.513064 0.248698 -9.782892 -2.832880 -2.257248 -5.776272 -2.299930 -9.700536 -1.293625 -0.181836 -4.169510 8.188126 7.071645 -1.581388 3.288839 -0.449777 -1.982735 0.889876 -5.627274 -4.543452 -5.277528 -4.740351 2.226877 9.884788 6.874215 2.609085 -1.508950 0.991011 6.050023 3.586581 6.130122 -4.504489 -5.627824 -2.896538 -6.828893 3.239255 -8.938272 2.767611 4.685929 -8.717674 2.022814 -4.427032 7.682933 5.353935 9.173478 -9.498250 -7.406703 4.368417 6.228226 -6.544503 -8.244469 2.166793 6.851290 -7.875974 -0.337911 8.276720 9.056114 -1.223325 3.854507 9.338660 -3.704222 -5.951658 2.221759 -3.396760 5.205679 -0.840965 1.154522 -8.808043 6.606970 6.702510 -1.677894 -8.053202 7.815825 -9.699686 -9.806288 -2.052541 8.682285 5.879515 9.328582 6.471175 -5.042972 -6.887657 8.876542 5.757276 -1.968894 9.709703 7.507102 -2.569039 3.787410 3.701224 0.368526 7.411114 -9.759366 -4.070715 6.287063 -7.630121 2.893061 -9.846166 -2.140135 1.236422 9.964705 2.986438 -5.306152 7.963273 -8.581689 2.007430 -4.650069 7.133464 0.867926 4.071391 -4.796220 -0.690433 0.578505 -7.404622 3.551917 5.455913 -5.697399 -4.852864 0.426525 -6.092650 6.578664 5.904856 8.233816 -5.336015 7.798585 7.970413 -2.563709 -1.505968 -4.448387 3.202511 -8.271391 5.760635 9.364061 -8.628364 7.253998 -8.346726 2.558791 -8.068695 3.738783 -7.855165 4.608737 2.533684 -6.921084 9.836912 -4.320619 3.325808 -5.886791 0.339410 -3.749467 3.090729 3.220237 7.528626 -9.355501 -4.494839 6.837403 8.420623 8.674912 -6.978657 -9.082740 0.944033 -0.958246 -4.089994 5.330983 -0.114756 8.624861 9.898021 -3.473753 -1.188195 9.307799 5.663172 4.478393 -3.900024
6.440223 9.040432 5.238384 9.468786 4.973988 6.696031 0.443538 0.890766 -2.160169 -8.814358 1.111518 -7.628368 0.945167 -1.202515 4.112032 -8.299306 -7.938331 -8.967613 -2.674543 -4.780105 2.846946 -7.390386 -9.421243 -2.681967 2.845983 -7.699292 2.910366 -1.264987 9.605330 7.890610 -2.802375 7.072905 4.708208 -1.597189 2.066719 -5.207089 -9.892478 -4.023491 -3.723697 9.651675 8.562179 -4.543523 7.879179 -3.511394 8.377393 -6.315760 -0.578996 3.562797 -1.496539 -4.213138 3.823268 -5.872721 8.071628 -4.681979 -0.476465 7.131103 7.265594 -0.684008 7.365019 2.430813 9.392179 3.654723 -9.173884 5.849122 -2.967344 4.460285 -9.205411 1.755682 6.545698 0.787455 -2.390622 -0.018253 8.945449 -8.121249 0.588715 6.439741 -8.099053 -3.377476 -4.115843 8.549483 6.134147 2.450725 -6.112496 5.547335 2.778760 -0.581178 -4.103601 -0.269040 -8.832872 -7.431714 4.402419 -1.600673 4.426059 -9.295013 7.915879 2.546102 -3.660004 3.226325 -8.773767 7.770701 1.034760 5.672863 -8.243780 4.568859 6.931159 -8.181678 6.427819 1.079772 -0.852694 5.953752 5.419404 3.757191 6.061765 0.547725 2.757345 -7.634869 -1.740510 2.262021 -3.308133 -9.796775 -6.950997 -6.997191 1.514844 -9.562284 4.603637 -4.077971 4.613336 -1.700105 4.950118 -7.364021 6.206824 -1.307575 5.108335 3.780985 2.142739 3.371259 3.394965 0.244646 -3.437107 -3.996346 6.655385 -7.456499 -5.352954 -9.855211 -4.468212 -9.154726 1.314794 3.359090 -3.202304 7.151802 -9.062192 2.795191 1.490844 -5.957361 -3.582902 -5.696072 2.035071 0.475876 9.959161 -2.193679 -3.678274 -7.315724 1.447373 -4.563636 -7.247115 -3.029931 4.827236 5.235901 7.562129 -7.685580 3.235410 6.617572 -6.087167 -4.332880 4.139492 3.309879 -4.010949 5.454890 0.551416 -3.856793 -9.985675 -5.375521 -4.734072 -0.369892 9.748938 2.073647 2.788552 8.870381 4.754666 2.132768 -6.857313 -3.087239 8.041241 3.055392 1.145020 7.843953 7.000901 7.030487 -0.706994 -1.065307
5.122425 4.867797 5.516929 -3.204777 -7.877496 -0.192995 3.223364 -4.990615 4.313795 1.532740 3.931395 -4.918979 8.854579 8.884402 -1.920952 6.775754 -0.968844 5.310025 -9.092523 8.299229 6.651128 3.958389 2.896409 7.639064 7.630972 7.727679 -8.803248 -4.272783 0.257185 6.719845 -5.103293 -4.115228 0.528245 -8.891137 6.379893 -8.111040 3.426913 6.557839 3.866102 -9.949247 5.471965 2.112509 -6.978736 -2.628681 -6.578179 8.998392 9.843182 -5.141729 2.329471 6.991086 9.395993 2.295781 5.153314 -7.556149 -2.722844 2.638502 -2.313050 -4.543237 3.946669 3.166603 8.057288 9.876192 6.045603 -5.029822 -9.603600 -1.084623 6.628338 -4.210827 9.353147 -3.456564 -6.661000 4.442343 6.847534 -7.563181 -9.388420 5.511876 -0.155324 -0.331471 -0.131281 -6.790821 3.275533 3.325000 -3.194574 1.166988 -6.958792 -2.911730 -0.104998 8.714864 -3.761764 2.209491 -8.572266 6.976120 2.943505 -6.558065 -1.989762 -3.345442 8.007471 -1.568155 -6.791683 -8.958873 8.640388 -6.680801 -5.633501 7.864970 -3.210739 -0.091130 -8.125978 -9.964110 0.218988 -0.823466 -6.307166 0.118106 -5.236780 2.745394 -2.673318 5.072930 -2.720156 0.950536 8.891356 3.196909 4.512549 9.607988 4.669630 -7.359693 7.245720 6.426618 -4.371615 4.515268 -7.447068 -2.855709 7.121681 -8.759056 -7.709183 0.296793 -9.274072 -0.942296 -3.563224 -7.589435 6.996589 -0.676916 -4.748811 -7.656330 -4.531548 -9.455870 8.502132 5.081142 1.182187 2.269626 3.970773 7.478783 -8.945660 1.921225 -4.458434 -3.886687 6.641845 -7.730410 -1.482440 -0.430346 -9.548817 5.452313 5.296447 4.677879 4.632603 8.898894 6.766766 -1.077763 -8.715661 7.951464 -8.371407 -4.483908 -1.953324 -8.924162 -1.354668 -9.537197 3.746980 2.543628 5.244914 -3.960099 -6.955398 -3.875782 4.504072 8.590589 -7.002002 2.421724 -2.120000 6.340097 -9.360084 -4.828571 -4.276527 -4.692687 -3.289758 2.606160 1.695329 2.231199 8.387665 6.085681 -0.732072 0.550289 -4.589361 -9.629609
7.913320 5.770451 -4.521421 1.041447 0.895645 -9.269347 7.087645 0.679190 4.135834 2.209220 2.935052 -0.384810 -6.386592 -3.551759 4.229148 7.314245 -4.865024 -1.744444 7.950315 3.269755 3.245183 5.259272 1.998769 4.467701 1.293308 -3.291377 7.306296 -4.931852 5.415730 -9.936319 5.256321 -7.785682 -3.641128 1.182026 5.389011 9.898013 6.868776 7.067825 -7.555517 -8.600961 -7.794116 9.236817 -3.410402 -6.845857 -3.566048 -6.899408 -6.224106 -8.215742 -6.285151 6.839183 3.304445 8.656158 -6.653502 -4.084759 0.592355 -0.506130 2.733637 5.166582 8.879124 4.858091 4.493863 0.186229 -4.367638 6.302054 -7.106135 0.566965 1.665645 -9.741043 -8.437949 1.609351 4.917342 3.000365 2.503750 -2.952698 4.575247 -9.586387 -6.766187 -0.641880 6.876699 0.810890 6.693220 1.009334 0.423726 -1.256214 -4.070508 7.386004 -0.750129 4.695160 4.870582 2.539177 -0.720848 4.834997 7.395906 -9.604860 -6.004471 -8.799927 -7.234248 -5.379943 4.018837 8.590092 -9.571988 -5.036270 -5.616996 -3.129101 -6.038632 6.943446 -4.361170 -1.361715 8.612525 5.559839 -0.362716 -4.419589 5.083645 5.801400 6.549782 -6.141499 -2.206533 -3.251655 -9.601504 -4.732200 -1.726457 -7.187934 -7.017849 6.709079 -6.550483 -7.011438 -3.724438 9.312984 7.192478 -4.669643 7.502242 4.495835 -7.553924 -7.418860 7.976503 0.312127 -5.312569 9.868259 6.902581 6.550686 -6.905387 5.890610 0.954678 -7.190580 -5.575695 6.998716 1.822898 2.039271 -8.861159 -6.093421 -0.721233 -8.594826 -2.938156 -5.721066 -4.763379 -9.646908 9.556484 1.627794 4.788449 7.389978 6.286554 -2.811117 -3.599713 -7.793356 6.375342 -7.421600 -4.894073 -6.110101 7.234957 9.701497 -0.041159 -6.171384 8.180385 3.889368 0.092693 6.064271 8.311462 -3.374999 3.145952 0.760529 -7.854852 8.260079 1.384903 -4.814116 0.827511 -4.987855 0.579643 -5.746726 -0.065402 -3.937784 1.273931 -5.767814 -3.888195 4.478478 -9.535439 -3.845749 8.949926 5.907252 9.483641 -2.022953
-8.225951 9.188709 -8.431958 -9.390763 -4.621177 -6.904321 -4.745521 -5.070380 -1.204732 -2.829750 6.111532 -5.985824 -2.747907 0.392226 -2.705658 1.167200 -6.994559 -2.284215 -6.209328 2.117063 8.824685 -8.147607 -1.481790 -1.319436 3.673110 4.170968 -6.052654 -8.733274 8.739664 6.120918 -4.605324 -3.807904 4.881440 -6.279619 5.633801 -3.807096 4.853396 -0.043043 8.910067 -9.610195 -0.080667 -7.971373 -7.578778 4.657081 -2.087548 -2.776366 7.531777 -5.788246 2.093657 0.302200 -3.160595 -7.432788 4.705148 -6.706706 -6.362953 3.445484 -6.300000 9.872126 -0.532874 2.823775 -0.350622 3.156799 -5.921835 -4.955636 8.407658 -9.252391 -1.869992 -2.149824 3.021254 -0.449910 3.343857 -5.218548 -7.840854 0.069112 2.313337 -2.447181 -6.923361 -5.167055 1.696286 -2.233914 7.987985 2.163074 7.773256 0.883943 -2.604349 -3.589483 1.185503 -9.687898 3.430704 3.328336 6.524611 -4.240058 -9.648162 3.699002 7.570639 -0.993713 -7.887966 6.611832 2.246086 -8.317748 -3.140207 -0.559198 -1.297035 -6.966374 9.810007 -1.250823 8.702681 -8.824576 9.287144 -1.410336 -8.011589 8.806427 -6.292280 -1.204582 -4.136120 -4.116737 0.431557 -1.205882 1.435564 0.474334 -2.454883 9.037850 -3.418427 -7.591511 6.124458 -4.146979 -7.152045 9.185613 -5.358148 -5.691060 9.845475 2.568594 -9.186793 -8.934314 -6.600533 -1.738385 9.744647 9.895721 -6.789504 -4.801538 -8.023792 -4.877692 -9.472355 1.668296 -3.165703 7.426326 1.190233 -0.965807 5.357561 -5.592086 3.154616 -9.589534 -3.114373 -7.701905 -9.706601 8.868623 -6.093072 5.354644 -0.335632 -3.278455 2.639123 7.161025 -3.912946 8.485932 -0.279582 6.669510 6.697175 -9.923908 -2.811812 4.820724 8.307979 6.088413 3.503001 3.085822 7.987928 9.869525 2.357572 -7.224088 -6.939866 5.184522 -3.801351 5.997829 -9.088297 -1.856764 8.278602 8.892205 8.977816 7.563386 0.676958 3.989378 4.317996 -4.820870 -1.264034 4.918400 -0.071119 3.824668 5.649339 2.945428 -6.353022 1.830374
0.512260 -0.567567 8.398107 6.500033 -1.274633 6.599241 -5.154853 1.648745 0.643115 -7.037087 -7.325352 7.536799 2.969078 6.874108 5.657036 6.001174 -5.262514 -8.212785 4.542289 -4.794152 8.544251 -9.557387 -4.666660 -1.467976 -0.573445 -7.987839 8.579080 0.986504 0.080487 -3.300580 8.940009 -7.245554 3.448874 -5.601207 8.170502 4.560016 7.313563 -5.543393 -5.587889 -9.682161 -9.173903 -7.774062 5.726430 8.855911 4.662099 -2.250367 5.752970 -8.267808 0.709556 4.060328 -2.245542 5.773849 -5.344418 1.935160 -2.055356 -2.961815 -7.823094 -5.682466 -3.886523 9.313222 -4.509574 -2.847443 3.264559 -8.173438 -0.315971 -8.774724 1.431260 4.954425 3.051958 7.099974 1.326797 -3.325474 2.611635 0.175712 -5.816763 5.302567 2.344644 1.497217 7.369513 -7.974205 -4.273648 -6.923426 -9.866090 4.906241 -7.191691 1.269088 6.266222 0.259361 5.669052 -3.490087 3.129661 -6.895641 -2.943883 -9.756878 2.222418 6.407089 -1.100666 -3.520174 -8.632559 -0.630485 7.674261 0.162943 -0.224083 -6.452855 -1.636009 -3.731915 -0.519224 6.132677 0.990091 -4.402718 3.827276 -6.874971 -0.576181 -1.833172 -0.074928 -5.652613 -2.831083 2.374098 5.365519 3.066065 -2.276377 -4.610430 6.710385 -0.709516 -7.877104 8.095285 9.000136 -6.328981 8.944461 -5.989204 -1.175951 6.368725 8.418596 -6.112909 -2.595522 9.303438 9.707402 8.761386 -6.224598 -2.609400 -4.786108 -8.779505 6.109947 -8.352867 -8.801942 3.646426 -5.205757 6.784840 1.209370 4.571263 5.979972 -9.880375 -6.658350 1.726460 -0.253124 -6.068863 6.445724 -7.636599 -7.975557 -9.088925 7.295763 -5.785725 -5.783598 1.567171 6.333995 -4.317494 4.193791 9.347127 4.101435 1.821202 -5.263362 -0.809900 8.186958 4.507862 4.754360 9.051091 -8.517293 -6.724928 -0.283377 0.333367 3.533318 -6.465245 -3.306165 1.613180 -3.824866 2.002724 -3.431079 -5.808235 -2.371122 3.114038 7.527746 8.272116 9.235604 -4.675086 1.716744 -5.916038 1.158205 8.429646 -2.301464 -1.280992
5.055228 3.134125 -9.970358 -9.930922 2.799158 -2.955685 -8.033839 8.892139 3.904173 9.903457 -0.932778 -6.089696 -7.277873 8.097770 8.418362 -0.044741 7.043370 -1.194476 -9.755845 -6.133474 -4.472278 6.634276 2.005540 3.707214 6.454370 8.557091 8.309684 -0.566550 -8.560209 5.883949 4.038155 -4.675795 8.982302 0.354091 -5.180534 -6.609825 -6.769486 -9.028317 -2.161419 2.497516 -8.179213 8.609407 4.961376 4.819520 -7.950775 3.148661 0.627771 1.379509 8.106471 -5.157462 -3.612469 3.391044 9.434498 1.601370 -5.035005 -9.359072 2.107854 -0.033024 3.595585 2.480762 7.624351 -6.770133 5.837414 3.250537 2.795590 -7.952833 -6.671223 -1.129222 -3.705384 -2.342576 -2.936078 -4.430432 9.760486 3.920702 4.445089 4.623989 -7.298048 -4.143523 -4.490364 -6.908926 -5.348769 -2.331155 7.345728 8.362404 -1.797353 6.965202 -2.937907 -8.734778 -9.854503 6.269429 -4.287363 -8.501799 -4.533001 -6.585609 -2.540054 5.779646 1.608377 9.812668 6.359245 -2.463139 -0.836373 4.673522 -0.502982 4.136184 -2.715935 3.414958 -0.284608 -4.376245 -3.661309 2.329196 -2.069488 1.633545 6.250792 1.033723 -9.832099 -9.357667 -0.282638 -0.897652 -6.765814 0.940155 -8.949308 8.982803 -9.353017 -7.816783 -6.112819 -8.045775 3.308140 -2.387816 7.138883 0.017166 2.895152 -3.611010 -8.507981 -7.604048 -5.148442 -7.605370 -2.746279 3.323193 -2.470566 0.103429 -8.025229 6.241734 7.019375 4.985359 -3.580721 -7.976632 -1.357396 -5.479574 -1.574873 8.689934 3.370000 2.704514 3.176517 8.056909 -9.942532 1.191537 4.976371 -3.770097 0.264432 -7.589155 -2.996915 -5.534138 5.996871 -9.784990 -7.559523 0.466626 -5.575717 -8.707097 8.840092 2.174847 0.555335 -3.011436 -0.807984 -1.568544 5.515251 -4.899323 4.329777 -3.835818 8.819687 2.923425 8.478226 9.704904 -2.026348 0.429748 4.303098 -8.207173 -4.973038 1.606569 9.849112 5.667721 -2.385510 -8.341939 3.350206 8.477459 -1.813307 8.049582 3.164166 1.038833 -8.159479 -4.346978
7.629746 9.344406 7.345537 -6.088697 9.478477 8.318102 2.748562 -8.504279 -3.735728 2.468634 -4.943579 -3.543828 -4.854245 9.720967 -5.872715 -1.149971 -5.020937 6.588404 -2.612705 3.220122 -4.839309 -7.579989 -0.793911 0.461879 -5.225830 7.037394 -4.956318 2.681707 -6.875338 -6.429732 -5.249990 -4.735754 -2.652129 -1.923940 4.674596 5.908831 -5.056752 -7.500327 -5.490450 7.690266 3.203432 -8.610944 -9.737884 -8.551273 -1.395542 -8.213039 -0.500911 -1.298091 0.931235 -5.345748 4.142267 5.984767 9.169711 0.994787 -4.556712 -8.314030 -1.145673 7.491407 -4.308185 -1.680789 -3.634864 7.780066 -9.642807 -9.737760 -5.431715 8.310762 -1.917910 -5.447102 2.513070 -4.085061 4.974226 -4.960663 -0.486549 5.523076 3.942460 6.966313 -0.873560 5.319801 -1.997082 8.202660 4.063718 -6.919357 -2.432367 6.599906 -6.376470 -5.000567 -8.963440 -8.143755 -3.782266 2.997912 7.336451 2.074671 0.132339 -9.798545 -8.091137 -1.993901 -6.149961 9.208124 5.044315 -1.148696 0.377395 -1.955538 4.803786 6.664784 -0.363170 -8.054814 5.387280 4.934626 -5.952776 4.274616 5.830926 8.744478 0.421225 3.017060 -4.266669 5.475347 -2.638649 -1.412455 4.039550 7.357878 8.109917 7.812704 9.840833 -8.794353 0.727190 1.195158 -2.900701 -0.999188 2.045734 -6.891274 1.715811 3.627039 -1.117512 2.381325 -2.725417 7.122714 -3.964274 -5.178035 -0.905850 1.770498 4.622263 -3.601259 -5.985099 -6.435649 3.921421 8.214098 2.861235 -3.403625 4.226555 7.530419 -5.113068 -0.406402 -3.433406 -1.327096 -6.803006 -5.880055 0.229876 -2.722803 -2.396296 -9.085972 8.946732 -0.584178 -1.756168 -0.394205 4.887415 -5.148833 8.614820 -1.821483 -6.743474 2.864468 -5.320445 -3.910196 8.851917 9.382668 1.961052 -4.911930 7.871836 -6.786881 4.882510 -1.900254 5.342321 -6.691662 -1.214426 9.263356 -1.474620 -3.770486 -8.756183 -4.016394 -8.083032 -5.533938 6.662494 9.072421 1.991470 8.831604 8.686532 -5.407664 2.432614 -4.015596 -4.873372 3.329260
-2.784358 9.635942 -5.570505 9.888888 1.223919 -1.614463 3.757499 -4.568022 8.314576 -7.961893 -1.600649 -9.129374 -4.441094 9.269681 -2.385899 -0.755101 7.501452 -7.066239 -4.183170 -3.383647 3.218008 -7.726604 -4.251782 7.955000 2.631165 0.132781 -7.273542 4.531447 -8.379036 -7.478637 3.451878 -5.303068 0.595300 -3.025948 7.506171 -6.233969 -4.487575 8.459069 3.650384 8.407981 1.124714 6.749697 5.226136 -0.339103 5.330182 5.486406 9.768092 8.134997 1.546581 3.759856 4.821499 -6.170993 7.726441 7.035209 -8.583006 -6.060955 9.253807 -5.060794 5.810732 -4.375134 4.919083 6.947360 4.286837 5.909674 1.777852 -8.256922 3.896080 -3.749377 -5.184909 -8.903137 5.748463 -0.882243 2.446447 7.692977 1.831125 -9.392772 -7.176188 -7.703672 -2.715779 9.333515 -7.780486 8.417230 -1.565637 -7.159477 -1.443882 -8.508381 -0.855820 2.059952 0.114704 9.069421 -7.388719 4.785952 9.139685 6.776810 2.607304 1.116698 8.571781 -9.986693 -8.949142 -1.715590 2.808635 -1.696209 -4.876068 9.109864 -1.010786 3.709682 5.591366 0.172541 -0.518642 5.912527 -5.775512 5.667642 -3.623036 4.980305 7.452919 -5.052535 -8.962987 -4.447576 1.617046 -4.044413 4.523866 3.642999 6.858159 -3.642781 5.535365 2.008397 -1.454255 8.800725 -2.015059 1.746051 2.079166 4.074097 5.742342 9.143095 3.715826 -6.578810 -1.881047 8.717531 -2.541125 -4.966974 -8.912979 8.684358 -0.283583 -0.078043 6.154095 -1.007679 -1.338843 -8.521134 1.724028 -9.738177 5.618455 -3.433313 6.848353 -2.277432 2.750624 9.736293 3.340791 2.481533 -0.342528 2.619584 8.233937 -6.862300 3.498411 -2.691362 -4.970142 3.550896 -8.977897 4.512517 2.856866 -1.421149 6.892456 2.005796 -9.784164 -8.441744 3.022106 -8.544285 -8.696357 -6.207163 -5.780501 -0.351813 4.456301 0.628731 -0.173728 -2.948602 -0.063344 9.441742 2.833304 -5.099637 -7.110803 -3.793111 -4.632881 5.876059 4.144983 2.591205 -4.468429 8.699452 0.782263 0.255677 -8.743931 -7.192697
6.096428 -9.375745 -8.354624 8.982029 3.067468 1.752168 -2.939533 2.319443 -6.003271 3.490513 1.787126 4.050093 7.945318 -9.722407 6.851391 0.325447 -8.392915 3.397979 -1.307069 4.820997 -5.564008 0.389767 -3.762001 5.752658 -6.235088 -5.611606 1.884039 4.671201 -5.032343 8.210409 0.594032 0.402933 -0.380383 1.670259 0.695534 4.392560 5.181097 -9.489222 -8.446025 -7.942108 0.427628 -8.391496 1.390424 3.173097 7.728039 -7.638494 3.109663 8.338902 3.391182 -9.079099 -9.027120 3.760350 -9.494061 9.208294 3.411840 8.240042 6.770146 -1.769050 -0.752310 -0.835826 -0.922239 -1.980180 6.873859 5.108642 -4.075827 3.971352 9.018617 5.027029 -6.046929 7.591743 5.872028 9.044625 -0.739069 8.499799 3.530777 2.889605 1.339962 8.084817 -2.036594 -0.895622 0.293764 6.598068 7.963780 3.134108 4.198550 4.895335 -2.872061 1.500822 5.694972 4.898964 -3.288255 -8.877553 -8.073185 6.444676 1.779783 2.953256 5.287284 -8.073336 -4.348868 4.916430 0.466283 6.204020 -6.905160 -0.488097 -5.914120 -6.913155 9.410930 9.203037 8.008711 -8.889485 -5.201678 1.484293 1.570322 0.865941 -9.221748 -6.233699 -0.632845 -1.061536 -1.745972 -2.889399 2.700195 -4.534886 5.520632 1.705417 -7.780301 -8.324266 -2.932941 -0.928674 7.489979 1.576062 5.595551 5.198154 4.311110 -0.946412 5.723885 -3.357807 9.416323 -8.370739 -5.116510 -7.289309 -7.915500 5.984971 -9.240597 -5.122310 -7.543014 -3.497071 -2.708054 5.500993 5.833153 -1.656521 5.246818 -4.166908 -0.453417 -8.728548 -5.963344 9.264064 -0.583854 3.054946 5.760724 9.416407 5.487165 -8.921696 4.387439 -0.599432 -4.132219 -4.860765 1.441061 -6.202290 -3.654677 -6.510772 -0.107804 -6.847054 7.065810 1.580725 -3.203605 -7.049983 6.981172 9.585196 -3.514047 5.281485 -8.035115 9.534222 4.063346 5.764753 7.078799 -8.917100 9.696251 -6.552465 4.216686 2.213750 -0.092836 8.672306 -6.556745 8.819178 -7.555257 -0.352290 -7.137761 -5.088325 6.019106 8.853864
1.936975 7.373677 3.785931 -7.508747 2.084330 8.281488 4.047473 -3.810572 -1.019303 0.025055 9.915059 -1.026757 7.968757 -4.776956 -1.469614 -3.345204 0.566010 -4.948306 -7.062074 -6.967499 -9.589711 9.657583 3.395534 -5.943151 -6.905114 -7.506301 -2.306405 3.162537 1.021966 4.747596 6.966179 4.783408 -7.667337 0.304632 9.063227 -1.409590 5.313500 3.567366 -5.732101 -1.496199 0.019926 -8.112267 -7.329046 -6.029898 -2.845239 -9.402137 -6.040554 -0.414017 -4.453792 5.098971 -4.125855 -9.469316 8.920754 -7.170695 6.192081 -6.496309 7.958800 6.091661 2.650079 -8.608761 4.183096 -5.640751 8.352615 -5.276252 5.186450 -4.326967 7.775800 -8.336209 4.324100 5.834840 5.523108 -6.179316 5.999316 -0.220933 -6.601738 -6.595285 0.526433 7.458170 7.717823 -1.149773 -8.999723 -5.360585 -4.178237 -7.261640 5.095191 -6.047488 -6.880812 5.720664 8.972572 5.615328 -1.393063 -6.028072 -1.440531 -8.600188 -6.406066 -9.144103 -2.028900 -0.257727 -0.991819 9.466690 -8.233357 -5.704967 4.713409 -7.170857 7.382726 -5.113583 2.737576 9.797250 -9.501451 5.663700 -3.444193 5.183738 -2.187398 -2.204202 -1.479873 -1.306503 3.465309 -0.712771 7.555521 1.410387 -7.212137 6.230362 4.483603 -9.439133 -1.064291 -7.949005 -6.452219 6.922567 -2.673932 4.415087 -6.505362 2.948844 6.916065 -3.208034 2.363649 -5.964015 4.424973 7.896388 3.174550 -0.418631 7.355250 -0.658546 -9.387928 -9.149811 -9.944799 -1.161163 7.443190 -6.262374 5.290278 8.356838 -1.544848 -0.971584 7.428243 -0.567546 -7.235287 -4.593706 -5.129598 -7.247180 1.952631 -5.827050 -5.055703 5.440041 -0.806544 6.089076 4.060022 -5.151145 3.179056 4.309691 -6.567758 3.954507 -3.538844 4.294592 -2.669174 -7.198031 7.692623 -5.648142 -7.796659 -1.580961 2.186570 -9.162302 8.159214 2.197823 8.759285 2.736304 -7.379917 -2.452126 -4.452104 3.987371 1.428149 -7.598375 -0.593779 -9.395246 0.774631 -8.464737 0.990824 -8.601950 6.903529 6.110274 1.536354 1.268062
-2.628890 -6.903769 0.744854 -4.781975 6.036965 -2.101025 -0.982016 -1.836338 5.115983 -7.523468 8.389720 7.389339 -4.455603 9.311148 1.309931 -3.275237 -5.425730 -8.888393 7.271181 9.880353 -1.409109 2.207091 5.997764 -9.706507 -0.611769 6.634479 -1.378925 4.602648 0.779155 4.770697 -8.905890 7.245099 -0.243302 7.113090 -1.339354 6.016636 -4.969171 0.887640 2.000438 9.030580 -7.174039 4.357610 9.306722 -0.720007 2.253212 -6.635783 0.471862 2.997267 -8.455782 6.954400 0.834190 -5.425143 6.809363 -8.228683 -9.473183 8.228506 4.717665 -0.502202 0.210086 -8.871725 6.493005 4.974226 3.353937 -7.963516 -4.354405 6.507229 5.280564 9.459659 -9.077722 7.737763 7.806014 5.599788 -7.171388 7.964752 -2.763597 -5.837607 -4.998987 -3.296364 2.327279 -3.617069 2.106782 -3.051991 9.877982 5.618170 5.606525 5.705222 -8.241971 -7.418072 -5.915677 0.344614 4.399988 -9.649276 -5.790259 -5.942724 -5.193807 -1.493077 9.452000 -3.102574 -0.295182 -6.516596 -7.714619 -4.526653 -7.093095 8.036933 9.169164 -0.116026 -9.786139 -2.106611 5.409286 9.300004 6.507150 0.938055 6.859979 9.767223 5.723756 6.484799 7.862506 -0.738123 -2.634890 4.539754 -8.162359 1.171941 -4.295015 7.091692 3.072481 3.425133 3.907313 6.713296 -5.805882 -3.598653 6.205513 -6.097139 2.041610 3.603977 -9.475862 -9.587119 -6.831393 2.631013 1.592861 -8.641433 -7.124706 2.061465 0.564020 1.842361 9.827369 -8.370083 1.328235 3.648659 -7.020864 8.374934 -3.062483 3.876692 3.245939 -8.007045 -1.786275 -3.469734 9.037570 -2.480888 -1.217005 8.746980 7.260656 -3.004605 -6.390968 -1.482308 -3.828232 0.072216 9.121186 -6.823212 7.678523 2.352109 5.543186 3.705225 -8.851964 5.378691 -3.191343 8.085408 2.792045 9.424661 -8.473440 -6.805281 -6.759781 4.932001 -5.343790 -5.726107 -4.262524 -5.862530 5.798020 7.642501 -1.285095 4.547869 4.217092 -3.249704 3.784656 6.013710 2.164245 -3.139168 -9.651704 -8.789364 1.185937 6.426844
9.732756 0.876440 -5.788981 9.866208 -8.321883 8.094800 -8.356114 5.464652 -2.755888 1.992092 -3.963542 -2.278247 8.991553 -1.920094 1.360600 6.776906 2.100793 -7.965877 -9.340393 5.027636 8.563166 9.255758 -7.228970 -2.216291 0.698268 2.223808 -0.021261 6.908756 -9.105803 2.887915 -7.979907 2.670436 3.504721 3.327596 -3.961500 -0.375222 0.678726 0.872455 5.549754 -3.941577 6.000082 -0.162822 5.857193 5.499555 -4.878896 0.828660 -5.395036 -7.624652 7.523120 4.068775 -1.908849 8.867764 0.487515 -4.096225 -5.309411 2.900315 5.818282 -8.676164 -9.332617 -9.018867 8.264804 8.503224 7.363995 3.589005 6.534330 -1.913945 0.747911 -3.044127 2.744914 -4.457068 2.170680 3.855995 -1.716951 -9.763441 -0.197838 8.249670 9.657249 4.695288 2.939754 -1.740307 -9.059669 -9.389914 9.584865 -4.211052 -2.114043 -7.190313 -8.238815 3.924196 -9.403622 3.729546 -9.047533 3.540891 -6.995404 2.217139 7.925181 -4.500418 2.237579 -0.493416 -6.202957 5.990927 -1.447591 7.940533 8.866415 1.770741 -4.122444 -3.258892 1.859302 6.775556 -0.995721 -4.882206 -9.053183 -0.433110 -3.811644 8.751989 0.042224 3.858726 -2.884254 -9.238439 6.778993 -8.514790 -5.966294 2.850493 7.017169 9.790393 7.192013 7.201090 3.488310 9.134717 -3.645967 0.972530 8.522503 -9.338437 7.336677 0.954729 8.472400 -5.445031 0.966456 2.447653 5.343274 -1.832140 1.942018 -7.065706 2.056239 8.380352 1.721572 -6.873511 -4.317483 -7.659477 2.935453 1.601177 -8.070115 8.597626 -0.649841 -4.745513 -7.155961 -5.525766 -1.726060 -5.152628 -0.356840 -8.887227 2.161315 9.367785 -3.135382 4.543107 8.416413 -8.620295 -9.600567 2.912666 6.305283 -8.175016 -4.371467 -2.733718 2.426811 7.068983 -1.860056 -9.013483 -5.450278 2.844061 8.118815 6.011494 -0.209651 -0.409143 7.478612 0.633335 0.309630 -4.779528 5.919922 -4.848187 7.249665 3.398191 -1.091672 -9.349016 0.396295 4.305258 -8.416945 2.895166 -1.613639 5.253184 0.472154 -3.514295
-7.718067 1.720961 -3.548083 7.237558 8.454612 0.282411 -4.445386 -7.275269 4.552129 5.666804 -7.264906 -6.192826 -6.492009 3.666928 4.596988 1.090389 0.594289 5.574775 -0.250786 8.810616 -7.374224 -2.950853 5.807688 2.490886 -0.316894 -8.142668 0.238332 -2.251553 6.046227 6.995139 9.513444 -0.264907 9.088700 -5.349548 -7.088850 4.437623 5.127142 0.011108 -2.483764 -6.077312 2.591663 2.052180 -2.924720 8.242850 -6.749467 -8.962430 3.446904 -1.923934 1.174193 -6.111964 9.184593 -1.969194 -3.804354 1.228639 -5.884173 -1.188846 6.639057 5.881916 9.620274 0.471607 -1.015915 5.810320 -8.567527 4.044512 8.490878 -9.344922 -5.127280 -8.666050 5.880518 -0.095326 1.414629 8.659694 -6.967936 2.677966 9.285219 5.990419 -4.589567 -2.112936 -9.003783 -0.944058 1.368743 4.065408 6.204650 -2.055388 -9.023678 0.886958 0.286300 -3.637613 -5.609831 -1.436819 -8.770161 3.236898 -6.979420 6.867761 -7.776814 2.104794 6.052221 -2.499683 -1.643269 7.132507 -0.985640 1.630478 8.094042 8.358072 -9.826600 -1.743098 -5.340874 3.460633 -8.902271 -0.285265 -1.518118 -7.802739 7.886566 9.188612 -4.704999 -2.110792 7.465905 4.109448 -4.339649 4.112382 -1.563435 -9.901576 9.284722 -8.196334 -3.707946 -6.680596 -8.144268 -4.349784 -4.253842 2.649440 -6.520214 -4.969268 4.829874 7.311107 -4.001595 3.124166 -7.257387 -3.519394 -7.907191 2.633265 -8.353049 2.887933 5.336745 -9.456559 7.088974 5.646596 6.447824 9.582122 7.024159 1.323803 -5.896002 -9.029409 8.162486 -5.669222 -4.254108 -2.612520 -5.749790 -6.073770 2.053444 -1.080854 -1.811927 -0.516145 1.469211 7.411062 -4.185682 -7.186259 1.875268 2.303215 0.193681 5.954769 0.287775 -3.359209 3.670330 -1.834409 -7.742253 7.025073 -9.851210 -2.529060 -8.262386 2.526530 6.028598 -3.475616 -0.549055 2.520273 3.285006 -7.920928 6.359123 8.012486 -3.135570 -5.024371 9.338502 5.804542 6.007814 -2.148755 8.303330 5.561833 -0.956713 -8.639051 -1.458525 4.693777
-7.422947 3.889064 -8.081057 8.004829 9.594730 -3.813533 6.501686 9.031573 4.794637 -1.488951 -7.937766 -6.364116 8.891792 4.849283 -8.203560 4.936421 3.018218 1.218599 -4.568131 7.432361 -4.797286 -9.529239 0.042874 -1.681823 -0.131034 7.894521 0.089995 5.956156 0.781630 0.010925 -4.948400 6.220653 -5.337653 -8.189676 -8.907256 0.742676 -6.090492 -7.243183 -9.284760 5.699213 -0.077204 -4.329878 -9.739338 -3.210059 5.593920 4.194963 3.947470 -0.710789 4.672973 -1.325315 7.409920 -8.822445 -7.577688 -0.619350 7.467445 1.731758 -3.402937 1.505882 9.450107 3.023614 -1.938405 -0.169108 -7.235252 5.250880 0.940452 -4.608796 -5.088757 7.282520 -3.812757 -6.950068 0.215454 0.011194 3.796405 2.321811 7.962567 9.719695 1.290484 -7.441793 -7.162475 -1.013305 1.918731 7.777284 -2.989006 -7.623544 -3.142771 7.959111 -7.322801 3.262448 -2.560937 2.305783 -9.973411 8.507426 4.644695 6.463829 4.275588 0.156935 -6.961426 -3.980016 -0.386615 8.530887 5.304159 -8.507019 -1.067981 0.355067 6.833849 7.460560 0.001604 4.889543 -7.056095 -3.663185 5.147879 -9.593631 2.056084 6.704500 8.784762 -6.571512 -5.930335 -2.199626 9.967390 -0.376017 -8.925797 -1.985599 0.173408 -8.296617 -8.493343 -6.896736 -6.930103 6.963539 6.128700 0.496198 -9.078637 -4.533034 -8.576284 4.321625 3.195237 -0.113924 -2.518321 -3.009149 -7.323547 -3.968133 0.483394 -6.709941 -0.643103 -1.387998 9.009938 8.463650 1.837218 7.207471 -7.376250 9.076602 -7.014291 -6.391653 -2.060318 3.495380 4.641187 -5.007730 3.804880 8.478841 0.579732 -1.707957 5.593294 6.986686 6.843692 -0.933822 -3.720803 9.883808 3.025966 1.585414 -6.376822 0.452804 -5.422665 5.871348 -1.634805 -2.941466 -8.228570 -6.449905 3.594628 -0.506649 8.006154 7.583247 -6.899291 -9.764818 6.219452 7.921146 7.411626 -9.260153 6.616703 5.967917 -2.318417 -4.325424 0.504272 -7.292270 7.350981 3.652679 9.525827 -7.876775 -4.306767 2.746603 3.731891 6.888969
2.921225 -1.334789 0.859321 6.985477 -8.592271 9.567238 -9.772059 4.766685 -1.201635 -1.061663 -8.954657 6.398135 -1.195244 -1.075272 -1.167007 -0.199538 -0.238946 -3.589489 2.879929 -0.833265 1.966185 -4.149348 -9.198006 -9.331582 -7.329588 -0.841140 3.933833 -5.801464 -6.937708 3.517219 -6.811608 9.509404 3.806413 6.897563 7.205456 -0.913055 -7.345119 -9.050821 -6.030147 -2.002964 9.289976 0.686712 9.777399 -6.134093 -8.557684 -8.314779 1.338871 -7.335486 -2.649931 -1.982954 -3.935936 8.936268 1.616296 4.348137 -8.135970 -2.371051 -4.130538 3.822564 9.253419 -5.928026 3.455434 8.878410 1.599125 -0.245832 -0.516246 9.913600 5.885252 2.180582 -9.755144 -6.749261 -2.793078 9.841694 2.137425 5.543138 3.556278 5.158199 5.695439 1.528561 -5.406649 9.150318 3.308206 5.127320 0.196930 3.395372 -4.679258 -6.197089 -1.767817 8.683357 -0.009216 3.939010 -2.033929 -9.261810 3.503288 -8.327693 8.844028 0.310140 -6.574607 -5.250561 3.498099 -1.157345 5.174241 3.408600 -8.378663 -5.749184 1.628653 5.498082 -0.393054 7.884588 -5.958009 -2.726858 6.112112 9.868511 1.589918 2.807243 -5.985973 -8.094630 3.429659 -8.511508 -2.749319 -6.729483 -6.249311 -6.721332 6.260109 -4.652712 -5.234642 3.774116 3.299792 -2.553036 -8.023249 -0.458646 -7.079661 -2.234854 8.116597 -0.263943 -9.466308 -2.719328 4.112993 -6.318703 -2.641052 -7.836181 -8.864163 -0.912009 5.406487 -3.344781 -2.231825 -5.560616 0.846222 -4.995638 -9.214347 8.189979 -5.687603 3.580180 8.487275 0.340110 0.603616 3.583755 5.222996 -6.292710 0.691202 7.734361 2.325755 -7.925646 1.545037 -4.955204 9.096728 6.430405 -4.379163 -6.131588 0.409716 -2.639391 -6.351815 6.449411 6.386821 -7.950974 -7.521980 -2.687562 9.899939 -2.540784 -3.812080 4.524003 2.003867 7.322405 9.816438 -4.817603 3.199535 1.178014 7.619706 -4.997861 -8.914703 5.281092 -3.167470 7.373908 -0.881122 -1.335608 -2.088270 4.994375 -8.530750 8.733701 -1.153507 -0.473899
-2.132817 -9.795112 4.832111 -1.739956 5.955961 -9.701196 7.052257 5.348638 -8.687675 6.536143 5.747535 -5.119022 -5.871422 -7.610684 -6.233409 7.140300 -2.155539 0.776029 2.908924 -7.374997 4.672077 3.695289 2.626659 -4.871886 -8.969221 -3.156445 0.368447 -9.554143 7.170413 2.488337 -4.996113 -8.903165 8.809668 -1.855181 4.238879 -4.490574 -6.324149 1.899814 4.891215 -2.997612 -6.638563 -0.996103 3.993044 2.276220 3.432969 6.943600 9.875018 -9.755401 5.193956 -8.081659 -0.609892 9.703235 -0.687792 5.837955 -7.804657 3.602012 -8.397145 8.152771 -6.123405 4.582518 8.063659 4.846379 3.140895 -4.667629 -3.331861 1.501646 1.623867 -9.829085 -5.931479 -0.541219 -3.474817 -0.902221 4.007439 -7.181315 -6.740776 -2.531856 -9.836862 -3.774687 -3.892234 -7.393688 9.507228 9.478623 6.681712 3.582966 7.196685 9.456321 9.017864 8.244079 0.650230 -5.283715 2.070247 1.257227 2.981134 -1.633334 5.520489 -8.236585 8.779279 2.915863 4.219852 -7.177365 7.378038 5.949366 0.987934 -9.108362 -6.207497 0.339851 -8.339220 -2.524115 -5.119765 -9.480986 -4.392520 -8.028495 -4.032270 9.978608 -5.944371 -3.366856 2.911402 -7.238582 3.107670 -5.263821 -8.214107 4.968424 -8.952781 2.012447 -7.396437 -8.038248 3.101506 -6.463287 -7.962665 -5.348854 -9.234500 4.215396 5.544231 1.186507 -0.013158 -0.322288 -4.516173 -1.652768 5.202765 -5.260033 5.996622 -7.439336 1.585907 0.521388 6.338312 9.017076 -0.287013 -8.600162 -9.729208 -6.358566 -0.144109 2.184009 4.942450 -0.941818 -3.202554 -0.946017 -7.491058 -7.990956 8.144965 -4.427434 -8.472155 -0.882725 -4.504258 -0.402476 5.211285 7.068022 -5.185848 -0.551762 7.474072 4.894461 8.044746 5.670639 4.898831 8.036959 -7.630353 -5.991894 -1.097308 -4.246197 -8.808846 -8.819607 -0.691204 5.812011 -2.585598 -0.683478 0.407731 -2.885486 -6.085687 6.017231 6.139323 6.761074 -8.158012 -0.665450 -3.632083 -1.472564 4.132419 -7.397741 -8.508914 -5.855385 -0.661793 -5.404048
4.160605 8.049392 1.996671 -0.653652 8.141750 -1.675433 8.039723 6.081549 -5.913817 -2.739913 -4.240836 0.548168 0.756533 6.037986 -7.882977 5.517553 -1.477576 -1.111903 9.040023 0.761448 8.992077 -0.869485 -6.596298 0.048771 2.599078 -1.452602 -2.970657 9.979105 4.199111 1.248534 7.634746 9.360936 1.948455 -7.305900 3.781327 7.246518 5.988599 -8.544371 -9.428217 -9.411674 7.873442 -9.503228 3.895445 2.311563 -1.823003 -4.374540 6.147907 -6.351397 8.820073 2.899132 -4.725914 -9.064799 -3.081892 1.560976 -4.247955 7.192430 7.610051 0.589282 5.996785 8.383603 1.614664 -8.629775 0.825956 -8.151245 7.265451 4.005142 -7.285554 1.512876 -7.591402 0.118687 -0.156710 -3.585195 6.438297 -1.194419 3.434704 7.740883 -4.280255 -8.183262 0.893783 6.501100 8.260764 5.506163 -3.438688 -8.428227 3.371789 6.420172 1.305892 2.887589 -5.948606 -1.608207 -3.444807 -3.223887 -5.923860 6.719509 3.741950 1.837417 -6.891471 6.222884 7.678811 -7.165800 -7.842288 -6.049625 5.308154 -3.786911 5.661273 -2.366375 -1.599771 9.133118 6.259091 3.052397 -8.022838 -8.326040 -8.124961 -9.491083 3.278335 -4.204963 -5.776454 -8.243293 4.168515 -8.932691 4.869172 1.572061 0.660674 -8.637022 5.083136 -3.954425 -5.326176 0.521199 1.813545 -9.165364 3.715900 7.035614 -4.463447 -6.339651 -5.732182 6.828915 -0.228132 5.775377 9.445364 -0.681758 -8.156807 8.113569 3.145875 -8.299982 -3.415639 1.206339 3.658478 3.756408 2.626418 -1.680424 -9.255523 8.353826 3.416175 5.397601 0.164001 0.672869 -2.549403 6.592902 0.278291 -1.571560 -5.921420 8.103042 -1.060642 9.157307 0.824853 -1.032046 9.433197 7.894317 -8.676532 -9.909494 -3.048470 -1.132919 -2.326200 9.708878 -2.594681 -5.651728 -9.077809 1.012547 1.878021 -1.142502 2.788061 0.439690 -6.192144 3.321150 5.215266 -7.751445 -5.630973 -1.910764 1.013578 -5.434056 2.088581 -4.521216 -4.872767 -4.564782 5.087700 8.630485 0.361315 3.400482 7.782189 -8.644518
5.043915 -1.294509 8.042151 -5.207813 -2.741889 -8.877534 4.525868 -8.810341 3.092604 -1.118016 1.615828 5.673082 -0.701196 -8.037061 2.135377 6.131276 0.734924 -8.097597 0.376221 -3.739012 6.723210 2.182598 4.694216 9.190913 -7.083639 0.148662 -9.365459 -2.881964 -9.971270 -5.723211 -4.699531 7.405527 -3.248157 2.816043 9.163138 -0.850265 1.819639 8.892724 4.246672 9.959427 9.650954 -2.021508 9.480516 -2.738982 -6.468581 5.308303 -1.564038 6.606332 1.141916 9.257254 8.309014 2.298837 5.324068 -9.352634 6.805523 4.850723 8.907867 -4.746601 1.673184 9.768713 -2.926552 -1.870798 -9.995671 2.610165 6.768938 -5.701468 -2.453241 -2.670820 7.665765 -6.943519 -7.606006 2.529183 -2.264855 -9.627771 5.210731 0.247881 1.847714 -0.168676 -7.554751 7.897491 -3.107825 -4.318943 6.784971 4.107793 -5.347217 -0.833751 9.065615 -5.733844 7.849641 -4.810133 -1.073443 -5.907972 -4.845811 9.550917 -7.579497 -3.358822 -4.367004 -1.286577 -5.487346 5.003355 -2.974617 8.615213 -6.584377 -7.713395 0.944719 -2.611605 -7.706570 -8.444061 -3.793723 0.411808 -6.882914 3.631379 -1.048685 -9.832282 7.977267 -1.728681 6.174162 -6.806075 2.219731 -1.767373 0.464647 -9.929271 9.613183 5.702237 8.569541 -2.368865 -1.870855 5.983402 4.815733 -6.989063 3.069133 6.481146 7.899183 -1.074973 3.471198 7.555304 -5.855928 1.711475 -8.358364 3.698748 6.729562 -8.172224 -8.762730 -5.290323 -0.787250 -2.482966 4.374557 -9.544482 -9.101819 0.006518 -8.246716 -2.308928 -5.531184 -8.138440 9.729229 7.561042 -0.118970 3.443652 -9.925344 -7.294729 -8.886545 2.495820 0.285922 6.830139 -2.670493 -1.786485 -7.192695 9.103020 3.559780 7.929162 5.894597 8.394343 0.703601 5.555615 5.730840 -1.780450 -7.509973 1.725480 7.953677 4.210703 -3.841794 6.906233 3.128725 -6.921960 3.159184 4.182624 4.535633 -4.349750 5.055170 -6.942455 5.557540 8.517240 7.650627 4.060585 8.753377 -0.319622 6.281265 0.060134 4.698345 9.586084
7.954590 2.958922 -3.440049 -0.115349 -9.189519 -2.619129 8.289162 0.134940 9.956131 -0.510936 -7.161077 -8.048776 7.103863 -3.822694 -2.727390 -6.306741 -0.328842 4.610901 -3.575481 0.808586 4.624492 0.382933 -2.898817 8.812775 6.666705 2.496506 2.333108 7.495698 -1.777151 6.955931 6.070008 9.985296 6.218899 1.285363 3.273353 -8.287948 7.827774 3.617598 -7.303641 8.509315 2.054210 -4.119757 2.623237 -8.939581 5.075245 -1.847864 -0.480882 3.211589 -8.333379 8.009730 7.807294 -8.777977 -5.875867 -1.752792 5.501800 0.353607 -5.040254 9.920287 7.405772 -6.118026 -1.623385 -6.025675 2.763266 -3.769266 3.454691 -8.171364 5.566467 1.331619 -4.593268 0.891290 -4.940413 8.978913 -2.879013 2.423849 9.476965 -1.018614 -8.165218 -1.902718 -5.688819 2.960874 0.615830 -1.429492 -6.231510 -1.572010 -3.619922 7.917752 0.458023 8.027096 8.856203 -4.337478 -6.720789 1.346752 4.058898 -8.121474 8.634280 -9.762658 -7.242689 -9.578471 -2.416178 5.615775 5.711370 5.035442 8.950203 -6.372682 2.508564 9.923563 -9.007906 -1.093510 -5.525996 3.491924 -1.149961 5.310584 4.250266 8.718452 8.981039 1.054032 2.877314 9.500068 -4.094532 -8.563809 6.526656 6.025863 -3.730890 -7.523220 -7.075012 8.157246 9.357154 -5.062074 -5.172092 2.036971 -2.888151 5.221743 -0.580834 -6.554745 -1.729083 6.537644 -9.040635 -5.300744 2.458194 -4.200925 -3.999742 -5.219559 5.084456 -6.287679 -8.080171 0.484278 2.211466 6.740518 3.679637 4.490474 0.301743 5.588701 -2.084032 3.157398 -1.295381 1.192519 3.502246 -6.285113 -7.099412 -2.515065 -1.948982 9.639335 5.127500 8.589183 -5.507295 -1.425955 7.638174 -4.565942 -8.506052 4.639389 6.957312 -9.653606 -5.498416 -0.081750 7.248988 -4.374342 2.381042 -4.780096 -5.117323 -0.601687 -4.837440 -5.798696 -4.056788 0.421253 4.935975 -4.195277 -7.713417 -3.499513 -9.702720 0.629164 -2.515819 -9.381239 2.115618 1.926350 2.388964 5.920014 3.878921 -1.302425 -0.298667 -2.350947
-0.174624 -2.273259 0.846639 -2.317333 3.696112 9.645351 -3.252321 -6.547398 -4.396793 -3.482722 8.770055 2.920561 5.561348 8.305638 2.937413 0.173893 0.107095 -0.223046 6.884006 7.699804 3.049585 0.546530 -9.928775 -6.832500 5.694157 8.694729 2.139183 2.520444 -5.225340 -1.450092 5.648779 6.106653 0.538454 -8.812719 -6.133314 -1.882207 3.218227 -3.311222 2.399302 -2.705447 7.129391 5.717328 1.860869 7.058206 1.760777 -8.002144 3.908907 -2.338251 -3.166047 2.093108 -6.147013 6.856867 -7.177074 3.321308 -3.656107 8.203808 8.040085 3.380513 -2.722713 -9.125174 -7.661453 -0.562057 -1.292894 7.203410 -0.766247 -4.505368 -1.479766 9.271072 -3.637664 9.398513 2.072550 -2.428104 3.101409 -1.536870 -1.836915 -9.700499 -2.086722 -8.493483 -0.979143 -2.396140 -0.022864 0.156879 -5.018443 1.941089 5.522043 -0.124400 -2.720667 -0.923165 -3.152663 -2.185308 -4.363540 -9.300346 -3.406325 6.316036 2.685817 9.768645 6.044553 -1.845107 -3.817451 -9.593717 9.087444 -7.305269 7.484577 -3.008631 0.599347 7.039135 -7.382471 -1.423214 -7.036600 -2.837268 -6.991090 1.985749 2.311546 5.763574 -8.873476 7.570632 -8.230598 -4.786635 -1.383404 6.426907 4.677956 9.676967 0.122388 5.405221 -7.192246 5.997442 3.880850 -4.687158 6.448993 -3.202733 3.532034 -7.701389 -6.869381 1.613158 9.569367 -4.031771 -2.738470 -5.804804 1.549738 -9.428093 4.509450 -9.173380 -7.431124 2.498743 9.240442 8.630240 -6.857299 8.812731 -7.626356 5.952825 -4.674658 -2.045621 -3.497239 2.936210 5.012735 -4.426798 -0.250696 2.495986 -7.160684 -7.366815 4.151760 -8.730668 4.964317 4.571117 -4.459557 -0.446779 -1.856288 3.314667 9.194058 3.754491 1.867608 -6.841926 0.692916 -1.010188 -9.952512 -9.778734 -0.965145 8.575309 -5.361693 -5.802834 -9.407305 3.584069 -9.852194 1.035722 -0.342436 3.194281 5.287304 4.948074 -7.998330 8.902354 6.154258 -8.330838 -0.528319 -1.972010 0.523927 -9.330983 -6.573898 5.406592 0.726607 -9.634096
5.411241 -1.656648 5.023226 1.621033 -0.552077 2.603089 -6.052081 6.205750 7.842762 -8.027074 6.626813 2.456052 8.601506 -8.036409 -7.161971 2.427408 -7.188857 -0.902135 9.325543 -0.589636 -8.162301 -0.074018 1.934915 5.403475 1.558324 -7.894096 3.925347 -9.197440 -9.986976 -4.274088 -8.104391 0.491735 -3.924543 -3.314218 -0.924371 5.020877 -2.009628 -1.359222 9.477994 9.920866 -2.250327 -0.929618 8.111285 1.509199 -4.738728 5.545274 -4.120291 -2.228373 1.724475 -1.300689 0.446766 8.411597 9.910044 -3.428147 1.855972 3.060744 8.101605 3.688967 5.663277 -0.081260 -3.207465 4.839777 7.432360 -2.198698 -4.959340 1.831797 -2.884302 -4.537490 4.620462 8.928932 -8.648195 -7.261049 7.336093 -7.454770 -1.285954 0.114423 5.755977 2.494133 1.314828 -6.183563 5.496404 -3.084091 1.961716 3.133917 8.750497 5.625031 -3.124209 -2.508502 -3.140175 -0.107371 7.529367 -5.160832 6.339396 -3.647019 -6.422839 6.865560 5.349178 4.633560 1.700268 9.885273 -1.665811 4.251131 -3.651846 -3.570961 2.669470 1.608383 7.216178 2.315638 2.762348 2.941554 -6.503150 -6.241868 8.724047 6.201065 0.772769 -6.488623 -7.860192 8.604216 7.009551 -4.481459 -6.818002 -9.512529 8.604848 -2.510907 -6.612856 2.392379 -2.169975 -4.031771 -8.461452 -4.088652 1.348235 3.241079 -1.721652 -1.924507 2.157978 5.192404 5.008349 8.330099 -8.975038 1.739017 8.358216 -9.711602 -0.075538 7.382573 3.264918 7.339319 3.452963 8.268594 -7.111369 4.392377 8.160200 -6.020997 0.498927 -7.831096 3.160448 -1.637533 7.119371 7.956486 -6.584015 6.845488 1.839877 -3.190376 -7.231465 -0.404553 4.766655 2.041749 5.815603 -2.393896 6.355416 7.652584 2.155236 9.539191 5.946357 8.640585 5.309096 -0.002309 -4.500987 9.454602 0.906306 -2.078417 -6.147575 -8.327436 -7.552345 -0.083729 -3.630324 3.145550 0.675647 -4.369942 1.070086 4.054925 9.980037 7.605877 -6.199054 7.689182 8.247245 -6.199947 8.247625 6.426532 4.947550 9.250355
2.021859 7.807120 0.560323 6.768199 6.597618 5.279430 -0.059778 -9.959830 -5.178809 6.257690 -5.850135 1.445747 6.857052 1.486064 -8.292412 -6.926046 -4.784938 2.608798 9.997345 -0.659694 7.930417 1.653437 0.026516 -8.607785 -0.926186 3.123500 1.333629 -6.901302 0.622607 -3.945134 2.633921 1.682303 7.787522 0.347703 4.954669 -0.653993 4.651235 -8.363214 -6.505796 -5.299801 7.076629 -6.985457 0.043521 2.291191 4.757290 -4.179145 8.370259 0.659699 -0.455666 -7.984642 -4.223605 -0.748813 -4.086795 5.623645 -5.619917 -5.245762 3.234394 -2.418197 -0.955288 -3.651797 -5.373006 5.251082 2.770751 7.795765 -4.685719 -7.121234 -6.245653 7.431932 -7.146412 1.486849 -6.625027 -5.644565 -7.912473 0.405032 6.876882 3.484618 0.684150 -8.538741 6.267006 5.909255 -7.511435 4.066903 -5.743752 -8.762755 -0.151399 -5.595326 8.384669 -0.363221 -7.747479 -6.056681 4.325847 4.460262 -5.339663 -7.194992 6.756039 3.537922 6.270386 -4.146934 -3.517840 9.524196 1.890131 3.771647 3.142925 -2.945650 1.694071 4.462002 -3.436865 -4.106685 1.742644 -4.926763 -2.132607 3.913315 -6.918240 5.560818 8.263201 -3.911202 6.964840 9.361880 -8.754717 2.934916 -3.252499 3.657658 6.330531 -2.337457 -8.527366 -8.546899 5.335684 -5.410854 -2.119263 7.500444 1.908415 -5.695149 -7.883633 3.777484 0.095455 -8.599460 -0.624318 -1.797498 4.867009 -1.030639 -2.172707 -8.085532 -5.858813 5.357723 3.085826 -2.067140 5.865143 5.996808 0.302823 7.342208 -3.538163 -5.270494 -1.181249 -8.331407 9.194531 -9.618538 8.820865 4.019145 -5.460326 -2.959946 -4.189687 -4.391634 1.223734 -9.544274 0.599046 2.036216 2.060628 4.870385 -6.707254 -0.879114 -2.408116 -7.378137 -8.854128 -2.215200 1.161153 8.589874 -4.119856 2.860573 0.013565 8.352883 -9.967058 5.253222 -1.811738 -2.865066 7.378313 3.515102 8.821901 9.445732 -9.710288 -0.753470 1.110891 2.576265 -3.219417 5.846784 3.043546 0.198219 4.104444 -9.106293 -3.191624 -1.303667
1.458982 -3.840176 4.224640 2.333128 2.931352 -0.286701 -1.330527 2.269902 6.817626 -2.265468 4.311954 5.631050 1.184966 4.485850 1.240020 -1.301940 -4.469750 -6.189971 -8.866665 9.603377 9.397263 7.768889 -8.035336 7.363558 3.635724 -5.936789 7.672390 2.833921 9.808953 -7.167484 9.208471 -4.672697 0.802568 -1.597174 6.172662 -2.793318 -4.882607 -5.362777 -0.671617 9.338951 -7.596618 5.813562 7.194731 0.117180 1.455213 2.078112 -5.249696 6.787575 -0.035957 -1.532917 4.440315 3.623838 -0.246539 5.811446 6.653962 0.213616 -2.133681 -6.420529 -4.039925 4.786360 8.449670 -3.264611 1.660583 -6.134222 4.362095 2.825173 -3.535449 -1.032258 -0.665543 -0.017458 -0.180983 -8.634095 4.000029 -8.830765 2.845864 -0.265195 -5.463746 2.107409 -4.738060 4.923749 -3.406617 4.007440 1.528134 9.080069 -5.494430 -7.298087 2.245252 4.002183 7.840988 5.698826 9.612093 -7.489394 -5.975131 -2.573200 -3.347967 8.187372 4.630340 0.969942 2.800000 1.747208 -0.917604 9.790823 -4.818930 1.270539 0.262963 -2.330503 -5.646849 -1.362181 5.812293 -3.794886 2.366392 3.281356 -6.929022 5.511429 -1.486376 -9.358639 -9.038854 -1.640642 5.369070 -3.389726 -9.944806 -6.107267 1.571311 3.681692 -7.629834 -7.596766 6.975216 -7.608157 0.257898 -3.284448 -6.248875 -6.470783 -3.346777 -7.481328 -9.758958 -4.979096 -8.106259 -4.570433 4.666801 -6.887079 3.639280 -5.414086 6.509730 1.689454 5.333872 9.478804 6.005940 -4.536841 4.585399 3.176380 -1.915583 -5.487035 -4.923925 -9.847896 -3.524123 5.255783 9.705591 -4.823930 0.832798 -4.996935 9.628118 -5.625992 -3.681005 6.603661 -1.050171 2.792974 0.679031 4.320997 4.859572 -8.606228 -8.760634 -0.733062 -2.678698 -0.530284 -7.313297 -3.979431 5.793738 -2.445823 1.786957 -2.558215 -5.883614 9.488100 4.942949 -2.830468 7.976068 4.237662 -6.006327 -3.287717 9.943511 -9.820474 6.771748 9.350661 8.548099 -4.475918 7.324228 7.221661 4.499317 -1.534302 1.262106 -3.453214
2.141001 5.763143 4.405831 -3.145200 4.045031 -7.202576 -6.075395 3.574646 -7.845637 -0.496716 -2.211627 6.660778 8.311035 9.577416 5.980956 1.660701 8.631128 3.751533 -6.268809 -9.885267 -1.476264 -2.753749 4.890047 5.710984 -3.353366 -2.117720 6.856050 9.933288 -7.604251 -5.757269 7.890841 3.052061 -5.273765 -1.318865 -5.310953 -8.236281 2.195269 9.705219 5.642178 3.792736 -3.657713 -8.732526 -7.653068 -1.331359 -7.752708 -1.925738 3.361853 -5.514667 3.755324 5.060350 5.820786 -2.022233 0.845429 -1.984113 -5.140041 -0.291127 2.244669 -1.465240 6.016454 0.845538 -8.022401 8.891404 -9.316273 -2.122120 0.253385 -9.728249 8.920152 1.993505 0.395534 0.874724 -3.008498 -4.780450 -1.274617 4.483502 5.087748 0.443685 0.184903 1.771233 -7.854178 0.477022 -8.838784 -0.146684 -4.007808 7.880555 0.831270 6.523167 8.258434 -1.462076 4.214992 -4.421246 4.243215 3.848621 1.393446 6.756914 -0.514508 1.483274 -8.030008 -5.681561 1.966646 -6.028753 4.104334 2.979585 3.282246 -6.644510 1.496770 -6.232376 8.474467 -6.235097 -5.343731 7.922622 9.463438 -1.844834 0.206923 5.376571 3.316689 -5.735837 -2.487079 -8.521687 4.851648 -1.430136 -4.857444 9.813420 5.107934 -3.345326 -2.855335 -1.474352 4.570586 7.179732 -1.882960 8.652980 7.086321 -6.855777 5.107422 -3.810441 -4.302439 -7.196355 -3.185793 5.624443 3.628469 -2.292686 -2.672002 8.465802 -3.994947 -7.699557 3.068573 5.761053 -5.635885 2.706179 9.255169 3.376023 -4.340904 -4.559104 -3.399830 8.013854 7.624707 -9.964482 -8.832277 7.670774 0.438995 -0.642239 -4.663942 -5.485077 -2.923817 -1.055177 7.269336 -2.703143 -1.784231 2.926099 8.720314 -6.239927 3.605183 -8.217125 -0.668338 0.120793 -4.572768 1.497512 -3.271867 9.666969 -1.090295 -5.331754 2.312204 -9.058953 0.059406 5.923363 6.849587 -9.211071 -8.129244 -0.095953 6.871141 2.349353 -3.479710 -4.753160 -6.876114 -5.176426 -1.840853 -8.000134 2.176707 4.124958 5.374252 -7.017834
5.145194 9.124308 -3.723078 -1.031514 4.619703 2.463642 -5.430671 2.586481 -3.536314 4.662834 6.695872 -6.842334 3.530789 -0.616756 -6.668473 4.930443 7.455784 -8.007004 7.834844 -8.485374 -5.931462 1.979551 -8.969061 -8.037979 8.411200 -3.090334 -8.329064 4.668645 -5.370422 6.585044 -7.052250 -9.672424 -5.041785 9.849266 1.699107 6.349057 1.114661 -2.395352 2.799905 -6.843781 -6.609417 3.011605 8.233681 4.136415 6.430251 5.066239 -5.695809 3.935151 -8.729384 1.484903 -4.447064 3.566517 -8.080418 3.826069 -6.025855 4.238985 -5.731654 3.740829 -6.674684 -0.406955 4.460825 6.093327 8.976842 8.453761 -7.338746 5.955351 -0.906570 5.311861 9.740557 -5.413727 3.356690 0.558920 2.441691 7.454944 8.520645 -3.227203 -9.213020 1.689575 -6.448675 -3.146168 -3.366803 0.863192 -2.779551 0.898574 0.729823 -0.170802 9.858076 1.439720 3.905274 7.495681 9.953207 -5.819212 2.583250 3.168882 -4.024484 0.881351 -4.383498 -0.867812 3.509090 -7.461251 -0.922271 -7.925226 -3.355193 -1.240786 9.226047 6.734161 9.376564 -5.967961 6.316804 2.528119 -6.397835 0.448440 5.587560 2.948924 -9.297227 8.802287 -6.183433 0.978357 7.414163 -0.755994 4.010869 8.778858 -4.996216 5.362554 5.870132 6.847436 -6.355666 -4.960657 8.343159 -7.799081 -9.151209 0.679422 6.298375 3.567608 2.520035 -8.015772 7.310769 -4.624230 -7.807875 -9.470841 -0.139826 -1.603191 -2.637681 5.578288 -2.376868 -0.420154 2.403913 -1.347036 8.751356 4.753981 -6.885311 -7.407112 -3.608926 -3.846813 -5.314647 -4.142378 -4.802713 2.757120 -3.160507 2.884637 -1.344601 9.790462 -4.184704 4.145174 -6.669897 -0.320016 4.968251 -0.991582 -7.063436 5.983906 3.152075 -6.534672 0.652132 3.129880 6.772607 -8.251577 -3.297241 8.445476 -6.516257 3.474221 -6.712792 -0.854804 8.635939 5.275811 9.251045 -9.660147 1.671579 9.566114 -1.077228 -5.480118 -9.499701 3.443770 -3.021599 3.170327 5.570143 -7.922827 5.025392 -3.013162 4.380446 8.148278
-5.684559 -0.832313 6.802569 7.375556 3.424765 1.317747 6.088779 7.513013 -7.221984 5.200429 8.103587 -4.327295 -5.192190 -2.564761 2.638182 -1.324209 9.367363 5.965843 1.254058 -2.950191 -8.967159 -2.032680 0.164201 -0.127343 -9.998098 7.996238 0.946223 -7.942838 -5.251507 -9.967585 -2.215520 -2.988260 0.531281 1.947677 6.860973 -1.815393 7.429958 -1.976868 -4.559787 4.221886 -7.471396 1.655469 -9.069991 -9.996688 -7.700125 6.893854 2.125620 1.999824 -0.370038 -6.895654 7.690758 6.535913 -8.666311 5.864072 -6.391761 8.187296 -4.096713 -7.731621 -7.928891 -7.264943 0.047936 8.491646 6.425517 7.615212 -8.178176 -8.330545 6.144184 -1.973716 7.911788 -0.580437 -2.314764 -0.675175 -0.837163 -4.499687 0.711084 7.403913 -8.377331 0.862144 -4.760180 6.222585 -1.672081 -4.448221 5.723190 -5.299174 -1.088584 3.958368 -9.683694 3.743623 8.233867 -2.223973 -9.089386 0.702927 4.002853 2.925187 7.025229 5.537889 -0.856165 -0.194382 -2.722512 -6.972120 6.532491 -0.914980 -2.601828 -1.942276 0.008411 -3.720027 3.831466 4.741033 -2.882983 -2.053148 -3.959238 6.813033 4.774416 5.111869 0.446650 2.629975 -3.315897 -9.208504 8.284599 8.160840 4.350765 4.301985 -4.493747 -2.966105 -4.808222 -2.462623 7.286234 8.214938 -9.142675 7.791139 1.585251 -9.215553 -0.684464 -0.647773 -2.449526 9.047477 3.373518 8.103603 7.209015 -2.502671 -4.566560 -5.451559 9.013885 9.099097 -4.940052 -7.870644 3.868088 -5.497780 -7.673029 -4.173611 -1.002930 4.473184 8.976465 -1.700830 4.206996 3.624270 2.498564 -9.917860 -9.646553 -7.978391 0.054983 -4.717920 -0.569718 -2.346079 0.006712 -2.309511 -5.306355 -0.747368 -4.352823 9.212483 -5.933180 -5.053272 6.777229 5.906949 -4.988063 4.219120 2.000814 9.340992 8.795154 7.172840 -6.153895 6.005520 1.236406 4.668667 -7.877786 5.963915 9.872606 -4.301555 -0.639641 1.058317 -0.114890 -5.905007 -3.422841 3.783017 -2.431961 5.980589 7.471635 -8.606964 -0.229125 -5.393082
-2.389937 -2.345916 1.553457 -0.272560 9.796236 -8.743038 -2.066357 1.599503 7.366453 -6.391596 2.982008 -6.182461 -3.866902 7.153729 -4.562365 3.119982 -0.615937 2.812891 9.347749 3.489657 8.467190 4.950593 1.663727 -8.324835 -3.128781 -3.597748 -0.987065 0.571244 -4.605477 2.875410 0.615904 2.834258 -1.484826 5.865125 8.860446 6.127124 -6.098737 0.093235 4.133020 -3.029041 4.200123 8.196976 2.840529 4.179235 9.487376 -5.938395 -8.198779 -8.997865 -3.049496 -4.682274 7.515119 -8.512194 5.887804 5.360841 -4.069637 0.708935 -2.240237 0.008870 -4.581359 0.059249 1.606426 2.584847 6.517935 -0.865011 2.976645 -8.995246 -0.475390 -8.486761 8.325820 -3.515047 8.815025 6.796347 1.043765 -6.397115 -0.938765 7.889640 9.900117 4.605107 2.792195 -3.101524 -6.189912 -7.377166 -6.823443 -4.816007 9.609358 -5.562954 -6.943467 -5.095674 -5.570351 1.190599 0.524826 -2.473438 7.564550 0.752698 -7.867425 1.705629 5.842393 0.457600 4.591704 2.532429 4.666362 6.329223 -8.496680 -9.203954 -2.333639 -8.081630 -6.111191 -1.293703 -7.818450 0.730722 4.722299 1.978979 1.246299 8.982780 -8.591177 1.106162 -8.193092 -0.392092 2.912778 0.163969 -6.226325 7.887657 6.126450 6.434927 -8.967828 1.350321 4.088206 0.095984 3.884771 2.915764 -9.971809 -8.087615 -1.726196 -6.105505 -0.915378 -0.942512 -4.738840 6.870335 1.063171 8.496106 -4.939690 1.674263 2.624908 -4.635544 -5.690788 -2.868747 2.008719 5.268753 3.170568 6.390353 -0.851119 -2.427586 2.600877 6.938035 5.325881 -5.576361 -2.847960 -7.991689 9.449134 -0.318948 5.627309 -3.156778 -6.677484 -3.332769 -8.751075 5.497440 7.038578 5.695922 -4.233200 1.166591 -9.909629 -0.268799 2.401871 -7.349576 8.092896 -8.282911 -8.873964 -6.304200 6.015905 -0.498282 4.583406 6.385998 -9.124422 -4.123024 -8.777198 2.469053 -4.282093 -4.078867 -5.853005 4.195260 3.822473 -3.831106 -0.718327 -8.023251 -9.073527 -9.401016 4.741624 4.062852 9.252791 -2.305433
-6.737301 4.127411 3.655935 -5.283408 1.540346 3.193999 0.103925 -2.308567 9.810227 5.953515 7.281705 7.250711 5.962165 -1.429181 9.949945 -1.070749 -7.500853 -3.696914 -8.681370 4.042137 -3.685862 -8.478889 3.387558 8.013660 -4.840128 -4.901360 0.038811 3.420241 8.508508 2.367686 4.105172 -1.860907 3.002007 7.078262 4.995136 -0.149717 -3.054186 4.090501 1.122886 2.947092 7.690096 -9.122681 1.979251 -0.143479 -4.337138 -7.736425 -9.906595 -0.500942 -3.868983 0.199108 -7.962283 -9.028207 -0.231909 -2.934084 -3.335584 -9.916600 -9.333840 -9.429197 5.091059 -1.801688 -7.614582 1.028862 -1.458055 8.517228 2.668789 7.948158 0.084095 9.578494 8.585844 -1.420104 8.828659 7.380942 -1.630714 1.585759 0.173520 -8.239390 -7.787361 6.859237 1.241993 9.980558 8.760171 -3.800776 0.135992 3.949054 3.291366 -7.028045 -9.581879 -6.676174 -5.007204 -1.873615 -2.309813 -6.574838 1.688400 -2.981203 -3.392249 -2.157869 8.241742 -0.643857 -8.206489 -1.151893 -4.726443 -0.302915 -2.198694 -2.601033 -9.822595 3.924188 -3.768798 8.058873 -7.343513 6.289504 -7.615961 -3.665809 1.049424 6.168879 9.053557 1.639277 -8.993681 5.007675 5.813812 -9.945695 -0.608487 -6.128318 0.945194 7.688255 0.523934 -8.373626 -2.700585 7.073399 -8.659299 6.689583 -6.064846 3.590972 -8.001461 7.516798 7.648439 -4.002533 0.233352 -9.500558 2.567436 6.223385 9.049419 -6.388077 7.675962 -5.053986 -7.663802 5.284004 -8.940524 4.024875 -3.121847 4.073049 9.286958 5.525572 -7.466005 -9.099941 4.108761 -5.056447 -3.060888 3.812323 -6.408729 4.746785 -7.860119 1.060190 9.132388 1.641403 9.870084 6.653342 5.646657 9.690555 7.575445 -6.698314 5.077225 -0.766538 8.783401 3.914403 -3.408110 1.632790 0.828270 8.375551 -3.730154 -6.742489 -3.010478 -2.951397 1.232694 -6.024822 -4.444318 -7.076659 3.540818 9.213436 3.590681 6.187037 -9.300978 8.411853 -3.596500 9.040581 -0.081540 -9.123372 -4.556528 -8.271341 -6.232247 -6.111461
2.945277 -2.676908 -9.481354 9.810442 6.742548 7.855365 1.807921 -9.366714 3.769035 6.322936 1.639352 7.370240 -0.273183 8.494577 -2.884920 -4.295606 -8.473653 -3.769975 5.089731 1.555406 2.780263 4.593381 -7.123387 -5.515870 6.649588 -3.179987 1.775130 -2.038987 -5.448104 -8.091713 -9.331695 -2.226332 9.021121 5.342613 -2.022523 -0.505975 6.837105 1.792009 -2.943209 4.767732 6.826743 4.412079 0.365104 6.436648 -1.104663 2.660910 -2.793930 -6.522023 -9.422338 -2.519966 -4.848571 7.653535 -1.332730 -3.620502 7.886241 4.110206 3.774841 -9.173746 3.977912 7.979319 0.202215 -1.070946 5.194586 -4.390523 -4.312571 7.638823 6.335283 3.602181 3.463085 7.165916 -3.402310 6.423479 -4.866680 2.981016 0.857855 -3.640883 2.194715 -7.130593 -0.919176 9.809376 -6.857368 -0.111615 -8.077440 3.785067 -3.196108 0.118371 5.329261 -1.232766 6.855026 -5.381186 8.020473 -5.902484 6.050513 9.588218 -2.663339 -2.329251 -9.468056 -5.256925 6.723574 -5.142775 -6.051622 -3.765226 -0.068547 -7.566770 -7.921831 -6.935006 8.116124 5.783196 5.871591 8.283786 5.928809 -6.468921 -9.486684 8.635589 -6.776569 -9.308210 -8.456784 7.777641 5.661643 1.544003 8.344651 6.522615 7.444391 2.707182 0.706007 -4.165271 6.626567 8.571622 3.870860 -1.565356 -2.712937 6.749843 5.032521 -0.888759 -4.648189 -4.710035 -3.031651 -6.659562 -3.647819 9.828831 4.675857 -7.926125 6.312808 2.479184 -6.575583 0.555964 -3.683617 -2.136602 -0.162052 3.297675 -3.616421 6.296771 1.889856 -0.463993 1.753240 8.807696 4.736754 2.049058 -4.168267 2.701792 6.720479 -0.442375 5.733093 1.240361 5.744592 -2.079715 5.079571 -2.455957 2.776184 2.515637 8.268692 -3.146047 -4.403504 -6.390506 3.705248 3.310374 -8.323570 6.051639 4.976711 8.687622 -6.873367 -5.544739 2.170781 2.913131 -2.193439 7.642751 7.372306 8.954140 -8.361134 -6.813588 -9.837272 1.489010 0.006766 -3.851765 -1.867987 -6.784826 5.928413 -8.922302 -3.116238 -2.511264
1.504326 -6.037904 6.980361 -7.356460 6.858436 8.106458 -3.401216 3.182959 -3.687850 -6.254553 -6.368508 7.320291 2.650197 2.538801 8.875220 -1.199173 1.173058 9.158206 0.604898 1.811982 1.243233 1.677537 -9.140035 6.323313 -1.744216 -9.814775 2.538264 2.881047 1.064031 -8.528523 -4.410192 -2.688803 2.663470 -5.437445 -1.953148 -6.315880 -9.193463 4.344743 -1.598567 3.881396 -8.145542 -0.341720 1.469707 -4.179355 5.996155 0.303940 1.817784 5.981136 -0.396863 -8.789368 4.446725 -2.996881 -7.230971 5.591181 8.195043 -4.394294 1.801948 0.129836 -2.931336 1.021065 -4.500613 7.766866 1.413328 -4.738843 9.422816 -6.212219 0.460611 4.932132 -5.367170 4.995664 3.415348 5.400342 -1.987924 2.867212 -6.532616 0.888099 4.498211 6.924027 -2.722322 -7.025408 3.108443 1.707952 0.930274 3.007084 3.847220 -0.343150 7.374354 6.868280 -5.404376 7.407461 2.650069 -1.332598 -9.521428 -7.569794 -8.849988 5.131169 6.737132 -2.504378 -0.955974 -9.839712 -9.195317 8.155997 8.965000 -2.480477 2.735894 4.482128 2.383796 -4.292395 -8.777284 -8.073458 -6.439249 4.704990 -8.108824 -9.886267 6.409013 -4.326210 -2.154259 -8.761041 -0.899674 -8.406085 0.825487 -9.076885 -8.921637 4.796466 -5.974278 -7.252815 0.707049 -7.944470 8.225467 -8.291673 -6.378159 3.222170 -9.167552 3.674365 -1.637583 -3.655384 8.658215 -9.720624 -3.077680 8.418372 -0.392543 5.207009 -5.747195 -3.054680 -5.794318 3.288447 0.642941 9.303152 6.937072 -9.458247 1.740520 -4.726354 -5.617160 -3.263149 -7.436622 5.135920 6.049509 -9.006449 8.204453 6.206127 5.230399 -6.709902 -8.736803 4.625972 0.801505 7.800111 6.105060 -7.917879 -4.760556 -8.828136 -2.768549 -1.936973 -1.539893 7.280416 4.177917 -3.750357 -8.501887 -0.988224 4.451833 -0.324133 -3.291246 -7.687982 7.709621 1.675130 -2.192808 5.521802 -7.538663 2.578350 6.700768 -0.299738 -3.056626 8.743002 8.710378 1.547076 -3.257506 6.043089 -1.141297 0.123349 7.055518 -7.667161
-0.676852 1.315198 7.694373 -3.880180 -5.886050 -5.906370 1.198025 -9.622578 2.985728 -5.948913 -0.160886 7.974339 -6.466919 7.348059 -8.128244 7.284426 -1.016950 -2.152861 -1.250872 -1.438881 2.798901 -9.061635 6.899859 -7.778090 -8.859987 7.197947 -0.801081 1.177831 -2.504074 6.150526 6.291319 9.415322 6.262883 4.059126 -9.154017 0.402960 -2.221015 3.588154 4.051054 -3.561602 5.419319 8.253927 7.317403 -0.468639 2.422494 4.685720 1.466543 4.708398 -6.600844 5.841917 8.762495 -1.300293 -1.947034 6.882481 2.860600 -9.923693 6.865188 1.689075 -6.915254 -5.181329 8.829046 -9.807748 2.323298 9.612825 3.285881 0.664532 -3.960390 1.945146 8.970243 4.317908 8.658858 -8.636057 -2.777326 6.683823 -2.317946 2.990091 1.179883 8.817348 6.655796 -2.789995 -6.264936 -7.384500 4.386568 6.659831 -0.884364 -8.588333 -8.891768 4.415665 4.916719 -1.935987 9.530980 6.344262 8.354660 -1.327282 5.464696 -6.279894 -5.767387 -5.293232 -9.374476 5.538976 -0.590999 -4.116490 3.114051 -7.743506 6.802230 8.185103 -7.901027 -9.865392 -3.718931 7.130221 -6.884135 6.455407 -3.795789 -2.793827 5.566332 5.690351 -9.722936 -0.029823 -8.891979 9.385806 3.922706 -5.402986 6.174582 2.481138 6.415178 3.224120 9.890558 -1.412645 -4.694565 4.034199 -5.955358 -0.437576 5.820174 8.101782 9.079793 -8.529831 9.963100 9.039849 4.258494 -2.572201 2.129685 2.067998 1.663441 2.665882 8.409049 2.723415 2.664995 4.258434 -9.085768 -7.526940 4.129801 -4.751982 -2.056301 3.247120 1.090255 1.077196 2.362419 7.452007 5.180530 -5.912949 -4.097539 8.069750 -0.291546 5.713931 -0.895733 -6.795613 -9.279731 4.664310 -0.615507 8.241069 -7.079289 3.778315 1.372519 3.125420 3.373129 8.881747 0.315939 -8.173954 8.734154 -7.439433 7.913640 -8.683700 -7.902588 -7.965084 6.596240 -5.586355 -1.228203 -7.708962 7.690403 1.857896 -7.997323 6.633010 3.976397 1.223410 -7.953665 -0.597354 7.483887 0.770843 -3.518556 -7.742229
5.182476 3.969921 -9.197292 -8.749305 -6.366511 8.916493 -9.815731 2.080736 6.078868 -3.460036 -6.112506 -8.023075 1.547237 -7.171645 -9.117205 7.822546 -3.534586 -4.790594 2.919365 4.270453 -8.968122 -5.474619 9.855732 -2.013176 -0.027448 -6.884838 -7.385394 5.155296 4.114832 -7.216949 5.264059 6.916318 3.305847 -4.102339 2.548648 -7.706836 5.315778 -7.539461 -8.084144 -6.062164 -6.579555 7.239366 -1.827064 8.639944 8.513185 -1.308073 6.402156 5.684720 -2.838471 5.673323 -5.620501 -0.092856 7.583513 7.249224 -8.886240 -5.408358 1.749536 0.487159 -1.922194 6.189277 -9.303420 -8.564401 2.820545 -4.631250 -1.700177 -7.257805 8.443384 8.937864 9.684187 4.189330 9.566069 3.015119 -9.821275 -0.274541 1.788521 8.297824 -1.983365 -2.545961 -6.107748 4.706662 -3.100235 2.479090 -4.170484 -4.111016 0.649480 -6.520705 -1.039579 -7.185507 0.492314 6.929843 5.336062 6.710587 -4.623747 9.925983 9.079521 -8.155150 7.905483 4.248465 -2.711282 -7.212167 4.146814 -5.294409 4.059444 2.642223 0.659710 4.071811 3.403989 1.512849 7.396126 -6.786765 4.842521 3.267145 -2.914378 7.418683 8.096736 -8.469418 9.093474 4.135503 -1.673433 4.663731 5.424112 -1.241306 -0.016782 8.183926 -8.139825 -8.569801 9.928527 -0.474847 -9.014577 -6.191068 -4.397939 -1.944916 0.808313 -8.897995 5.944763 3.134761 7.499563 8.846212 3.090252 -1.460643 0.968672 -7.092546 -0.519149 5.873147 -3.877943 -8.115165 -3.408003 0.645045 -2.094764 5.211914 -4.667888 -4.595907 2.284518 -1.533799 -8.733252 -9.810292 6.698432 -4.987150 8.441265 -3.077384 2.519568 -2.180939 -5.913714 2.718017 -4.418768 -0.014443 0.817077 -6.848786 -9.190223 8.465031 -4.182656 -4.977169 0.965860 4.013448 8.699062 2.270912 3.367121 -1.938346 2.132496 7.964112 -3.238337 -7.755240 8.307046 8.648402 6.857188 1.615146 8.370999 -1.068770 -5.592722 3.655295 -0.374653 5.635414 -6.789871 9.342163 -6.446691 2.007705 5.331031 -3.340959 -3.368568 4.659011
-6.074795 2.050136 1.685800 9.246994 -3.000601 6.267704 -7.780267 -7.841496 6.130925 3.726826 5.129092 6.488448 -8.702420 2.427600 8.716109 2.871975 3.803041 7.036363 -8.855551 7.067518 -6.724027 -2.648300 3.068759 -8.111397 -4.454982 -5.019027 3.609661 -3.980287 3.220264 -7.574084 -9.293390 -1.233032 -3.439666 0.207827 -2.771524 -6.930224 -9.439166 6.936644 1.041534 2.656656 7.611534 -4.156608 3.890412 -7.775523 3.611288 -3.389362 -4.863111 6.938362 9.156455 -0.431781 0.255105 3.999492 4.951485 -7.182393 -3.598193 -5.222484 0.264210 -9.630489 0.631527 -3.249272 3.095319 8.257149 -7.525452 -0.236760 3.361852 2.867046 3.435422 -2.412237 7.964120 9.349078 -5.639859 -1.904367 9.284417 -7.410603 -7.514813 -7.009863 9.221128 -3.327400 -3.683305 7.897300 4.374390 4.853935 1.657837 0.985695 6.218129 -0.551648 -6.554705 8.009498 -8.960535 -6.480185 7.738283 -7.566913 -6.438090 6.039206 -3.425727 9.283255 3.039664 -1.636876 0.735287 -7.526620 0.245631 1.349835 3.735075 -9.229932 8.052887 3.105194 -0.592394 -9.561519 -7.276175 2.855557 0.614861 1.434482 -9.856790 4.948289 -5.259224 1.613226 3.561823 5.796270 7.961107 -1.365521 6.305347 -8.679001 -3.645859 -2.025793 -8.642846 3.563349 -2.555816 5.256008 -0.658166 -5.861890 -2.741062 9.598118 -3.468750 -0.419025 8.542335 0.515421 -1.433622 -4.521294 -9.969232 -4.394749 -8.502867 2.752647 3.164892 7.001879 2.313015 5.898026 -4.720005 -6.967525 -8.887536 0.487925 0.843560 -8.025615 5.040704 5.882909 -3.880512 4.448576 0.900323 4.468786 -8.507402 -7.276984 1.848490 -2.512215 4.457308 -6.471088 -2.353858 2.887974 -5.949464 6.300264 -4.673975 1.361650 9.566902 -4.860279 -6.066223 -0.566667 9.796484 -8.331886 5.931547 -8.835852 -0.332984 6.051451 3.543728 1.005339 -8.289593 8.864247 -3.389441 -3.558003 4.687707 3.416701 5.050990 -6.100031 3.348575 1.874264 6.349857 3.338223 -1.994227 -0.795547 8.736938 8.422393 3.485040 -3.492789
2.185505 -6.559351 2.998024 4.403522 -0.654322 -3.027706 9.353188 -8.227475 0.567221 6.437011 -3.508142 -4.231383 -8.136805 9.808442 9.145490 2.369966 -8.626901 -3.928029 8.024426 -6.018245 1.519374 -6.855772 4.897636 6.034447 -0.172608 -2.957127 6.296221 -8.532503 6.532873 -8.508898 9.277321 -4.717140 -2.126809 9.184198 -0.789138 -8.711884 -9.675853 -6.693976 -2.398814 8.061412 -2.750229 5.330471 -8.642859 -2.711662 -1.417511 -6.591727 2.183817 9.214400 -2.371186 3.291441 -5.200822 -0.891108 -1.627073 7.184659 -0.797614 6.781961 3.189436 0.125445 3.036328 1.092946 -7.529276 5.846916 -3.377742 -3.464380 8.414911 3.406622 2.528873 -8.783167 -1.031351 -9.975891 9.453147 3.884201 -4.334086 0.813094 -9.536929 9.566573 6.939378 -9.992561 -9.710862 -5.733163 2.888235 5.247817 2.314375 5.318615 -2.612388 -2.612248 -0.299189 -1.407452 1.083414 -0.190588 -7.562394 -7.439642 0.651099 -9.545339 8.664135 3.768630 0.293319 5.514222 8.444246 -7.837742 9.091169 6.841949 0.796846 8.321079 7.557793 6.014504 3.083385 -5.699268 -5.377043 -6.954394 8.215447 -3.517553 5.358791 -2.012705 5.942832 7.166152 6.426902 2.303756 -8.749719 5.714962 -9.608793 1.849915 6.521946 -3.490390 9.885629 -0.747822 0.901007 5.375935 4.525392 -6.743747 -6.247370 -7.277166 9.700875 -9.443258 6.308574 -9.932015 -2.998278 -9.904832 -0.465959 8.758882 -6.373473 5.253254 -4.397567 3.469243 2.654466 -3.791152 0.281992 -2.083621 4.935588 2.715684 -9.901127 -7.749962 -8.576961 -5.010216 -6.374177 6.707232 -0.049624 -2.719346 -4.439325 -0.395416 -2.426823 6.104924 -5.349724 8.805558 6.245552 2.776279 3.393881 -4.188477 -0.372863 -5.247882 -3.914055 -7.119116 5.010312 -9.181810 -8.768863 -7.947254 -2.314247 6.037982 -2.483823 9.527269 3.695498 8.493152 -0.379727 9.237120 4.233834 8.651180 -8.124762 -1.775397 0.524686 3.951324 3.841627 5.680334 9.014378 3.211141 5.871134 -8.541619 4.632801 -2.936438 -8.955032 3.734451
3.201794 6.524388 -6.188652 9.096432 4.148341 -0.316759 3.288544 -9.755243 -2.693836 -8.293480 -1.433285 7.901070 0.202677 -4.945516 8.423191 2.314879 -3.118053 -9.938210 -0.539595 2.541500 6.960014 0.299295 9.522250 -4.248063 -6.219652 -0.607782 5.012416 7.394834 5.334044 6.697090 4.028308 -1.499035 4.392380 -3.433378 0.241512 7.792974 -2.285528 9.493515 2.081480 -7.267698 6.202500 9.387406 8.623868 6.917999 -6.886356 1.338552 -4.301713 5.866751 -0.615100 6.433788 6.228055 3.131647 -1.681541 -5.928401 5.886847 -5.011248 3.370662 -0.140674 -8.044795 4.311148 -1.673338 7.511039 6.811440 1.783534 -8.541251 -5.637107 -3.137716 -7.410653 -1.722041 5.949026 -4.177309 9.153918 -9.728485 -2.217741 -5.883881 3.216583 -0.986524 4.427408 -7.589753 7.643809 1.769624 -1.482794 3.020081 7.539063 7.279761 -3.037555 -7.382382 7.300831 -4.581327 -4.275036 -5.406156 8.281679 -0.794810 -1.380173 6.460224 -0.631937 9.360559 3.923546 -6.990642 -7.921634 -5.545834 -1.382550 -7.160597 7.349841 -3.313100 1.581981 4.427544 -5.507570 7.535292 -3.233126 -8.300213 -2.830460 2.598036 0.635598 -8.038238 -0.372426 0.374988 5.622193 9.529925 -5.707613 8.309067 8.225800 -7.670157 2.490602 -2.696189 -6.258235 5.257181 -2.663681 2.253134 -6.649108 -6.117110 -6.626760 6.756170 -5.618442 -9.050032 -9.651318 2.260162 2.294360 6.385745 8.540483 -0.710062 -2.597035 5.269271 2.855256 -6.049802 0.872282 1.891862 0.206852 -8.357116 7.914270 -1.732414 -2.172612 -3.186303 -8.645888 1.562261 1.480161 -7.211150 -6.722566 5.346288 -9.303402 0.533674 2.873215 -1.613404 -8.160345 -3.726478 2.612281 -9.455524 0.338038 -2.558373 -2.859879 -4.817193 0.885427 -2.407949 -2.566759 -5.151457 -7.431803 -3.042994 -5.817332 -7.463441 2.791802 8.267592 -4.548920 2.159152 0.703430 -1.203012 3.127948 4.456627 5.245286 0.810464 -2.857190 -1.978522 -5.878035 -1.185773 4.449023 2.839026 0.809600 -0.755257 2.205519 5.449430 -2.178516
9.825957 1.845086 -3.996045 3.347368 -9.080023 -4.695003 -8.597862 1.717631 1.169200 -7.243578 8.700889 -1.507205 3.203744 -1.505640 -2.249783 -2.255069 -3.227973 5.298435 7.601747 -6.459265 0.488898 6.677473 -5.340293 8.345724 5.862263 -0.716951 9.478281 -9.917021 -6.387033 8.267368 -9.654162 -7.111266 8.266353 8.728373 3.493111 8.353580 -6.315520 4.272300 3.217549 8.689680 5.132397 -0.826357 -5.319376 -7.975022 1.880373 -5.756108 -7.980127 0.381983 8.534414 2.666171 -6.477747 0.637596 -5.092022 4.311346 6.742263 -0.059269 -6.805741 3.686888 -4.521117 9.270249 0.307423 6.540409 3.605818 0.156318 0.871716 -4.832014 -4.534699 -4.458782 -4.136131 7.142717 2.525517 -5.947073 3.205617 -2.619926 3.135301 -3.823033 9.508012 -5.737839 6.954318 -0.511849 -9.726809 7.638106 9.989968 -7.853933 4.914384 8.158376 6.048767 3.686110 -5.144505 9.941931 -3.416820 8.904119 -5.894905 0.561345 9.296502 9.168276 9.941099 0.971342 8.441409 -0.540840 -9.047982 0.718819 7.756100 -7.030392 -5.039254 -5.421387 -4.776710 1.322038 -6.319589 6.879199 -4.932979 4.816060 2.856689 3.961028 7.765807 3.356302 -8.545604 -8.535562 9.802546 -6.120521 -1.580142 -5.055779 -1.170285 -8.042239 -8.741596 -0.706902 7.578742 7.582229 7.303792 -2.776330 -9.685605 -6.759357 5.885575 -4.633669 -7.248538 6.166810 5.540742 -7.578083 -4.836502 1.076886 4.619488 -8.828072 -4.194649 2.989981 3.826360 -2.881829 6.338069 6.281118 -5.517978 9.694171 1.523060 1.571527 4.481909 0.845103 -9.783793 4.547874 7.329771 3.032201 8.779206 7.901544 -4.477980 3.787004 -3.411327 -6.994838 -9.002562 -9.490425 -5.489763 -3.809488 -9.660817 5.117114 0.397320 3.654387 4.186214 -0.364188 -3.830865 -7.027311 -8.861303 -9.291788 -8.660017 8.845506 0.342034 3.656104 5.346402 -5.625679 7.273982 1.352781 6.990850 -2.145697 4.770402 -7.295676 7.675983 3.258559 3.752391 -5.540055 -8.854922 -0.670040 0.422996 -3.592950 9.998793 6.912253
1.607408 -7.542542 -9.877193 -3.995393 -3.494023 1.528351 4.937209 2.580710 7.213102 -7.903720 -9.653924 -7.036087 8.180580 4.706142 5.807871 -8.427714 -5.384692 8.723215 -0.909868 -4.790738 4.379677 3.161479 -6.988908 6.153439 5.007483 -7.187840 9.509310 -8.955464 -5.762490 -9.786409 0.147010 -1.733787 -2.983134 -5.890660 -8.449094 -3.821464 -8.587681 -5.395951 -6.218627 -3.157139 -3.452454 8.297210 0.445536 1.043659 2.118069 -9.834779 -4.359596 -9.109738 -5.911165 -4.323203 7.362057 9.943419 -8.340166 1.136331 5.278059 8.913570 -7.906543 9.611162 4.941951 9.650716 5.212471 -4.554527 0.139220 4.379720 8.336655 9.446980 -6.022037 -6.040117 6.713972 -3.254763 -8.532237 7.507941 -4.732443 6.441475 -5.114710 -2.277928 -2.529489 -6.124531 6.086601 -2.538540 -0.640376 -2.295152 2.696678 9.659990 -6.903891 2.726022 -4.280740 -9.575165 -8.783248 -0.255792 -0.453557 4.550521 -3.869040 7.637288 -6.108153 -7.694495 0.526159 -6.184880 -6.231509 -8.015454 8.047331 7.395403 -6.976845 1.094521 3.926403 -5.950172 2.058315 -0.784524 6.469122 9.923734 -3.480311 2.985582 -5.559924 0.514370 0.663091 -5.636963 8.606352 -3.166201 -0.021679 -7.459613 -9.287911 -5.903806 -0.715270 7.246481 -6.155044 -4.334812 4.385776 1.147735 -9.862799 4.846974 -9.363405 0.833626 2.741917 1.319683 0.177458 9.095823 -0.198124 5.649317 6.724960 5.271604 6.844047 4.092750 -3.405008 8.350761 -2.112699 2.989545 4.569110 9.839887 -0.720186 -5.976271 3.091635 4.349169 -2.982396 2.739455 9.964949 -5.318211 0.749099 2.265454 -0.501479 8.871474 2.464187 9.517829 0.227950 -1.481296 -2.328700 3.255923 5.343687 3.718693 0.329999 9.301845 -9.824398 5.286897 -2.831667 -7.932406 -3.599100 -8.374886 7.191290 -2.223228 -6.049659 -6.708403 -6.867733 -1.299774 7.508525 5.281772 -0.003591 -7.776222 -4.264922 -0.333845 -1.892248 -7.099138 2.169791 0.068606 6.232100 3.218481 8.304641 7.377533 8.342902 2.722155 -5.083610 6.401003
-1.100648 8.962851 7.517699 -7.703240 -0.288869 -9.058569 6.430509 6.599441 -7.736611 0.161122 -0.767785 -0.127400 7.138289 -6.886088 -5.293898 -6.866119 -6.119128 9.887796 -7.901407 2.316182 3.707228 2.812079 -3.373517 1.257925 -1.565674 4.721316 -3.081766 2.709933 -9.427716 7.797600 -6.129492 8.900236 -2.517510 -0.795886 -4.165861 6.487471 -0.088229 -4.641641 -1.481425 -4.074884 -4.448555 5.814450 0.812709 1.101283 7.781699 1.119770 0.663273 -7.154252 -7.093757 -3.541331 1.164862 -2.691172 6.314110 3.440240 8.874500 -9.366887 8.665200 7.145461 3.465304 3.295697 -9.390817 -7.168055 0.270963 -3.724762 5.561068 9.503652 -4.377571 -6.725679 0.440095 -1.094553 1.438535 4.282907 -6.288763 -9.635324 5.886583 -5.955008 -5.631929 -7.695895 -5.644079 3.076374 -6.260858 -0.491135 0.000253 -8.433022 -8.601789 4.710922 -1.164765 0.533734 1.090492 3.089658 7.670677 -1.792315 -2.325128 -7.648146 0.565260 6.716681 -2.497974 -7.772919 4.337395 0.969270 -3.659769 0.077901 2.979445 9.959280 4.792332 3.899710 -0.039233 0.788411 3.056233 -0.918272 -4.639011 4.077015 6.023818 4.138769 0.829456 0.065408 -4.583351 3.269048 -4.009294 4.561349 5.280282 -3.841218 6.666268 7.274718 -2.982939 7.154158 9.525420 -7.904166 2.246921 8.433679 -1.209934 5.241543 8.952701 4.112581 -5.908719 2.643533 -8.807602 7.424201 8.060166 -5.039739 -4.208023 1.404249 -0.382431 0.712741 8.661453 -1.118278 5.589584 9.289515 7.624066 3.007781 1.046574 -0.180850 0.642428 -1.263048 -6.552413 -6.474921 3.060247 2.249750 7.229598 2.594874 1.800997 -7.039581 8.864406 -8.402551 -9.224829 -6.541676 8.792097 7.372928 -3.393963 -4.460251 -9.690090 7.976663 -8.981452 9.416964 6.422932 6.410813 0.021004 -6.773808 6.071883 -0.832455 -1.977756 -0.987581 -7.314531 -7.698763 -3.777085 7.887781 3.032076 -2.655463 -2.153071 -7.660591 -8.285477 -7.556256 -6.482204 -7.202961 1.545554 -9.151431 1.094067 -5.413857 9.050405 -8.980307
1.943678 -9.981065 9.042147 -4.291739 2.777715 -4.217788 5.939664 -1.773778 -0.535884 -8.929806 4.523536 -0.273873 6.613884 -6.239236 2.885820 -2.993556 -1.675265 -6.515458 -8.492034 -0.640281 1.089107 -8.526264 -8.629377 3.553990 0.308494 7.897740 7.129329 4.888134 -8.713431 -1.587401 3.635927 -7.093841 -2.510854 0.998370 -5.167117 3.882832 5.525503 -2.857666 -9.136070 1.694216 -2.453738 7.240937 -0.674883 -9.150433 9.703040 -7.080958 7.018887 0.314590 -6.615293 -5.991532 -7.790321 0.516776 -2.098449 -7.121743 9.235339 2.805018 1.096250 3.044373 0.646540 -5.579892 4.751117 9.511636 -5.987741 -5.770489 7.255376 9.367610 7.001136 9.703740 -0.307542 9.728987 -2.409931 8.417350 7.585188 2.643991 -6.280085 -8.151653 4.111293 -1.802752 -4.481899 9.547318 9.555788 4.582588 9.632115 4.237110 -7.437534 9.707631 0.910753 4.260717 3.755375 -1.421763 3.567302 3.621642 6.561745 -7.514300 7.283436 2.250542 7.519196 -9.980987 -1.551612 -2.637552 1.906519 -4.005296 -8.944992 -4.643858 -0.310297 -6.677737 9.911940 2.394720 4.088396 -4.706555 7.939146 -2.671069 -2.134632 -9.138899 7.923656 -2.416509 4.588619 -6.946835 6.320642 -0.634716 -0.128267 -3.717137 3.434558 -9.413873 8.441503 6.944895 -6.090597 4.893361 4.862071 7.570396 2.519535 2.664849 9.548460 2.028564 -2.703475 -5.158940 8.792717 2.392256 -2.250638 7.923879 5.271567 -7.749876 8.667309 9.501932 -0.527207 6.158646 -6.460777 -6.541531 -1.944153 -4.829185 -1.269492 -7.688413 -7.617736 -2.663112 -3.693846 -6.956797 8.658423 -9.554701 -8.023143 7.788428 -1.544128 0.524465 3.705126 5.549894 -5.124748 -6.217622 -8.388757 7.359259 -7.720828 9.743585 -2.746806 2.964988 -8.343627 -4.357859 -0.799269 -3.719565 4.295319 -9.934601 -3.287433 7.397539 7.162972 -3.200327 9.032284 -0.235648 -1.642831 -9.059604 7.932867 2.371472 -2.234768 -9.637271 -2.376832 9.767272 -0.219876 6.546800 2.907864 -0.115914 0.465078 3.603570 1.910359 -2.070589
0.513604 4.925012 9.826289 9.676276 -6.329399 6.410097 4.180518 -2.685819 4.524972 3.507609 4.682443 9.115498 -2.115743 -8.252620 -6.911254 -3.593542 5.272810 -3.798175 -1.664141 -5.514194 -5.041367 0.628661 8.134751 6.363458 -8.329650 5.153060 4.494637 -6.724612 3.633336 -0.836795 -0.066375 -5.443851 0.998620 4.544303 -1.401094 -5.937476 -9.118100 4.483865 7.398054 6.955491 9.042946 0.520227 1.994914 -3.028193 3.652687 -9.217330 -6.969495 0.441489 -1.449704 1.444975 2.871812 4.672961 2.613046 7.220482 4.110902 8.768493 -2.155875 -1.924886 -6.871236 1.396938 9.793938 1.181695 -3.120342 -8.712410 4.115772 9.463312 -9.734776 -9.962921 6.124429 -4.883029 -6.227990 -7.565378 2.168382 6.368893 3.126437 -4.706590 9.409696 -9.727515 -7.913325 -3.465675 -6.427139 3.161983 3.427781 -3.844882 5.269140 6.363530 9.101151 4.699584 -4.952018 -3.289272 6.786668 5.548848 -6.830433 1.119753 -6.802061 -3.228670 -7.896950 -7.586095 0.960787 -3.842905 -3.771777 8.514761 9.705928 2.184760 -7.932223 -3.055515 7.986627 -4.954355 -2.274193 -1.708805 7.315965 2.000385 -0.808288 0.256554 -3.863839 5.351377 7.488158 1.064186 7.510489 2.682906 7.385590 1.471533 -2.702463 4.330204 5.259391 8.423470 0.589540 -1.001447 8.246252 2.326827 7.977519 -5.970247 5.248525 6.466681 1.033325 -8.000366 8.524599 1.735317 -0.643062 3.979738 2.829324 2.443950 -5.855847 1.566444 -4.879662 3.246224 -0.374307 -2.171126 0.598204 -2.250553 -2.738060 -7.425514 5.061634 -3.552934 6.805251 9.971133 -6.207575 2.943372 1.574988 -5.649219 4.004554 1.285016 -7.729233 0.748552 5.132598 9.030908 -7.633461 4.579330 0.336087 3.527334 4.463347 1.950999 9.474442 8.326754 0.586573 4.462981 9.926645 3.688584 0.852953 5.283859 -5.612994 7.873645 -8.965101 3.648097 -6.889672 -2.445309 -5.042756 -4.345660 8.069856 -4.640271 -4.282654 -9.563386 7.534637 -7.211621 3.475660 -7.327271 -0.422537 -8.801797 2.954678 8.856806
0.734679 6.953373 0.066672 -3.648226 8.793055 -2.210992 -7.631232 -4.859819 5.531225 4.068994 3.681997 -2.733424 -3.436946 -6.332029 7.420880 3.110087 1.568734 1.401003 2.393882 4.449666 0.637339 0.121119 6.588654 6.252365 -9.667417 -7.015072 2.267047 4.741720 -7.593991 4.283151 -1.272549 -3.520922 -7.522116 -3.982005 5.998389 1.057743 5.702063 -9.968049 -9.795523 5.572569 9.771010 -1.537137 1.837063 3.288821 9.368107 3.268870 -1.522071 -6.804474 -1.950411 -7.192862 4.392450 -5.856722 7.746596 7.499972 0.529160 8.623374 7.220420 8.344342 5.867591 5.326824 -1.935069 -3.905460 -6.427977 4.486340 -2.563633 -2.294503 -4.620965 -9.151889 -4.451973 6.697595 -0.310897 -7.457484 -1.862479 3.638116 -9.076028 -1.446760 6.931564 -6.087327 -9.346356 -1.051094 -2.702050 5.110877 2.253667 6.236521 -8.501598 -7.683287 3.890240 2.903136 7.767574 -8.136471 1.486623 9.755794 -6.062544 2.177138 -9.956184 -1.700661 -6.659658 8.889361 -3.018128 -6.100408 5.198596 -2.667058 7.622888 -4.564660 9.683582 -3.335269 -5.767662 -4.976608 -5.055400 -4.431118 4.770162 -2.317391 -4.615862 -2.135538 6.593996 7.657878 -4.635828 7.346883 8.089127 -9.523430 -8.503662 8.345343 3.939880 -3.568426 -7.534572 3.493896 -5.274379 9.954827 3.797619 7.071579 -7.273181 -4.767217 5.914624 7.750592 1.574649 1.959043 -8.297890 -5.834615 7.214010 -9.901770 -5.988976 6.937881 4.252122 4.277468 3.425414 -8.000420 -3.776209 -6.539750 8.071918 0.401007 9.900989 9.426282 -9.697287 7.603319 -5.606166 -3.889092 4.713984 -1.536469 7.194013 3.365281 -4.799952 2.384717 -8.731141 -9.308143 0.851926 -6.659721 -3.359506 7.806430 -0.787030 4.277663 2.957791 9.541802 8.231610 -2.016868 -5.587928 -2.478017 3.562641 2.100075 6.782003 3.876205 7.105937 1.357280 -0.333424 7.630492 -6.854978 8.167582 -6.343745 -3.563399 -8.108638 -9.215965 -3.641324 -3.626032 -9.374088 -4.323166 -8.623491 -4.997081 -8.269313 8.744991 -3.927738 -0.572122
9.563585 1.720747 7.705257 -6.670960 4.137567 3.327796 0.748013 1.528911 -1.308482 0.639093 -7.261731 -1.905363 -9.408178 -9.299859 2.730931 -0.646978 -4.200865 -6.186043 -7.230278 1.934430 1.515642 -9.680569 0.193506 1.952168 0.839064 6.120653 0.801242 -3.735882 3.740271 5.879024 6.936158 5.754102 -3.420039 6.577432 -5.311055 3.859303 -2.185553 -6.997568 -7.574265 3.148798 7.081480 -4.461964 -0.970025 -7.318814 -3.840740 3.301775 4.088541 -3.488086 -5.532957 3.420222 -6.639678 3.047583 5.244887 2.359914 9.385251 7.702371 2.557616 6.599653 -8.635724 8.988956 0.686065 0.367470 8.941650 -5.200399 -5.729620 -0.934481 0.272540 -2.622169 4.912634 -8.524904 5.343291 -6.875651 -8.655044 5.693805 -2.346571 1.610606 -9.167042 -3.022686 8.645560 6.131297 -9.128129 9.203110 3.143157 2.630327 4.539349 -8.487241 -7.538680 4.671880 0.855590 5.984865 -0.403002 -7.709604 2.218876 8.515311 8.186965 3.488275 6.847021 -3.728855 7.089028 -7.497043 4.571791 9.063091 -0.028239 -5.575810 5.208121 3.954701 6.898861 7.981458 1.937832 -6.410927 5.703412 4.868059 3.689458 9.749319 0.369870 0.257169 0.686963 -9.412953 -8.562740 -3.469399 -3.917784 1.619584 -8.995859 7.148907 -5.442793 5.640184 -6.950569 -5.655705 1.531751 -4.399639 0.202226 5.981064 -1.311644 -4.514850 -6.436643 -4.356253 -4.381061 2.697320 -7.900869 2.482741 6.677170 -6.260730 5.513242 -7.789011 3.702904 7.129279 -8.324254 2.896143 2.620499 5.436772 -8.376580 7.627658 9.467438 -0.752137 -1.456951 3.532410 -3.460765 -5.740163 -8.977548 6.323684 0.174352 2.788420 8.331995 7.055944 -4.314654 -0.852897 5.584308 -7.591145 7.760605 8.741558 0.804375 -8.941860 -9.106365 -5.577748 7.615996 -3.764826 4.976098 -1.858313 -7.949429 1.477248 -7.084083 -1.988123 0.292451 -5.979485 -7.214065 -2.956921 3.203013 2.383862 -4.643981 -8.694327 8.544640 -0.437119 -3.589917 1.530422 1.483293 5.749750 -3.945946 -0.973264 -4.876097 4.554884
-1.400254 2.166041 0.680749 5.672116 -0.232424 8.468240 -6.100429 -2.818937 -5.960849 -6.243851 -9.113901 -3.858549 -6.569041 7.885136 2.509570 5.889757 -5.190709 -5.258905 2.524199 1.392664 -2.659139 7.985313 -7.704456 3.241508 5.700387 -5.035870 0.859048 9.674867 3.494380 8.135346 5.022411 4.326229 4.613095 -8.578878 0.072892 -7.213485 5.820641 -7.917676 3.084496 6.648804 -3.339169 -4.783653 4.383866 1.996457 -6.391788 0.361595 7.317619 -2.480387 2.013305 8.560295 4.875637 6.405517 5.842214 1.978218 -9.466099 1.143880 -2.438611 -2.290505 1.330902 -6.182087 -4.111418 -1.057795 9.782582 2.443362 -7.085970 -4.243743 -6.007001 6.157389 5.738632 2.641026 3.412080 9.885452 3.954613 -8.719717 4.228901 -7.321836 1.327587 1.673131 -4.824343 9.561331 -7.928498 4.451480 -9.933288 5.205275 -0.725454 3.471558 1.574730 9.316600 -2.991001 -3.921276 7.684022 9.409468 1.556569 -1.072553 -9.562517 9.619197 -6.251071 -6.355246 -4.896383 -5.063216 3.808554 9.169544 -9.797394 9.989380 1.458280 7.920769 -0.797301 -7.228971 3.750013 -3.584169 -9.139075 2.196210 5.725808 -2.259018 0.341648 -6.687411 -8.337165 3.410360 4.102725 -1.587449 8.029358 7.626151 4.554939 9.646060 5.554272 -5.455887 -6.553531 -7.595714 -5.878071 -4.287696 6.765276 -4.236859 -5.797112 4.543796 8.326216 -1.691715 -1.586824 6.725031 -6.203210 9.627175 -2.198568 -1.573008 -0.329248 -8.904760 8.716478 6.119848 -6.387948 5.559507 1.152049 8.890537 -7.553183 -6.018672 -0.776941 -5.879739 -4.044255 1.124108 -3.718178 3.961908 4.779977 4.396874 -3.526100 -6.724547 -5.302573 8.254568 3.849131 1.569103 -2.153116 4.388905 -6.366190 7.448900 5.051870 4.926355 7.969969 6.812227 0.511885 -6.168272 -0.941729 4.537934 -4.544177 -4.052865 3.559761 3.258397 -8.664145 -5.277296 7.021299 -0.797055 9.561257 -3.128670 0.421478 -0.425837 6.509632 0.800858 1.237488 2.648158 4.170525 -7.851981 -3.930518 -1.861453 4.538878 -3.509553
7.731644 -9.331560 9.807376 0.338802 -7.849961 8.200670 1.885958 8.010069 3.863425 0.992575 5.762719 -4.234272 9.208152 3.142104 -1.874502 8.634225 -6.119292 1.822140 4.410908 8.252319 4.238093 -2.806340 8.506927 -0.953013 8.936166 0.067492 -6.268057 -8.922508 9.360780 7.428983 0.683594 -3.091479 8.417733 -5.674249 -6.422284 5.572104 -6.031651 6.466556 -4.651869 8.480275 -4.936885 9.314290 6.122643 0.112731 -9.877250 -3.859315 -0.655150 -7.245432 2.579751 -6.372483 -6.876819 -3.080009 -4.291037 6.056654 8.599674 3.456269 2.587524 -4.995665 5.031429 -3.283553 5.201945 -9.490849 -8.318389 -0.570049 2.448926 5.025768 -8.396418 4.237002 -2.632987 2.348031 8.926765 1.767857 4.887319 3.347803 -4.418584 1.217336 4.369480 -1.433896 -8.231465 2.404905 2.614930 3.785452 4.560743 7.684182 -6.508473 9.292828 -3.347434 -4.958519 -9.752112 9.219312 -4.524660 5.159044 6.630123 8.868225 -0.614426 1.886326 -6.850753 8.517947 -7.021477 4.388035 6.551600 -6.102872 -1.510956 6.766149 -4.340067 -8.227238 8.262629 -9.106790 3.296666 5.265985 2.919700 -1.611350 1.727847 3.117312 9.914203 9.051049 -2.140653 9.844049 8.816526 2.594355 -9.836095 8.935376 7.570790 -1.003170 -4.544507 2.184556 -5.568467 -7.486221 -8.837344 9.092311 -0.769684 -0.612230 -8.801058 7.615711 1.721859 -6.112442 -0.576193 0.978926 -9.139667 8.451103 9.333048 -7.852894 5.067360 -0.631752 -9.350441 0.859701 7.375869 6.022843 -2.282998 9.392311 2.662210 -9.501549 -5.190694 8.944488 1.532677 -0.188632 0.416235 0.534211 -0.951315 -0.963205 -2.954033 8.259877 0.531335 9.029903 6.936341 3.948278 -3.519696 -5.264539 -1.201069 -2.336246 -1.856432 2.665459 1.348208 9.002956 4.532967 5.835093 -6.755279 -2.423014 6.775793 2.033471 3.897306 -8.738751 0.903746 8.454150 -2.083566 8.646311 -2.788761 -8.440773 5.313546 -9.295883 -4.879623 3.381883 7.460619 -1.409403 2.222213 3.967096 9.314290 -7.800041 0.599972 -4.060113
-4.766820 -9.598178 -7.475447 -5.522918 3.819759 8.397684 5.272548 6.669253 -6.776698 -0.391236 3.465088 -9.477775 -0.653080 -5.572600 -5.636401 -4.429294 -1.205454 8.566808 -5.562896 -6.218265 -3.548446 -4.762744 3.498412 -5.928497 -0.664972 -0.909755 9.472398 6.968287 -4.161778 -0.330744 2.071308 -1.495225 -1.801344 2.399751 8.075503 -7.553912 -7.737795 -3.191034 5.373359 -8.943632 7.218975 -1.951575 -6.567391 -1.139209 1.068796 -9.366908 5.289787 -6.558984 -0.030223 -1.029604 -6.179619 -3.157664 -7.444276 -0.677077 -1.172820 0.408536 1.312159 -0.221821 -3.086521 -4.845778 -0.303091 -4.653231 -4.804478 -4.281068 -1.562589 -7.449560 -3.374483 -9.557734 0.033441 5.785797 -8.740887 3.753782 5.911472 1.310525 -4.205868 5.531477 0.890771 -0.548870 1.441576 9.515220 1.274501 4.704859 -9.166360 6.715951 6.961601 -1.049736 6.592732 4.113915 2.820706 5.567153 -9.851928 -7.316819 -0.464416 5.500127 3.832133 -6.601294 -5.949875 6.257714 2.293113 6.944665 9.919235 -5.837604 -8.080967 -6.417108 2.853999 0.774345 -9.716699 6.789591 3.263925 4.600415 -2.116974 0.206224 8.756078 -4.021150 8.523278 -1.799631 3.508224 2.234185 6.915406 1.267887 5.559292 0.988650 6.791131 -3.659972 -3.670418 7.171534 9.567403 0.909029 -6.018911 6.305545 3.300308 8.169627 6.890775 2.315706 2.215531 -2.525012 9.149915 7.723201 8.750651 1.873641 -3.446348 2.928613 -1.542705 -1.104873 9.352569 1.269278 -6.984593 8.792387 9.952789 -5.784529 7.986142 3.825878 4.667365 -1.220675 -0.488938 1.070015 5.138890 -4.641117 8.941623 -7.786649 -2.037584 -6.398586 8.998995 -5.607436 -9.458573 5.087726 -2.898481 -4.231181 4.056023 7.860759 6.878629 2.936769 -6.184951 -9.028402 -2.723075 -2.866672 8.613703 -7.017415 -7.150565 2.178493 1.673788 3.183837 8.957989 -2.081268 5.856803 1.768058 -4.977206 4.830905 2.113457 -4.995649 -0.841496 6.119375 4.621559 8.467073 -4.016362 -5.000044 -6.713358 4.853866 -0.477288 3.061654
9.899462 1.326281 -2.569523 2.330806 5.770689 8.863137 7.735317 4.021562 -0.974757 -5.860244 8.041461 -2.412582 2.586413 6.012617 7.371088 1.643150 -3.266140 -7.076594 2.568345 -3.115721 8.362250 -3.119423 2.376690 2.148436 -3.796861 -1.791868 8.516756 0.351629 8.922105 -0.610306 0.535597 -5.745179 0.173292 3.774758 8.547531 -1.352186 6.745254 -2.207475 -3.210585 -6.422740 1.149566 9.831879 0.440198 -9.397125 8.367209 -2.788214 5.583474 -8.362585 2.257187 -0.812266 -8.002891 -4.920019 -8.153602 0.560602 2.613503 -4.905347 4.494915 -1.503584 8.971917 2.854677 -0.306493 1.099657 -2.376273 4.181187 0.652114 8.797809 -0.093403 4.626687 -6.180597 -9.362808 5.445541 7.967434 -8.497677 0.828249 7.869435 3.200727 -1.175190 -9.988178 5.456030 3.394691 -2.973475 -5.368972 -9.358172 -4.461699 0.392068 -0.968023 -0.773538 -8.587962 -8.654001 -4.952047 -4.599107 1.367499 0.339189 -3.157574 7.180782 -1.802303 -3.872896 8.809324 -7.113666 1.598355 -4.850207 2.722512 -6.028127 -2.778941 7.021839 -2.248358 -8.797631 4.664509 -4.484043 -3.644795 -7.182760 -6.388335 7.830404 -0.321589 3.401416 -4.187478 -7.189245 -2.806536 6.446698 5.906329 -3.479860 9.587962 0.197571 -9.307143 1.367231 -2.419966 6.601979 4.804326 8.981721 -2.788689 2.471011 7.405318 -9.848044 -1.303249 2.441254 3.633185 -8.357956 -4.677363 -1.166524 4.237600 4.716034 7.470988 6.441459 -3.119458 2.734352 2.174942 5.264974 4.966959 0.856038 6.434467 -4.181967 9.245172 3.934763 7.621146 2.837385 -6.312744 1.507832 1.316043 2.064602 -9.903469 -3.584183 -7.759510 -6.544491 -8.221899 9.248615 -1.786183 2.315421 7.110718 -5.921418 5.303457 -2.208764 4.631620 -8.160264 -5.961826 -0.937694 0.371865 3.008936 -2.897826 -7.811946 -2.420060 -3.914010 6.017123 -6.232718 4.538478 4.566833 -6.513853 7.831245 7.422785 -2.235648 1.918575 4.795471 -1.015962 -8.623976 -3.864842 -6.244898 4.188225 -4.165396 -5.820837 8.415913 -3.481843
8.945841 -9.003397 1.628642 8.979377 1.395152 7.614505 5.429812 8.783308 9.859318 -5.810581 3.213688 -9.173605 9.643219 3.229973 1.070844 -5.961685 8.710985 3.868117 6.474687 6.947398 -9.035018 6.333998 -3.552109 -1.626776 6.785350 -0.567412 -2.888529 6.670706 1.808033 -9.074401 9.935775 5.360652 3.885269 4.403465 1.018859 -5.869859 -2.252678 -3.145352 6.778757 5.432091 1.711509 8.447557 3.215110 -5.403590 -3.901000 -2.990244 -5.205029 8.832378 7.991614 -9.350518 -5.598687 0.060977 -2.067043 -1.647733 -2.640946 -1.229475 -7.198089 -0.480142 2.770430 8.153861 -8.478111 -6.908549 1.917813 -0.859884 -2.813079 1.576487 -9.886206 9.430977 -8.493497 4.912544 -9.400547 7.997337 1.970446 4.085217 9.407081 -7.445560 0.726013 -9.581022 -1.804909 -7.062479 8.495026 8.912894 7.812199 -7.954416 -3.981746 -2.690475 -6.337472 7.067920 -7.568465 -8.401243 9.294769 -8.434531 -9.590662 -2.650994 4.888777 -6.362671 -7.026631 3.203411 8.984313 -1.505827 -3.091991 -6.542919 2.736492 0.166154 -4.332206 7.531650 9.185287 -1.945310 2.590162 -9.676237 -5.453483 1.261651 8.919337 1.871742 6.366757 9.342194 3.978507 -8.285586 9.849332 5.609247 6.100771 3.831390 -5.692591 -0.988678 -4.485292 0.819673 0.543589 5.082836 7.674029 -5.825535 7.859948 3.425764 -3.797324 -0.314745 8.775417 7.683387 7.185031 1.659260 4.973391 1.524210 -8.096838 -4.511454 0.692302 -4.384889 -0.714928 -6.694633 5.742459 -4.205466 1.670874 9.739343 -8.693601 8.779709 -8.167593 9.845504 -5.074461 -1.327096 -2.862317 7.769092 4.677218 3.086764 -3.791053 -2.844252 9.891912 8.787275 -2.920127 -3.539132 5.275708 4.861691 5.448959 2.344696 -7.420707 -8.728924 -6.914188 -9.022970 -4.626811 -9.708962 9.336986 -3.838647 -6.933556 8.488474 6.942390 -6.425983 -3.921579 8.589894 -2.901233 -0.065416 9.338886 6.346187 -2.275146 0.698864 -1.470192 -5.464328 5.283280 -5.856579 8.583893 2.110507 5.922011 -1.179829 -0.389295 2.337141
-3.717083 -8.774602 7.854180 -3.506709 -1.706052 -1.211286 -1.365642 -7.047428 -3.781257 -3.962824 -7.912337 -2.776727 -4.290344 2.740835 -1.602669 -0.107711 3.801705 2.305670 -9.647829 -2.456448 9.136103 -5.321629 -3.805785 -0.241058 -8.113030 -2.100478 -8.206911 1.474405 -4.489133 9.436919 -9.488131 -7.222344 -4.849171 -8.756981 3.100341 5.628092 -9.567769 -3.141610 0.295284 -2.718072 2.849603 -2.732492 1.749294 -0.224289 -7.627573 5.667697 1.030378 -1.144026 -8.086809 5.044637 7.742583 1.529085 -4.117153 -8.676729 -2.827408 -5.143766 5.449777 0.835840 2.633526 -2.003121 -8.227691 -4.795779 -0.388308 0.013830 1.069390 -0.674522 1.864364 1.940332 -0.234172 5.037728 -7.177893 -2.710924 -3.695356 5.189498 -3.051632 -2.374815 5.581210 2.651957 9.519035 2.096555 6.496583 6.261465 -1.302243 -5.641135 -7.456162 5.320132 8.799127 -8.279565 -9.569211 -8.165513 1.763590 9.725594 -4.832900 2.889157 -8.372845 6.769418 -7.877928 -6.884425 -3.188412 0.303941 -3.633032 -1.764882 -3.976672 -8.301831 3.048598 -0.045518 -6.046124 1.033251 -1.534373 -9.099832 1.652912 -6.419486 4.738827 -0.927867 0.979215 -4.205877 0.841406 4.898473 1.944711 6.390361 2.773683 -8.802278 9.204450 6.255971 4.172051 -1.871961 -8.284632 2.882837 0.281380 -5.265872 -6.349480 -1.467140 -8.973395 -0.933084 -2.122217 -3.283551 0.490809 -6.045964 -2.965713 -5.259718 1.986600 -7.563733 -3.157632 4.093833 0.370431 9.357546 -2.486998 -8.591734 -1.309135 -4.935039 -1.268879 4.948698 2.648843 -1.808925 -6.393552 1.862688 -2.329521 4.168560 -3.116472 1.024341 -3.594063 8.326192 -0.744957 9.404282 -6.208657 -5.520929 3.837047 5.960747 -7.224860 6.816251 4.538970 5.806416 -0.197799 9.725516 7.439059 5.214185 6.005084 -7.456233 -6.518125 -4.445056 -9.118056 0.488687 -8.961718 -8.006261 5.363116 0.484138 7.308464 -1.798488 3.367859 -5.313803 -0.164011 8.027297 1.798482 -8.067883 -4.069370 -4.849517 -4.602860 8.650891 8.569942 -1.320947
-8.492552 -3.033204 -2.683347 -0.807682 -3.893755 -3.568978 0.896313 -2.369292 8.327217 1.462351 -6.695164 6.227988 1.045685 -6.296554 -0.281776 -7.257238 9.386660 -4.952042 1.749336 2.003760 0.087749 -6.852775 4.442650 -6.168677 9.121531 9.276106 2.985438 8.803063 -6.475578 -1.687870 5.179741 -5.120328 -4.744105 1.837218 7.811918 -0.338275 5.503911 -4.732012 -1.319083 -4.774320 -4.937554 -0.892389 2.449936 -5.066575 1.542323 -9.714104 -0.489114 -6.845074 -3.069300 -5.236259 9.798659 0.942988 3.375424 2.819951 9.357546 -8.059174 -8.267102 -2.789790 1.482605 -1.980724 -2.486531 2.086213 -5.898296 -8.096348 -9.386802 5.809959 4.810298 2.284237 8.122863 6.330320 4.835267 1.001842 -5.954658 8.099756 -0.961441 -4.793714 -6.962933 -9.959355 -1.065330 -7.077249 7.504693 8.474137 9.920764 -6.433410 0.886611 -6.781699 2.688577 2.265254 9.018392 -5.856050 5.658721 0.656108 -9.165698 -2.993349 0.427290 7.171603 1.774189 -3.047102 6.534020 9.995701 4.646150 0.040228 9.194246 2.575591 -2.068961 -4.470805 5.225463 -7.910827 -8.923634 6.905124 3.115517 -1.465800 0.222738 3.897360 -9.949687 -6.849490 0.210833 -2.918506 -2.094439 1.681498 -3.475249 -1.670487 -4.724540 2.169440 9.485598 -4.024979 0.769210 5.931379 3.020562 -6.713375 6.449758 3.257319 -8.806873 -7.541889 -8.576272 -3.124364 -4.499362 -2.846809 1.186622 1.251983 -4.042211 -8.866746 -6.402420 4.506560 3.197978 -8.942718 -0.060263 -9.024294 -2.217512 9.825590 -9.833512 -1.905800 5.076167 -6.433979 4.054599 -5.913072 1.708640 -4.529440 0.506553 -4.080413 7.875919 -2.709104 -5.033703 2.335789 -3.391579 3.785720 5.467844 -3.258694 3.704903 7.761271 -5.871519 0.045729 9.733970 0.315740 5.734566 -5.034205 -9.743439 2.659745 9.187053 0.237734 2.601371 -8.723117 -1.242817 -4.348410 -9.087815 8.176124 9.460096 6.545772 -4.681727 6.413357 5.923512 -4.924587 9.419084 -8.267893 1.836942 -5.189248 0.199955 9.354971 7.549776 8.206289
-6.650731 -2.214504 1.399982 -6.882717 -2.512405 4.399159 -6.902751 0.520774 1.056014 3.116485 -3.196803 -5.282004 9.096847 -3.552088 -6.123178 8.502726 4.918330 -5.362264 -0.365515 9.317368 8.567833 9.568049 -2.960593 7.836546 9.462684 -6.692072 -7.443712 -7.192769 1.780288 -1.087222 8.538440 -7.421207 8.867339 -0.281415 -4.645950 -8.486936 -4.628876 -0.989710 -0.073597 2.598726 8.829300 -1.635853 -4.759620 7.753873 -7.534509 -3.937301 4.910477 -4.371589 8.416632 1.801099 3.019860 5.470200 -4.748804 0.877263 8.965870 -1.707071 8.889928 -8.908036 -4.109165 -6.542409 -6.309120 5.998206 9.641652 8.941567 9.522137 4.207398 3.825162 3.889068 -1.284262 -4.415355 -1.930347 -9.252168 -7.313128 3.787148 -3.557512 1.645513 6.530487 8.705436 -0.156244 2.612491 -9.989405 -3.818304 -9.787729 5.771268 3.503121 -9.593631 -4.493786 -7.284932 9.104514 8.505846 -6.877071 -8.875822 6.489650 -6.524558 -0.621893 -1.843888 -0.722777 0.963133 -3.847050 1.919785 9.340038 1.537567 -5.931392 -2.241968 -3.263209 -8.988131 -4.862692 -7.990892 3.494789 -5.980551 -9.362767 4.870456 1.351224 3.527954 1.921231 -9.732570 -1.485223 -2.148162 -6.807107 -7.865905 -4.732335 -9.585967 -4.712984 -8.980452 4.561217 5.145356 -8.717334 -4.451103 -5.533898 2.936382 -5.975136 -1.384985 -0.254457 8.695639 -3.754576 -8.600626 -8.941868 -7.650637 4.186565 1.554788 -3.339610 9.971070 4.326689 6.540789 -8.153367 -6.867598 9.215220 -6.651262 -0.800085 8.762459 1.422078 8.219756 -6.924860 -0.637598 -3.810510 -3.842748 -4.620850 -8.594314 5.594143 1.754275 -3.986773 2.437834 3.614749 4.278050 1.609916 -0.729669 8.181864 0.245594 8.579354 -4.019964 0.861636 1.924556 -8.466211 8.629645 9.736496 3.653034 -8.140108 -6.753735 -4.791222 0.341235 -3.473021 -9.415302 -0.247224 1.640048 -1.495275 6.399380 3.688810 -8.476041 -9.065055 7.932659 7.757369 -9.594072 -4.370292 -7.503562 7.980154 6.781633 6.056990 -7.109909 -8.033797 -9.386605
5.529707 -2.832125 7.558603 5.671070 9.719127 -3.654651 -2.465300 -8.727627 1.080116 9.870635 7.715926 -4.450241 -7.965928 6.956732 -4.342623 8.476645 -3.160179 0.938663 5.931578 6.427685 -9.973477 7.781079 -1.429259 -4.792418 2.753635 -6.383871 -4.406818 1.511348 -2.197677 -9.805591 5.115324 6.565491 -2.091156 1.169309 6.701710 1.659168 3.274082 -6.122821 -1.210897 5.473255 6.197634 -2.847830 1.124990 -9.404899 -2.035677 -7.709479 0.239703 2.544480 2.888517 -4.066592 -8.161267 5.014038 -7.480842 -5.504382 -9.137918 7.469984 6.519022 -1.845935 -1.643098 4.550605 9.168121 3.031235 -6.783869 8.023612 4.264908 -4.516422 7.700982 -6.504952 -8.853374 8.137451 6.827443 9.503584 -6.113186 -6.548474 6.057572 -3.108721 -6.593502 2.124156 -7.558055 -0.574906 -9.035718 -7.548493 -2.427424 9.615450 -1.210256 -8.290439 -8.303493 -2.431457 5.651801 -5.416145 -9.838170 4.694150 -8.535763 0.199434 -3.286763 5.175476 9.709801 -8.561484 1.334342 -1.622423 5.110324 3.949268 9.894712 2.452096 -8.275695 -3.501393 -3.090085 -8.223556 4.224417 9.358860 6.119583 7.734908 3.322204 7.228181 -8.787751 -7.875299 9.208518 2.976444 8.788768 9.376800 -8.062583 0.754486 -5.990410 6.801971 -1.822088 1.176613 -4.258648 -4.455526 7.357829 0.722316 8.189948 9.909049 -0.098077 2.651086 9.896000 8.015966 7.440453 6.619807 4.299880 9.103375 9.829623 -0.567164 -6.188281 -1.343901 5.060645 -0.123012 -8.482773 5.474244 -3.923253 -3.681639 -7.097283 -6.620081 2.797454 4.197583 8.973948 -6.756913 -6.438961 -5.437967 -3.517858 -1.410307 -1.138144 -6.110154 8.360179 0.192592 8.484747 6.637655 -3.305134 6.940328 -3.182222 -3.490007 7.436111 -5.947477 -9.472131 -2.417655 6.375349 -3.103968 -5.233882 -8.998608 4.705236 7.251006 0.042407 -7.077694 6.780045 -4.689173 5.857726 4.462236 -4.753823 4.691961 -8.529843 -2.602422 3.661688 9.016637 9.687110 -3.873842 2.910718 7.405972 4.131992 6.345052 0.075704 -5.747316
-4.633186 -4.433080 -9.096710 -9.957546 -4.427781 -2.920120 8.595409 0.498674 -1.212188 4.026973 9.164493 -9.120970 -6.286961 6.917878 0.408005 4.082797 -2.805220 9.044288 5.949962 7.240702 7.305667 -5.932220 3.952382 1.241200 7.730340 -9.971589 6.919562 -1.837856 -9.977976 -0.560029 0.057814 -3.783368 1.327270 -8.179966 -1.251410 7.767529 2.200047 2.955000 4.756254 3.690728 -9.425599 -8.156649 -0.737141 -5.670359 -6.110963 0.549377 7.453833 6.903248 -1.109048 5.145529 9.642847 -6.731407 3.977874 -2.168787 5.167114 -7.721155 9.325544 1.093113 -4.148074 3.964728 -5.972996 -1.344177 -9.807876 8.469222 -7.425070 5.014337 -9.285167 -7.186164 9.856153 9.298810 -0.567520 -1.697523 -3.702028 9.006622 3.615107 2.040371 6.104635 -7.033816 9.829370 -2.664158 4.613982 3.275884 7.810389 -2.738574 0.800208 3.734994 6.023111 6.469989 7.845891 2.088305 -1.470789 -8.472190 -7.289945 5.383454 -4.192590 4.115003 7.372839 -9.302755 -1.395335 8.408984 0.009104 5.779467 -7.210895 4.981312 3.015582 7.193526 -9.951107 7.011389 -3.100143 -9.795860 -1.209674 9.385630 -3.963902 -0.165024 0.790800 -5.041627 -4.136831 -1.123109 -0.539060 -6.274496 -4.920832 3.057977 2.147868 -6.377258 3.709090 7.807530 4.120768 7.092758 -8.739299 -3.705902 -4.708372 -6.541602 2.591829 1.853255 -3.307380 -6.233264 8.185854 -6.518024 -7.723336 -5.918747 1.499071 -2.050344 9.115445 -7.171629 4.391680 2.363713 -4.671057 4.076907 -5.183635 -1.074860 -9.737706 -3.277937 3.603106 -0.355239 -7.176330 -4.341977 7.128170 0.100191 -9.509799 -8.426122 6.582106 -1.687827 -3.496228 6.040389 -3.457969 0.485039 0.309137 -3.073176 -3.689148 8.113550 -2.240568 -8.321929 -5.993758 -1.673554 -7.195531 6.107104 3.627843 -7.700342 5.770926 -3.648238 0.707027 -7.565150 -1.832357 -2.690530 1.688335 7.361736 -8.651782 -9.368641 -9.110603 4.264733 5.250209 6.754715 9.155231 -7.991278 1.440169 -8.826384 -8.675228 5.734243 9.271721 -4.745065
7.519502 6.932285 -8.136932 1.970268 -8.454814 -6.927025 5.808874 0.982018 0.224164 -2.974675 -2.535243 2.980636 0.461892 -2.146019 -0.163048 8.188640 -0.761485 4.181003 9.689127 2.999239 -9.096158 4.699511 -9.638113 9.206809 -8.667945 3.103211 -0.561750 -1.568472 2.624225 6.970676 -0.022628 1.066964 -2.635395 5.096307 2.221117 2.460843 -0.197880 -4.505418 -1.498781 -5.412077 -3.678405 -2.118598 1.256350 -9.000526 8.633010 1.048716 -3.878781 4.595252 -4.340264 9.163788 -0.362966 6.501601 6.866284 -6.897120 1.423362 0.073732 6.008129 5.493282 9.114385 1.097758 -8.275432 -5.359095 7.276405 0.630408 -0.925830 -4.484554 -8.460823 -6.814314 -5.252532 -0.790205 8.080732 -7.099699 -7.167154 2.559556 -1.011111 0.520215 -0.408763 -7.165509 6.454902 1.885484 -6.677135 4.714211 -7.796960 3.706196 -4.745265 7.910844 2.862772 -5.378525 1.527610 0.520622 2.797415 -3.661425 2.783221 -3.150193 -9.732093 1.880874 -3.073345 8.916114 -0.506331 4.091661 -2.070797 -2.920896 -3.452097 -9.475425 7.812256 0.981615 -4.137724 -4.318549 -7.481803 -0.299799 6.143027 7.159176 -2.060283 0.782473 2.535609 8.559840 6.327818 -3.858181 5.622576 6.817941 0.444154 0.991956 0.268383 -1.834489 9.632744 4.647110 1.302405 -3.129842 -2.157766 7.573414 4.010626 3.726590 -4.750906 2.378479 0.220826 -3.239487 7.885701 7.971758 5.851777 -6.338032 7.146483 3.310783 0.710564 0.624168 -2.217204 -1.929232 -9.995032 1.714579 5.207959 -3.782182 3.948384 -6.385803 -5.684999 1.929423 7.127280 -8.135348 0.179806 8.341348 6.344378 -5.953127 5.239469 9.377573 -0.556417 9.305667 -4.717668 -5.689687 -9.915987 -9.573210 -9.730853 8.827208 8.600374 -6.296054 -0.548099 -1.649145 2.836982 -9.241822 -7.342580 5.971430 6.771461 -6.093029 4.180165 -2.822665 -2.446170 -8.117859 -5.082942 -7.236729 -2.703318 6.712318 8.753503 3.366989 -2.962657 -4.124056 2.544689 -5.339037 3.882815 -5.325612 -6.487832 -9.287511 -1.090566 6.022436
5.193074 -5.954378 3.322847 4.545232 1.452565 5.890384 -7.157081 -4.743737 9.914834 -5.540015 2.898378 -1.345569 -3.539057 7.661177 -0.651473 -4.351057 -8.419945 9.521097 8.034516 -8.404810 -2.819616 5.081822 -5.737056 -5.259723 0.938583 9.361378 -5.670105 -5.422157 -9.389724 -9.412913 9.124032 8.406186 -2.804378 9.000012 -1.340849 2.770771 -6.146933 0.497358 -0.445694 5.606282 -6.507545 3.607097 8.551266 0.617469 -9.313436 -0.244343 -6.603822 4.371723 -4.279788 -0.374410 -5.319474 5.181161 -0.205022 -7.973820 -6.046262 -5.828372 2.001615 7.309867 -3.093573 0.702154 8.858552 9.228870 9.317566 -0.927551 -3.014159 2.738694 -9.784178 -0.851632 -0.120559 7.286186 6.891194 6.381831 2.140236 6.555166 3.832361 5.152002 5.948317 -5.995310 6.874710 9.006682 8.355784 9.278169 -2.901257 0.462380 1.987538 -1.597026 -4.112173 -0.877218 -2.084918 1.140193 -7.792519 -2.756442 4.479631 -0.654890 4.578548 -3.652029 -7.741680 -0.692649 6.841752 9.023371 7.748703 1.023901 -1.373975 -4.303853 -7.049221 3.385243 0.531307 7.017335 9.163033 -1.341653 -5.054261 9.459815 -3.577893 -5.313010 9.053095 2.440332 0.385701 -8.543440 8.641701 4.492570 6.576827 -3.425922 -6.528581 -6.221174 -6.786007 -5.373571 -4.334957 -2.957856 3.551427 -8.361308 7.060804 -2.282733 -2.733103 5.457392 -2.534245 -0.653180 -7.402568 -4.653001 2.505628 -4.883325 -2.362702 4.687193 -4.838287 -2.753467 9.297449 -2.589995 7.039463 2.375762 -0.160922 3.748758 3.074981 8.744207 -0.858030 7.034995 -9.027242 8.607600 -0.807295 8.523114 8.704898 9.660029 3.658801 0.905424 8.243418 5.575480 7.004514 -0.469457 -1.854068 8.677740 -9.218880 -2.214310 -2.742236 8.778335 4.024575 -8.688817 -8.434548 -2.228044 8.235632 2.109593 -1.839809 -1.838133 -1.383126 -5.992148 7.571197 -2.375907 9.839072 -2.136807 4.241087 -8.907872 -3.042662 -9.236497 8.685180 -6.126044 1.536881 -7.879664 -0.138917 -7.518125 0.110802 2.551076 6.609140 -6.232217
-6.241452 7.796603 4.843675 1.868924 -6.663846 -1.062267 5.633429 5.894442 -6.767392 8.510493 -3.824960 9.491279 4.668148 9.889160 9.089667 2.644678 5.915046 3.721072 -6.958483 6.378505 9.524054 2.052815 0.591634 3.268884 -8.220506 3.687801 -4.113956 2.464971 -2.205297 -1.396592 -6.775527 -8.077156 -6.516616 -1.976270 2.785432 -2.378568 0.382221 4.032848 -1.330568 -9.204691 8.098371 -9.861555 -1.733798 0.026069 8.999380 -9.083953 -6.391199 4.073916 -4.655697 0.592330 9.695028 -8.370522 2.531348 7.232856 -9.869766 -1.012701 9.220915 -4.905755 -3.557378 -9.575328 8.648988 -2.625794 8.801871 -2.710910 -9.865543 -0.332111 -9.561432 0.370442 -7.674148 9.877994 -6.292400 3.726861 -1.252466 5.465506 -8.230187 3.204311 -1.039737 -6.888637 -9.296379 -8.779875 -8.036400 -7.779399 2.032864 -0.467230 -3.756101 -1.054818 -1.492294 -4.117516 5.033268 3.514422 0.074205 -7.192974 1.434689 -6.629052 -6.750297 5.004069 8.760825 -7.800946 6.988620 1.509310 -7.277868 7.948991 5.406649 5.499084 -9.662066 -8.650838 -5.748249 8.947054 -5.850635 -5.000148 -5.757384 -8.594072 -3.418522 -7.199085 8.581964 0.176791 -4.067178 -1.374938 7.279007 -7.852024 5.468318 7.909476 1.539016 -9.857184 4.223527 -3.986465 -8.048686 6.627560 8.345090 -6.078795 5.145240 -6.738931 -8.582838 8.606312 -4.486120 7.724886 -3.003950 -5.517076 7.364822 -3.244554 -4.620395 -4.475899 -5.889924 -7.660448 1.069329 -0.519813 -7.949935 2.025632 -5.068170 -3.552379 -1.627552 8.083418 -5.372182 4.750335 4.025041 5.743479 -2.983528 1.945054 -3.536417 0.050895 4.170526 6.715006 7.643748 -1.394176 1.938746 6.457733 6.361277 0.476049 3.247131 0.390444 -6.879963 -7.593378 2.798640 -2.590558 6.264815 -9.109800 9.942122 -5.788403 -9.945396 1.310847 3.981434 6.190460 4.048689 -7.234270 -5.996190 -8.429807 4.457084 1.546648 -3.858546 2.403374 -5.455433 -0.532816 0.693607 4.892163 -0.121560 5.396599 1.562076 9.762266 8.294517 -4.302251
-8.860092 -3.491462 -2.335692 9.048884 1.304423 9.129803 -3.296591 -8.546961 7.569316 -8.753952 0.553733 -0.451488 -4.386991 -3.029026 -6.252586 8.938085 0.161819 -5.075086 6.724236 9.547349 9.877459 3.625203 -5.181859 -5.990274 1.556242 1.278815 -5.793957 -5.464471 4.236244 -6.139584 -0.857229 7.115222 3.799277 5.619698 -3.867112 -7.976337 4.252181 -8.649173 5.124099 7.856106 -6.225537 -1.299017 3.494796 2.476135 1.729025 -9.500409 9.436555 5.085455 -9.004904 -4.403046 2.474196 -6.889647 -3.348329 -1.725439 -6.294075 -6.846631 3.130232 -5.635780 6.322875 -6.933834 -0.756438 6.560056 -8.817738 5.500728 9.596378 3.603202 -5.242353 4.758401 -7.912080 -1.774084 -2.186068 -3.575086 -1.551573 4.662095 -8.642341 -9.491307 -2.686924 -4.606592 8.923329 -3.110190 1.289386 -9.835202 -6.604131 9.357616 -2.407350 -2.663892 9.735502 0.745503 4.408858 -8.822821 -1.664428 -7.187061 1.889619 -2.826333 9.716305 -9.979106 5.122811 -0.930865 -4.095012 -5.126559 -2.589201 7.717960 2.258911 8.988760 8.396019 6.356831 5.437147 -5.961842 -6.250485 -4.262679 3.250272 -4.426584 -8.549071 -9.810051 -4.903492 4.541169 4.703151 -8.894976 -0.108153 -2.535372 7.467903 9.974790 2.023133 -1.590649 8.722237 -3.799822 1.667658 -6.251612 -4.503460 5.341540 -6.456085 8.696982 6.277594 2.843113 2.177475 -8.259250 -9.045911 -8.373406 -2.637911 -1.153407 -1.757688 -3.708023 -9.548893 6.014957 -7.231258 -6.933670 0.675939 -7.698788 2.265208 -6.472834 2.482399 3.467393 -2.199980 -2.769281 3.861067 -5.461193 5.646758 -6.314659 1.359360 -9.444994 5.607866 -9.700026 -8.614920 -6.306434 8.049680 4.612817 -8.225820 1.023700 5.335345 -9.691930 -4.724589 4.670080 -1.208333 -7.663376 -6.329719 -7.329465 9.656874 9.463121 8.615625 -4.940448 -1.034047 2.686031 -8.319477 -7.226737 -5.617984 4.153077 2.731534 8.862279 8.907595 -5.921716 6.384009 -8.048197 0.628915 1.834496 -3.345640 -5.744177 4.419005 -0.328025 -3.223545 -5.935801
6.340025 -3.157848 -7.488381 0.539218 6.251150 6.485860 -8.783547 -0.904564 -3.935101 2.574186 -1.368070 -8.858964 3.829252 4.457886 7.814572 -6.755873 -5.287609 -2.196887 3.608526 0.170502 -9.412798 -2.915907 1.668889 8.805588 -0.940889 5.189865 0.759625 4.063204 -6.827589 3.465025 9.593758 6.303633 3.750238 -3.489015 -3.493805 -0.730334 -5.666341 5.246780 3.591461 -3.941549 2.820398 0.152847 2.678633 7.671542 -2.445986 4.345812 8.205837 -8.323016 7.581257 0.973568 7.950364 -5.797290 6.017786 -7.055773 4.608588 2.403528 1.725689 -9.244354 -2.507975 -3.844172 -9.821126 -6.731614 -9.825793 9.691631 -3.175940 1.034642 -4.231323 -6.165456 9.893368 9.766031 0.174443 -5.845356 -9.159057 -0.010068 3.557948 -5.241026 -3.946426 3.029812 -7.873178 4.753485 -9.826373 8.196672 -7.303888 -9.256682 -6.279463 0.106347 2.411109 0.784202 -9.784533 -2.870624 -3.873076 -4.600400 0.239148 -3.148642 -8.206071 -5.150842 -0.359860 -9.245830 5.278419 8.379944 5.362233 -9.423420 -8.921767 -6.708690 6.460825 -4.217272 -9.804222 -3.258491 -4.626729 -1.780926 -6.463675 9.718091 2.346748 -4.597876 7.308848 3.041005 3.304320 -6.636917 -0.578698 -3.657118 3.075339 1.819676 -1.606879 -5.160711 -0.066836 -1.373208 -6.619401 4.256907 8.856283 0.419187 -9.783566 -2.613702 2.825843 7.552837 7.186713 -3.018164 8.854970 5.145685 1.028760 -3.175801 -3.021284 -9.291919 -8.491441 -3.151303 3.971630 -8.420171 -5.876276 8.213342 8.179948 5.950446 0.987712 -8.463778 6.892533 -3.026406 -3.457237 -3.598445 -5.840788 3.553975 0.338563 0.482318 1.417808 -0.390315 0.693017 7.443168 0.618976 -7.805419 -2.701767 6.791046 -1.850478 0.847994 -5.050704 -8.288292 -4.862898 2.588389 -6.244720 9.139784 1.313691 -6.077725 -6.236394 6.827349 -2.894471 2.445748 2.217591 5.365155 8.724890 7.374150 8.519638 -9.860487 -0.177207 9.608301 8.997541 9.868251 -4.682777 9.294364 -7.434032 -9.553578 0.028556 -4.459985 -3.832216 5.573368
-5.791696 2.556146 -7.665440 -1.886679 4.507886 -3.098439 6.842408 8.350033 4.312766 -0.525061 3.774479 -5.041951 -6.625893 -5.401029 6.462910 4.842120 -4.633623 4.627074 -9.337225 -6.266663 3.240614 6.516068 6.778493 7.151004 4.527103 3.149677 -0.102280 6.984031 -0.699663 -0.463262 -8.610014 -4.476895 -3.460636 -3.648886 4.916645 -3.803605 -9.054304 -2.878327 -7.802591 1.990563 -9.075717 -4.719791 9.426848 8.711761 8.182571 5.303200 -7.062759 9.309083 -8.248835 -0.193563 2.318855 2.659807 1.616844 7.267461 -5.166389 2.624566 -6.734682 -9.241293 0.762500 3.365250 3.237584 -9.013589 -0.362007 4.183463 3.561557 3.742244 1.156823 7.774419 5.744550 -1.114981 -6.537722 -6.234168 -6.448656 5.229445 -6.824502 8.003361 7.243513 9.599601 4.786578 5.732382 -1.361583 9.919043 7.711439 -5.874990 2.093147 -6.331881 -8.960717 -5.130609 9.934790 8.625636 -5.553951 2.528074 -2.536716 3.388897 -6.768468 -0.186532 1.293975 -6.366308 4.658584 -4.317576 -1.686395 -7.004117 5.203786 5.530919 -9.125303 -8.879277 -4.189075 -1.037016 -8.021751 7.014587 2.442926 7.940863 -8.218227 -2.718798 8.956056 -1.759234 -0.991222 -5.471633 4.936070 1.560192 -6.550990 -7.575293 -3.000785 0.780202 -9.985939 -0.831822 1.010664 -2.982006 -3.801271 -7.456466 2.943230 -6.752900 -3.997732 7.131166 -5.118493 -5.517587 -3.720851 -1.237538 -6.746348 -4.332012 -3.146189 -6.055943 -8.271276 -0.610724 -4.306916 -3.010801 0.448614 3.524909 -4.833356 4.264338 -1.289846 0.000093 -0.588987 6.895835 6.157725 2.238451 -4.673854 8.012133 7.678806 8.241361 3.045685 -0.926649 1.868114 0.398436 -0.136018 9.092477 -3.556406 -6.220127 7.219361 -4.579525 -9.230131 5.238810 0.746943 -0.745425 -4.043227 -0.301007 0.297191 4.624806 5.013448 -7.826727 -3.788255 -5.466704 -5.801043 0.296461 -1.798728 8.317540 3.684626 -2.163763 6.520032 0.361898 6.926628 4.106988 0.652252 -4.871320 -5.568202 2.849821 7.478166 0.002443 -9.014743 9.467049
-6.489645 7.256853 -0.360227 1.909559 5.542548 8.448423 -8.685751 -3.003741 2.919458 -0.689222 5.917222 -7.545139 -7.207720 5.936467 2.694339 -7.979665 -4.244545 -6.774778 2.766156 7.156281 -5.381052 -7.206580 -6.928024 -5.320978 6.652061 -0.938709 6.289551 9.121016 6.912116 -5.300720 -5.971462 -6.294853 2.320094 4.689254 -0.276811 -7.644847 -7.801367 -9.317558 0.639325 -0.933734 4.658550 3.334134 -2.722721 -2.872126 8.991143 0.034767 2.263135 -5.596866 4.852835 -4.166192 1.448353 2.180220 2.461918 6.066252 2.149285 -4.423903 6.847588 4.871764 5.676173 9.459222 -3.592602 -1.636960 2.433043 -0.122663 -5.179362 2.688109 -4.900396 3.660502 2.974953 -5.680095 0.834628 1.051953 3.649529 1.686926 8.588066 -4.201303 8.364674 4.724368 -6.212797 1.229126 1.073969 -1.899831 4.238405 0.580349 0.411679 7.229097 3.720242 -6.953941 9.950363 4.486342 -5.657002 5.009975 -7.912593 9.714752 -0.838694 -0.711902 0.014160 2.842907 -8.489803 -9.228589 -5.598855 2.362413 0.132478 -8.657865 8.860742 -0.905335 0.066530 0.220680 -5.091049 0.662481 -0.110586 -3.239589 -9.917240 2.551396 7.325657 3.024484 9.515792 -4.270092 -9.505606 5.678207 6.411094 1.187039 1.327477 8.391260 2.107571 -4.416693 0.859773 8.726642 -8.905794 -3.262670 -0.932066 9.186206 5.964738 -9.017128 -4.532842 2.145753 -5.645733 0.378177 -7.919071 -7.672714 3.688137 9.672115 9.013959 -6.140890 0.516269 -8.905057 -0.844986 3.319964 -5.947527 -2.796508 -2.074166 -5.461319 5.348796 0.167318 7.858469 2.039971 -1.010057 0.226057 -6.439402 0.098075 -1.871468 0.779832 1.028288 -0.395483 6.428784 -5.243599 7.682381 -4.715579 4.261620 8.707481 8.085340 -4.095329 -1.376162 1.461416 -9.355019 -0.555084 -0.879761 4.699320 6.795498 -2.504550 8.651734 4.536353 5.377003 -6.289974 -5.345417 -6.111308 -5.851846 -1.749042 2.240823 3.622595 -2.896663 0.087083 -0.332226 -1.172071 -8.637222 3.222281 -2.397574 5.281031 6.889163 -3.610911
9.307466 -8.845042 6.413911 1.801909 4.816040 3.080352 -4.571850 9.694895 4.734415 0.897118 -0.173198 -5.406958 -7.556013 2.493396 4.770585 7.886549 0.502278 -4.573643 4.672930 -9.030013 3.114861 4.104892 -9.439000 -4.637310 -8.829286 -4.613361 -9.551411 -5.347112 0.706612 2.655028 -7.393353 3.380898 6.291312 -3.958885 -3.555484 9.260443 -6.646381 -1.723988 -1.456415 7.734970 2.849274 7.010752 3.359036 -4.030016 7.081254 4.133236 -9.502320 4.070588 -2.910161 3.428920 -0.168792 9.398084 -7.331310 2.944395 -0.717257 3.743734 8.672533 -5.153754 2.468827 -7.654197 3.254200 -2.090231 -0.271654 0.509087 4.027923 4.560458 1.985295 7.089173 7.420139 -9.900661 -2.648970 -8.569545 -7.471356 -4.237588 8.428973 -0.639892 -5.361616 -7.050975 -8.073819 -7.005858 3.025354 -2.721473 5.516571 2.824382 1.055645 7.299748 1.055074 -6.218032 -6.440962 1.123333 4.414034 -5.026191 -0.036385 1.690432 4.922141 -2.113080 -3.713841 -1.749744 -2.023119 4.802052 8.600524 -2.199865 1.257886 -7.341149 -2.327241 -9.400158 -9.006626 5.385813 4.045501 -6.217747 2.224675 -0.548780 2.220449 2.225294 -6.152858 -9.804043 3.643379 -9.748546 -4.374396 1.530155 4.036651 8.172975 -1.842437 -5.642330 -1.584070 6.084739 9.071214 -9.403345 -8.530844 3.509506 -9.819792 3.267433 -4.433609 5.508849 -5.491666 -1.899871 -4.715241 7.205561 9.215045 -7.473138 2.671702 -8.940072 -7.762110 -8.583001 -2.388861 0.898230 3.337799 0.582045 -0.574996 -4.191828 8.348310 9.590564 -5.259692 8.111117 3.143458 6.781300 6.437995 -7.958193 -5.058065 -4.029734 7.476520 0.027694 4.634726 0.852373 -0.919410 5.755002 -5.134536 5.330529 -8.823291 -0.781437 -1.569111 6.809605 5.703915 -6.846524 0.827316 -9.619236 -8.708075 2.614578 -6.958942 -3.228240 -4.427704 4.760647 -7.875673 7.402622 6.307054 4.190084 8.202654 -3.135965 -6.911485 -2.713330 -5.190386 4.415523 -6.755223 6.388533 -7.047022 6.103415 -1.403287 -7.668689 -6.674812 9.963227
-5.352597 -6.819889 -0.861822 4.255699 6.597110 6.887677 0.078126 0.727303 0.609608 4.094325 -3.889377 5.144607 3.371988 -0.962010 1.016390 7.178035 -8.082784 -1.622575 -3.833889 -2.391378 9.022764 5.676655 -0.366045 0.018081 -3.182174 0.910527 -6.785541 0.582274 4.770485 6.191952 9.539409 -3.318995 -2.886322 -1.190125 -7.740135 2.915865 1.354102 2.886029 -6.642221 9.343994 0.333985 1.940224 -8.426728 0.628489 -7.082304 -7.399649 3.795127 -9.589324 -7.632547 3.138311 -2.999532 6.325383 0.482995 0.534416 -7.366778 5.047958 -2.297047 -0.631705 5.268571 -5.101741 6.458335 -9.953637 -4.056741 -9.484475 -9.376796 -7.889875 -6.085911 7.311853 -5.059560 6.145361 7.940384 -8.981497 -9.447073 -8.207525 1.387072 3.969681 9.263970 4.855090 9.288404 -8.853239 -6.067331 -1.460838 8.319291 -2.126500 -0.714988 -2.517465 3.076717 -2.195488 -4.400626 2.112909 6.522057 -2.078251 9.081948 9.784210 -2.517470 9.641268 4.164607 1.853479 4.853582 3.683354 7.912377 2.010328 2.060138 5.378930 -3.279746 9.162178 7.736108 -6.617609 -6.218581 -5.978276 2.373567 -8.948184 1.730360 1.702414 -9.397847 -5.571832 2.827081 4.916063 6.856226 0.428531 -5.340731 5.529798 -4.961391 7.108460 -0.764133 -7.180918 6.070522 -9.093394 2.092291 -3.398446 -4.267460 5.006848 -3.829032 -4.617647 -7.099481 -0.030894 2.194471 -9.447715 8.122216 -4.801809 -9.993126 -4.381060 1.673029 -3.967296 -2.859423 7.750476 -1.735271 -5.199232 -4.574959 4.580456 8.822766 0.652427 -8.133268 -5.897392 8.145359 -2.529715 -0.526545 -0.122699 3.294090 5.899421 -3.913455 3.092090 7.358718 -5.520815 -8.575623 9.331169 -8.463216 -0.437527 -7.460724 -7.141088 4.058611 5.808274 -4.020477 -9.098623 4.525069 3.552984 3.590185 1.377203 5.203602 5.408027 8.628702 3.398591 -6.974613 2.101316 -2.333089 5.553461 -0.831771 -8.147965 1.051251 -1.801014 -0.916892 -1.038808 -8.546476 -0.064362 7.464966 2.188726 -1.751570 -6.015906 -5.252265 1.098238
2.288683 -3.735932 2.575185 -4.077146 0.653946 5.426439 0.691611 -8.881463 -8.259132 4.425104 -3.183093 -4.808367 5.353149 5.616908 7.263584 -4.521348 -0.458338 9.475651 0.255518 -3.354204 6.408296 6.371051 6.812016 4.182719 -2.177674 -8.039219 8.126618 -5.118647 -4.583743 -7.543993 2.110174 -9.210117 -9.929015 -0.101309 -6.520203 -9.984504 3.876992 0.937807 3.017273 8.724770 1.105613 0.917307 5.113170 -2.319389 4.600543 0.867513 7.505288 5.183513 5.424371 -9.917084 -8.010802 -9.267780 -2.300396 -6.615206 -1.170393 -7.434763 8.896982 1.775979 -8.443121 7.153216 3.096933 5.184168 7.501963 -4.365876 -9.044315 1.664808 0.097070 7.238732 5.876807 9.763653 -3.268554 1.787166 -9.472413 3.302604 8.047117 6.174345 -7.772348 -7.590922 0.725161 -5.808550 4.094800 9.817533 -0.012294 -5.204623 2.112036 8.246586 6.976663 -4.334536 4.654244 -0.856001 1.642924 -2.510420 -5.690646 6.841257 3.001398 -9.991011 7.538283 8.595522 8.529435 -4.870061 -2.979371 -0.546217 -1.447507 -3.215221 -2.448990 7.819566 -3.971012 9.727556 -2.665527 -9.896663 3.237088 -1.349721 -0.149414 1.184805 9.008047 5.569686 6.729052 -9.832006 1.513147 1.376315 -7.442957 -9.926326 3.529492 9.473247 3.999758 -5.073547 7.565959 -4.032440 -5.163417 -3.612727 -8.735118 3.122096 6.902099 -7.063173 3.459057 1.020752 -1.748304 -3.598205 3.167288 -4.602694 -0.372625 5.745557 6.193702 9.832517 -0.968099 1.709369 -3.211418 4.613433 1.281664 -1.733439 1.025565 -9.060652 0.526388 0.765849 -8.342790 4.707526 -4.109772 -1.704373 3.013754 8.586702 1.440076 -3.270178 -0.295907 -3.844762 -5.238794 7.952507 -1.490231 -1.974219 -5.578460 3.055081 7.546582 1.387566 -1.636354 -7.648685 5.676218 -6.482853 -1.079075 -0.487403 -3.959473 -9.263869 -0.913846 2.137130 -4.702232 0.081725 3.778248 1.972982 3.337213 -7.654922 3.325755 0.656117 9.833669 -6.137935 -2.679557 6.855344 -7.916163 2.665999 6.255986 -4.051013 6.916523 -4.674552
-4.213560 -2.187575 -3.611805 -8.902518 9.334328 -6.864220 5.121924 -1.146882 -4.843321 -5.710691 -3.550847 3.378427 2.362959 7.413734 2.230913 4.334401 2.347644 -7.066298 7.581482 -5.617111 0.103859 5.378990 6.077318 -6.213683 -8.567515 -2.680849 2.645847 3.831506 -1.136104 -4.874101 -2.964546 7.277958 -9.984423 -6.037242 1.918899 -0.004834 2.317568 -9.955064 7.175060 -6.948861 -8.501711 -2.307072 -2.617723 -5.147254 -6.180855 5.729458 -9.642719 8.153269 -9.548049 -5.503533 -7.305996 -9.142415 3.714855 8.210150 -6.088615 -8.903205 6.243298 0.637443 -1.647755 -1.174544 3.156463 -8.030036 5.788741 9.324599 -0.726000 -5.362064 -1.926833 -6.908796 -1.974231 -1.353732 -9.873285 4.893396 9.583678 -3.719172 -9.940992 4.592028 5.677361 -2.675245 0.755289 -1.973258 -4.876753 -0.701624 5.909520 -4.883542 -0.579207 -2.895773 5.494143 8.733276 3.316154 -9.153328 -4.665451 9.839920 4.518994 3.864718 5.175323 6.877571 1.169816 1.601562 -0.756598 -9.711058 -3.810930 -1.564769 6.751187 -5.728592 -3.239592 -3.769103 6.454791 -0.568176 -0.545042 8.830213 -0.336520 8.503380 1.404752 -1.246344 4.657969 0.125089 5.947232 -7.246699 -9.521884 7.504530 4.367808 9.204560 2.389299 -8.503952 7.717314 6.145162 0.937761 0.464345 -7.742227 -4.539610 0.192563 0.611211 -1.809410 -2.142747 6.042473 0.823169 3.476573 1.227443 -5.000622 -5.754926 7.299328 0.848231 -3.729847 8.035145 -4.081439 1.252955 -0.878669 -7.282052 3.173986 -6.148008 -1.113728 -2.604646 0.185648 0.638304 0.501254 -3.263626 -6.962179 8.031104 -5.985523 -5.361338 1.628063 1.572346 -3.950830 7.119293 6.056614 -1.036689 7.353852 -3.734843 -8.824325 7.436525 1.252051 3.133773 -1.962593 -8.428135 -0.188223 1.864472 4.472132 3.348571 -2.426150 -8.437666 1.629149 -6.593332 6.430841 0.853547 -2.152517 6.217031 -5.124028 3.176295 -6.689530 -1.356103 -5.967567 5.000611 -0.526226 -9.510086 9.237108 -1.757980 -7.108986 5.337915 5.993948 5.532863
8.556329 -9.751267 5.292779 4.502549 5.835089 -3.690679 7.857513 -8.736573 -8.032442 -6.667650 -6.378252 5.829781 0.212153 6.879721 -0.414212 8.428133 -8.673362 7.526091 2.764505 -7.343794 -8.681826 -5.070816 9.280709 8.867850 5.059327 5.904977 -6.335483 1.526401 5.940331 9.978067 -8.035618 -8.855684 8.344856 -6.680912 2.289029 -0.385980 9.571967 4.191899 -0.306117 -4.928195 -1.042110 -9.895495 -4.598930 -8.039469 5.401181 -9.965735 3.661340 -2.277438 -5.732751 -2.214957 -6.955899 9.199676 -6.528689 3.582395 6.108416 -4.552701 9.170978 -0.791210 -5.945912 5.200487 1.420864 0.200005 6.493410 -3.178100 -9.050899 2.202592 3.859357 -6.965504 -2.410334 0.035453 -8.306187 7.262969 6.045134 0.018017 -7.627706 -8.629963 6.069316 9.269847 -9.307405 -6.389650 -2.917410 6.393355 -5.866768 -6.862457 1.184384 5.980814 1.927563 -4.551724 -8.019137 -2.210969 1.984489 -9.800727 0.013184 -6.361321 -9.077521 -2.376867 -1.596785 2.674291 0.947057 -5.914843 3.517818 -4.436560 -1.016884 -8.910959 2.670210 6.271397 -4.753065 -3.919723 7.807452 -4.094979 -9.851333 -0.587986 4.974053 -8.982821 -6.507274 -6.385020 4.353112 -3.462696 3.759415 1.531799 -9.351877 -1.148119 -8.601791 -1.906895 9.819005 -3.451931 -0.477460 -1.148940 5.356456 -2.201660 -5.980144 -5.057604 -0.141298 -3.814238 7.943632 -4.375522 -3.378705 -1.662280 -5.645722 -2.520428 -7.700544 -5.159445 3.303198 -7.434359 -4.653242 -6.142880 -4.881001 2.191133 -3.511338 4.358872 -9.888923 5.441213 -5.620370 -2.925660 7.820309 -2.645456 2.950980 -4.391769 4.760938 -4.272000 6.279126 6.616521 9.097317 7.364794 4.967821 7.019302 -0.881073 -0.841109 2.934587 3.234883 0.827872 -1.884840 -3.952472 -6.876728 0.244410 2.721925 8.705689 -3.511739 -5.562750 -4.827641 0.672356 8.765956 -3.911552 2.950030 -8.694329 0.557360 5.979102 5.154204 7.163047 -0.152807 -1.111525 -9.451645 6.523744 -1.892403 5.939297 -1.095087 -8.181210 -1.945121 -3.206980 4.680797
-6.047499 5.886394 5.724564 -7.812397 -0.996377 9.860352 -6.430798 2.388638 7.717426 -6.554048 -5.754794 1.374402 -5.949299 3.097864 1.606077 -2.049393 -5.208350 5.234232 -0.748396 4.462771 -3.756177 7.017811 -0.884976 1.703977 9.924704 -7.102652 9.778684 -2.557299 -2.389817 -6.628949 2.347557 2.184058 3.856455 -4.217780 -2.656323 2.878310 -1.967114 -6.001777 -1.564722 1.653263 -8.512293 -2.705943 -5.395709 -4.737287 -2.307304 -5.828181 8.629939 0.581015 2.183417 8.390984 8.798368 -8.070147 6.488355 -6.698989 -1.951442 -0.102585 -5.369620 -8.554147 -3.576631 -8.174196 5.136966 2.519904 7.706005 -7.634511 8.179536 -0.771398 -3.901531 9.463281 -0.517400 -9.633484 9.024095 7.532872 -3.003466 -8.021454 -8.094687 5.798198 -5.092970 -0.433932 -5.647691 -8.986744 7.520215 4.589822 8.195246 8.178521 -5.113564 -2.712729 -5.668814 2.959250 0.570144 8.359620 -6.885710 5.249698 -7.356288 -2.400481 -9.345417 5.790182 -8.820608 8.247006 8.325217 -2.983551 -5.801858 -6.466137 -7.888371 2.260852 6.231384 -1.352916 -0.396762 3.062265 7.420705 3.000946 -6.967277 -8.998003 9.596998 1.097217 -8.334098 -2.139434 9.907195 2.136074 5.680415 6.519678 4.462958 1.762135 -9.414186 3.843866 4.929889 -0.853343 -5.702300 5.362588 -9.173653 5.389473 -1.646780 1.090563 -5.099410 -9.682346 8.065163 -0.259933 -3.753324 -8.036716 4.772648 2.317839 -4.435178 -1.761645 5.762969 -3.279485 1.533373 5.914699 -9.575676 5.917967 8.684971 2.178530 -7.995827 -5.877314 -4.516114 -1.010504 -2.781013 3.206918 -5.499394 3.523137 -6.039038 -8.253191 5.637663 8.994068 -6.895760 3.214394 -9.644615 -8.022617 9.522998 -9.308280 -3.118736 4.286127 5.401298 3.973629 -0.430103 8.040149 3.971610 5.431619 -1.693062 7.922926 -6.596737 -7.094001 -8.152552 7.282211 -0.274924 5.403482 -1.797525 3.104171 -9.490343 6.593638 8.348002 5.710495 6.435660 8.526054 -7.770979 -6.054144 -4.088553 -9.193415 9.778659 -0.906339 9.831038 2.873379
-5.265677 -1.367910 -7.691557 -8.464023 -0.198582 1.276668 -8.235428 4.982848 -8.804892 -9.144530 -4.793894 -8.939715 6.712230 4.462784 -1.122686 6.736499 -9.808989 -4.628507 6.667180 1.846532 1.829374 -9.088564 -4.573422 -6.495644 -1.498311 6.116269 7.642539 8.348406 -6.036160 6.607792 -0.510942 -4.225743 -5.173925 0.958286 2.635201 -4.330904 9.172842 -1.772491 3.134411 -6.212029 -6.433970 0.978807 4.662099 -0.258221 8.447396 5.256915 -3.215874 4.973097 1.605287 -3.795708 0.272076 9.989857 -1.136788 -1.873688 8.255652 -8.514161 -4.783289 4.853776 -8.408629 -9.640760 -3.222747 8.287089 -0.730167 -7.606409 -5.979767 -0.547650 7.160932 -7.818587 -3.038506 -5.173271 -5.091562 5.233959 8.817544 -6.192221 -5.030069 -7.565814 2.485963 -4.045428 0.688983 -7.398230 7.612467 5.908302 -8.861276 -8.501625 -8.305739 3.005547 0.325191 -2.288673 -6.813434 -2.744090 2.524268 2.870515 6.698678 1.626071 5.731349 3.554403 8.093668 -4.548548 8.137781 -3.226290 -1.161522 5.321889 4.020650 0.222867 -5.113182 4.196555 -4.384510 -0.627275 4.279086 9.974273 -5.609741 8.680398 6.165182 7.054521 2.626218 -3.470635 -4.760862 4.542471 -9.942616 1.010088 1.514381 -0.599341 -4.901410 -8.710412 3.417872 -9.072669 7.115604 -6.502196 1.518225 -4.848029 -7.149591 3.238259 -4.946671 2.963436 -7.794576 4.501493 -2.278988 0.580539 -8.728567 8.852486 9.074251 -6.019380 -6.575958 -7.727965 8.815787 -3.404416 -4.882871 6.379533 8.747921 -1.784012 -0.262900 -0.176935 6.782233 8.105692 -4.850568 8.795186 7.069716 -0.870448 1.602708 7.188542 -8.305309 -7.232399 2.569946 5.491376 8.431450 -4.520058 -3.773801 -4.769858 3.681171 -8.096310 3.350676 -3.370029 3.123508 -8.215086 8.689112 4.195622 2.482033 5.165271 8.452222 2.707201 -3.060756 -8.869821 8.287446 -6.592812 -7.389377 6.580995 -3.380448 -2.084732 2.520281 1.017079 2.664723 7.660334 -8.046748 3.930987 2.052665 -4.019508 1.782288 -0.969674 -0.951275 -2.957245
-5.241352 9.823156 8.501765 8.738348 5.017308 3.912687 1.776580 -7.791362 -3.505444 -3.595428 4.767453 -5.356997 -3.299547 1.035518 5.728788 1.215240 0.141289 -1.451045 7.352435 -2.891994 9.319125 -8.567115 4.722436 -1.118223 -0.589748 -4.899454 9.263391 -6.072258 -8.086190 2.532192 -7.368564 7.331617 -2.195707 7.561381 8.168873 -7.211869 -4.812936 1.093786 5.165705 -9.150763 1.992554 0.624613 -4.507459 4.444524 -6.047750 9.723854 -8.353922 -6.014248 -3.497314 7.678381 0.491658 -1.949525 -0.537969 -7.395308 -6.653790 7.520985 2.639642 2.834769 -8.270244 9.830013 -2.959608 2.261559 -5.021445 -4.758308 -5.970472 6.762253 -3.283111 -6.619620 -9.931826 -2.814268 2.880462 0.529647 -3.460196 -7.669664 -3.141586 -8.065355 -6.563183 -5.171357 -9.863177 -3.201536 -0.722654 5.030916 0.976293 -3.839591 -9.398223 6.835713 -6.617662 5.181761 8.100115 -8.342843 -0.150567 1.891462 -6.865789 4.187221 -5.302403 4.872805 -2.790837 0.072778 -9.652839 -9.444475 -6.149719 -7.261923 -7.778014 -4.694546 -2.970476 7.694729 -1.716397 2.575068 6.000028 -8.406107 -7.708824 -3.444447 -0.719935 -7.512948 -1.578438 3.644283 3.988667 -2.641121 7.578512 -0.954211 3.435391 -6.070076 -2.799158 -2.372828 -9.036785 -4.036947 5.821094 -5.331783 9.062372 -4.167492 -8.178448 7.244910 8.488140 6.159514 7.612131 5.436055 -3.617469 8.692053 0.636152 -7.369249 5.967504 -4.741427 4.147296 3.728033 9.736227 5.458769 1.497989 1.323517 8.802656 0.143177 8.112217 -6.322919 -3.451052 -9.345382 -0.761335 5.870781 8.741282 -8.048832 2.953942 7.542080 -2.870369 1.645672 -7.923555 -4.107352 -9.177448 6.955709 -4.265920 -0.518499 -1.703977 4.570047 -6.703113 -4.264714 6.166157 -7.928037 -3.129968 -7.988170 7.250688 7.221855 -5.364494 0.032698 9.927254 0.802446 9.702062 -1.819860 5.581310 4.316332 2.978323 -4.686032 -8.222554 5.494097 -1.258787 7.195178 9.846651 0.779227 -6.272019 -6.369128 7.395476 5.883051 -1.818149 -9.291284
2.236731 -6.967349 8.704395 -5.583996 -6.436172 -9.714075 -5.941562 -6.341365 -9.170501 9.862907 4.988101 -0.661608 -3.748023 6.612012 9.806159 5.228334 -6.690028 -2.602730 -0.582001 -6.871476 1.612871 -3.447951 -1.700295 1.188691 -4.465738 2.071282 -0.685691 1.301507 7.288237 4.418782 -8.387158 -6.556131 -4.959771 6.289066 8.027074 -3.373402 4.209342 9.570315 7.598091 -3.370132 -7.355959 -6.792960 -1.186564 1.892738 0.229543 -6.314983 1.759805 -7.876555 -0.520136 6.244968 1.044061 3.516828 3.064657 6.926043 -2.495856 -2.731460 2.116010 9.606703 0.068014 -3.137038 8.213342 8.580297 -7.792153 -3.139844 -9.795015 6.505022 -6.998698 -1.526989 6.118544 -1.649305 0.301186 0.399693 7.995200 4.462415 -9.082371 9.444783 -4.225503 1.278226 -4.757876 8.767764 3.884767 1.245261 4.213545 -7.639983 0.823253 5.485058 4.230386 -2.288864 3.302121 1.884408 -2.609343 8.940259 -6.902739 9.281471 2.099181 -9.427274 0.120703 1.223200 0.295631 -6.246133 -1.590499 9.514814 -5.288939 3.814529 -7.725363 -6.897016 0.864107 5.483501 8.079139 -3.990715 1.470000 -3.684625 -8.534821 -1.790144 -9.563080 -2.277942 5.653467 -7.136939 5.711665 4.764471 -1.868083 -5.501064 8.997167 -5.336722 -4.437573 -0.289458 -1.154913 4.833229 -3.606319 9.847955 3.901785 7.543919 -6.881586 -6.157289 -0.744908 -8.737716 4.480636 1.446751 -5.785188 -3.568035 1.080528 -8.104403 1.519914 3.006248 8.984646 -9.501949 0.988825 5.733065 -6.327993 2.678603 -0.198832 -0.394626 8.792373 3.811077 -9.731014 2.904211 8.646070 1.439672 -9.474948 6.871464 3.570622 -2.515148 9.785178 -6.916744 1.308685 -8.911373 1.565688 -5.967462 -7.116285 -2.373609 -5.129919 4.892602 -8.950696 -7.215371 1.555858 -1.998578 2.646869 0.193976 -5.458273 -9.881457 8.040252 5.298674 1.353368 -7.025422 3.244041 -6.924547 -8.253271 6.365257 -1.365611 9.149650 1.854507 -6.225155 -7.823288 -6.699199 3.293586 5.742485 -1.599427 -3.765733 -2.691225 -6.011148
-1.099386 -3.236276 -0.799766 -4.779337 3.140440 -0.707507 8.357674 2.965034 6.060486 -3.555049 -1.005426 -5.551034 -7.751957 5.122923 4.067604 1.683873 0.580508 -5.410076 5.925640 5.256492 -4.071436 -1.065198 0.046945 -1.397685 -9.111689 -2.708786 0.197870 -0.050151 2.470716 -7.605076 -7.806584 -1.791718 -9.271572 -8.438442 6.044232 -3.782675 -0.476900 7.545718 9.174709 8.976119 5.402363 0.842852 -0.186183 4.676425 6.194014 -0.142494 -1.939063 -8.381837 -3.046753 -1.785906 8.056350 2.350081 9.205239 7.589760 -8.687684 -6.641880 -3.804133 5.620588 3.909130 -6.425481 7.289402 4.046607 -8.150756 1.153854 -0.773344 -4.994306 8.309118 7.165850 0.902656 -5.372538 1.804727 4.138782 -4.571121 -0.276548 8.115846 6.202711 4.526609 6.645736 -1.044928 7.257107 3.455179 9.969657 -0.426760 -1.073007 -4.081698 4.888183 3.252408 -5.120448 -1.298211 2.365489 7.579091 8.204226 -3.467935 -2.063347 -6.227146 -1.372117 7.699498 -0.266032 4.058128 -3.636547 -4.714699 4.366903 0.642294 -6.332043 3.973680 0.034503 9.135745 -6.193148 2.720510 1.099127 -1.973717 7.698699 2.703219 -6.502876 8.159548 6.344041 -7.991185 -6.978950 -8.216319 2.171593 -0.030913 1.482279 2.934960 2.141775 1.926593 9.922285 0.806886 -6.069860 7.774728 -8.643628 5.166943 7.188969 -0.422981 -6.652401 -0.541657 -0.653732 -5.922176 8.501678 -7.860814 -0.897608 4.080072 -4.788824 4.351698 -0.082633 -1.318309 -7.128443 8.159822 7.644552 -0.698794 2.941253 -0.027664 -4.816355 8.704229 2.666308 -4.710637 -4.825533 -8.761953 0.978593 9.660859 3.516467 -1.138073 3.353413 2.645661 3.092453 -2.653456 -1.031144 6.275468 6.905906 7.635126 1.667106 -5.389725 6.286083 7.760995 -9.879227 4.152011 6.745930 7.984035 0.742155 7.820234 -5.217087 -5.525896 -9.473704 -6.893260 6.824228 -5.801619 -9.821249 -4.166399 9.344784 -4.395839 -7.586017 5.900588 -4.848043 1.606621 -5.516659 -5.357733 -6.255860 -8.127178 4.397410 -5.519662 0.212746
-1.595729 -9.159543 -6.568851 0.003878 7.926718 -4.358948 -9.951627 -8.391533 -4.434834 -9.815994 -1.347911 4.842377 4.166406 7.329984 5.551362 3.554920 -1.769122 3.627553 -2.395375 -0.952922 -6.655123 -8.752829 -8.635347 -7.968994 3.838403 6.081219 2.285287 -2.243991 3.946147 3.798896 5.377878 8.098022 2.051677 -6.243766 -5.305342 5.395164 -1.124694 -8.306220 3.057918 -6.067796 -5.927142 -6.872925 9.410185 9.631915 8.488386 -2.518605 1.039138 7.543328 -4.060272 6.977712 -7.221268 -2.737016 0.921695 2.299155 0.587031 -6.250460 -2.212928 5.117032 -0.493270 -0.521365 4.651747 8.461925 1.788392 2.583901 7.685455 4.433094 7.680670 -6.794762 0.654104 -7.036660 -0.494868 1.182274 5.001106 -3.133900 -8.076838 -6.583716 -4.066199 2.695984 8.895747 -6.553350 2.821051 -0.326956 7.295831 -8.155075 -8.369664 -3.663189 -2.318104 3.881255 1.348578 1.710775 -9.154757 6.006860 -3.853476 -4.081866 -3.898010 6.542888 8.691380 4.993169 -4.274826 -5.489675 -3.598073 9.734762 8.673420 -4.808503 -3.577777 -5.781963 -1.279171 9.614338 1.543687 4.599151 8.871586 1.614578 1.703368 -3.910857 9.548516 0.205904 4.164371 -2.307496 -2.359805 -9.844159 8.814844 -9.106205 -3.866252 1.327928 -8.577797 -4.555093 5.474651 8.872008 -6.059098 -6.570373 -1.647185 5.171761 -1.737058 -4.961897 -8.827132 3.900572 5.372437 -7.931095 6.065793 -9.074537 2.944605 5.604227 6.430579 1.677639 9.778947 -9.994382 -7.853027 -1.139926 -2.525442 5.928853 -3.501589 3.316394 9.649882 -8.525077 0.933595 9.285355 -5.854084 4.651338 8.430147 9.317659 4.603906 -9.843388 3.963383 3.323768 -2.195684 4.133675 7.025318 -1.227948 8.576002 6.569171 -1.100136 2.543530 3.858323 -8.952484 -7.398908 4.830393 -2.417188 -8.190816 5.395734 2.590639 8.764135 9.529985 3.781422 -7.764340 1.008610 -0.223885 -9.720634 5.190117 5.379865 4.274012 -8.212186 -5.227446 -2.998006 -5.061555 -3.014080 -2.436315 -6.995954 0.761865 2.365685 2.151029
1.788939 5.939552 1.618745 -1.556284 -8.679704 6.632822 -8.138861 2.227292 7.602095 -9.766557 7.955948 -6.039171 4.250287 -1.919472 7.373171 0.010663 1.861454 1.702185 -1.446289 -9.418595 -5.776010 4.270070 6.746566 -8.693208 6.228924 -9.600641 -9.190364 8.765880 -3.499387 6.846290 -7.075128 -6.134817 -9.740638 -6.023537 8.997976 -9.535845 -1.225239 -7.537460 -6.703210 -2.680172 -4.968761 9.080356 -8.269177 -8.403628 0.668258 -4.920009 6.692159 -8.416132 -8.088990 -4.340212 -1.406452 3.561313 2.750011 -4.047932 4.378564 7.685929 -0.255700 -1.111817 8.170430 -0.002032 3.957293 -2.563726 -9.694746 2.067423 -6.294148 -8.402866 3.853429 9.713007 -0.634225 0.170045 -0.601663 4.317131 8.137303 -1.046530 4.623217 -4.311342 7.017288 9.044665 9.471285 6.076372 -9.809819 4.250090 9.064768 1.383773 -4.248532 -1.748040 0.972435 9.294110 4.104149 2.602771 3.551480 -6.412327 -1.103815 -3.694149 -2.879305 0.853312 -3.013966 5.465160 -0.935961 -8.181501 -9.999668 -5.285939 9.916156 -9.854958 2.323044 -5.498796 9.858411 7.297122 3.326055 -9.715395 2.983314 9.772395 4.526044 -4.150341 -5.143233 -4.513586 -2.239045 4.781996 -9.855626 7.432701 6.490929 4.557831 -4.210233 -3.083180 -1.948400 -4.862180 -9.404774 5.107215 -2.635646 4.904397 -3.217175 4.909074 -7.642469 5.292864 9.135676 -0.323945 3.652954 6.447694 -1.432657 3.811281 1.413256 2.670117 0.308591 -9.395214 -1.466898 4.867298 9.056610 -8.125111 -9.253409 -0.985438 7.135686 -6.009777 -3.719509 6.377818 -8.314629 3.681246 -3.619527 -7.399129 5.802719 -1.062611 -0.387983 -6.837981 4.870663 8.772520 4.073733 -4.238046 7.228784 9.212295 -8.321670 -9.422604 7.129155 -9.831513 7.069492 -5.622048 -8.626310 0.835179 3.309226 -8.151051 -0.863500 -8.886917 -1.593109 7.016979 -1.926806 4.096423 -6.956060 -9.309668 7.839223 0.272938 -0.943018 -7.230036 3.591383 -8.497652 6.472983 2.933429 9.267558 -8.765417 -4.184256 -5.384347 8.100932 0.940469
1.804495 1.153105 9.814214 -9.748973 7.558683 -1.133919 -8.035081 6.927903 4.876518 -3.140873 -7.146327 -8.927265 2.234193 -5.951899 8.855276 0.458411 0.177636 9.079866 -5.120357 -7.852998 -1.089464 -7.681287 5.710438 -6.199942 -7.626631 6.761973 9.896149 -0.996339 4.840049 -6.654241 -5.957958 -9.685952 -4.891381 2.175116 -7.333502 2.456607 -6.431953 -1.062826 6.434515 -6.469152 -4.971306 -3.779197 0.218944 4.531920 -3.283348 -1.651026 3.299814 -6.666715 3.189555 6.872995 -5.690259 -7.099300 -1.598304 -9.348206 9.615901 -9.275268 -3.621160 -8.633170 0.601705 6.713640 -4.445146 8.578536 7.785023 -6.906230 2.121825 -1.114868 4.584214 -5.501746 -6.225616 -0.644744 8.639021 1.482540 -5.026588 -0.648736 1.139006 1.934414 8.370751 -2.330525 -6.038469 3.223352 9.670074 0.433865 6.548583 -4.634274 4.466114 -1.661819 -0.275809 -4.639177 1.175223 8.390848 -9.290042 2.556162 -8.752318 6.831148 -3.265281 -7.657757 -4.954231 6.613502 -4.438587 -6.921830 -9.067599 -5.375414 8.940092 -8.624037 4.551228 1.413567 -9.269601 5.185569 6.812521 4.591122 -7.853856 -7.404410 7.861308 3.856488 -0.964299 -4.290429 0.052849 -7.122985 7.060245 1.623008 3.792780 7.738673 1.175490 -4.631666 5.541152 -5.796619 -6.185820 7.782979 -9.412901 -4.628152 5.857924 -7.295459 8.629948 7.239503 -8.335467 -2.934931 -9.933164 0.153195 -2.572065 4.001885 8.749469 -9.292981 2.494947 9.791568 5.778719 -7.688438 8.351710 -9.701143 4.903582 2.705922 7.018350 8.282322 -1.902484 4.718323 -0.686412 -3.364728 -2.500733 7.620563 2.074409 -3.791458 7.066189 -5.751855 9.187996 7.108769 7.758470 -9.084624 -5.978256 -5.207050 -3.931384 -0.316993 -0.100795 -9.679312 9.880316 9.896371 8.382336 3.706447 -7.377361 -2.941494 0.151887 6.245716 9.949489 4.706346 0.154047 9.572605 -9.681444 -2.934208 6.737874 5.426339 2.015130 -9.018072 -9.279586 8.914024 -2.839390 0.558078 6.282736 8.762660 9.606563 7.040273 -7.913055 -9.972715
8.953137 2.970925 6.163891 -9.090232 5.382828 -4.988664 0.991678 1.106135 -0.567740 6.077093 -9.427503 4.496297 -0.042953 3.777121 -2.337087 -6.120284 1.467483 0.782278 -3.463265 -1.096053 -8.321787 -1.251264 -3.853028 2.052216 -3.231164 -0.848836 8.461340 -7.106850 5.328707 -2.560656 -5.861753 8.010996 -2.515765 9.328266 -4.939549 3.984645 7.117586 -9.578977 -7.228612 -6.028866 -7.881862 -4.123332 4.410029 -0.319154 8.568211 5.384319 -5.680983 -4.256150 -7.005225 9.173628 7.644365 -7.598285 -2.259883 3.165893 -5.884972 -7.097541 5.213723 4.391898 -9.969651 -2.857873 -2.715216 9.099493 9.243577 -6.615087 -2.769262 9.222501 -5.575690 3.659782 4.140151 -2.499304 -2.283643 7.788622 -3.908199 7.454552 -2.404999 -4.822322 -1.843062 -7.104702 -1.008599 -9.402461 6.148899 3.664720 -6.949099 1.499245 5.218345 5.024693 -5.390002 -5.042328 9.722974 0.705837 -5.819598 8.409893 -1.545105 -7.755317 -1.565939 8.534585 -8.137131 -0.345741 0.936352 -2.299479 -1.542989 -6.541956 1.407624 4.919526 1.914762 5.075132 -8.166219 -2.544161 -2.903178 4.458583 9.097996 -2.889732 3.414310 3.298099 -8.864033 7.535788 -8.379398 2.497040 -2.827971 -3.074786 1.856122 3.147699 6.500532 3.606094 7.567111 -7.622554 -4.987167 -7.084940 3.607349 9.438010 -1.235651 -6.954786 1.468637 3.015126 -4.356682 -8.865093 2.315923 -7.869175 2.162472 2.728901 2.183789 -5.990456 1.400327 -3.253229 -4.295552 1.446876 2.706469 -4.616681 -1.361675 -7.584867 -3.948726 -5.085767 -7.373584 -4.911123 8.904036 3.177835 -9.823271 -9.967719 -0.101050 -1.080575 9.266349 0.549054 3.934948 -9.958297 7.732251 -1.042498 8.654777 -9.924385 9.994016 -8.341203 6.104940 1.062354 -0.557729 -4.533187 7.501570 -9.092152 7.450037 -8.456162 7.294637 8.383574 3.717705 9.163154 1.124655 -7.975837 0.876641 7.001153 -4.111046 -4.922712 5.834326 -6.056370 -8.595676 -0.487849 7.728220 9.667362 4.030950 -5.168276 -5.275411 -9.447898 6.170106 4.953103
7.616170 -9.894744 0.714986 -8.141548 -3.111577 1.596227 -8.879112 4.616760 3.596513 -6.068902 0.183552 -4.326097 -8.205038 9.621184 -4.008690 -5.083071 7.710467 -3.543336 -9.252184 3.415568 8.774334 2.469099 -6.033244 -6.988206 -5.480869 -6.449567 1.466622 -7.739302 6.808915 9.789781 3.676317 9.139951 -0.434010 -1.629205 -1.504363 8.285232 7.470387 5.097448 -0.367996 3.463625 -3.991618 -2.183553 -7.411175 4.397276 4.074286 8.573880 2.012285 -4.503093 -7.154477 -8.578736 -8.716549 0.307223 0.205553 -6.508191 1.164388 9.638737 -6.275792 -0.975999 -9.959430 -2.922032 -6.272749 -4.286902 -4.966077 1.282013 -8.285094 -2.818776 9.759024 -1.729331 -0.254619 -2.323061 6.193958 1.006141 -8.472883 -8.713833 1.330178 9.997371 3.630478 1.903887 -4.819192 -8.068433 -4.975679 -4.817439 3.448629 -3.918644 3.008295 -9.656788 -0.693378 2.603598 -2.711546 8.959015 -9.352387 -3.531174 -4.520804 7.192841 -1.231390 -3.037608 -2.742867 1.694584 -0.970908 5.148692 5.652825 3.171866 -6.299917 3.637258 3.765360 -9.368711 -0.472380 4.511407 -7.816186 -1.633235 7.999803 5.831210 -9.548122 -3.588986 9.789392 1.184234 -4.993559 5.670241 7.256811 -9.996598 -9.200852 9.362061 0.206329 -2.870043 7.771585 3.381574 -0.220683 -0.139470 4.429041 7.938267 -9.034764 -3.868611 1.855331 5.557372 9.987150 -6.259496 6.893075 3.860777 -8.360516 9.759002 -1.132824 -8.497008 -9.032170 5.743801 4.244165 4.887566 -8.846025 3.293290 1.084835 -1.076796 -0.784827 1.646611 6.484509 -2.842967 3.916684 -6.906686 -7.433348 7.210331 -7.069902 8.734077 -5.219964 0.654489 3.310266 8.449468 -7.823402 6.875966 -0.024182 -5.008495 8.772604 5.200632 6.108113 -4.497043 6.453537 0.490656 -9.361953 7.184936 5.744374 3.099545 -3.364907 3.655376 4.721496 -5.941224 1.951191 -5.280158 -0.210092 -6.222034 1.221978 -1.322127 2.591478 2.315834 -0.870179 -4.641616 -4.005841 5.774560 -5.234359 4.564258 9.200609 -7.997648 8.985493 7.189531
-8.333434 -5.299723 8.900045 1.851044 -4.319073 3.479168 9.626719 7.809280 9.326177 6.702310 -0.871098 -3.794318 -0.522774 -3.841113 -1.114892 -9.416826 -7.358572 4.839240 6.688471 -1.110158 3.419009 -8.974861 -0.394371 6.216308 9.038322 2.732219 0.949774 0.698765 -4.269715 4.700227 -3.267562 -0.226691 -5.265628 -2.517470 -0.177226 4.486416 6.090384 7.293254 6.541309 2.773057 -2.804045 1.898652 7.759539 -4.150612 -1.101066 0.404246 1.324000 5.422791 -0.731620 6.560922 -1.618694 7.763472 8.844875 -6.639085 -6.824931 -8.503146 8.293122 4.220798 6.480092 3.148827 -4.773577 -8.406103 -0.012422 -5.381432 -7.790943 5.980939 -1.265584 -1.549817 -1.629601 -1.927436 0.559169 8.633857 -5.423582 -7.370378 0.566989 7.762357 8.788820 9.943513 -0.688716 0.896865 -5.981591 -3.874995 -6.510378 -8.594897 0.581118 2.578100 3.233950 -5.671763 -5.070792 -6.415839 -0.980250 -9.578169 -4.144465 -8.257537 -0.835283 5.872875 7.662493 0.428318 5.280189 9.344831 -0.127528 -6.006618 4.884948 6.568966 5.732210 -3.634735 -6.149046 -4.942910 -2.794388 -3.580076 4.569804 -4.558301 1.897447 -1.608678 5.071029 -8.931044 0.789700 9.972511 -9.761624 -9.223088 -8.841526 -7.802708 -8.757325 -3.643052 9.790643 -1.440082 -5.760596 5.172645 -3.667816 -4.037715 5.105846 1.364076 1.764109 -2.952420 -7.120353 5.419296 -6.277049 3.545695 3.950549 0.129419 -2.179326 -5.027226 -3.992201 4.423595 3.438402 1.775342 -5.740041 5.550477 -0.062626 0.841713 2.881416 -8.147284 4.580225 1.716047 -8.866233 8.964731 -0.902872 0.130174 -2.764701 -5.764709 6.586328 -3.553575 6.799727 -5.319966 -3.317113 2.405690 -5.825214 0.183942 1.233860 -1.388381 9.157105 -8.378169 -7.263626 5.182667 5.051917 7.852069 2.562308 0.267515 -1.155092 -5.178786 -4.129750 6.455973 -4.502440 -2.383605 -5.004450 2.721396 2.394134 6.978811 8.437653 -1.945889 -1.021530 -9.449804 -0.003505 -4.273468 -9.168663 -3.103912 -3.561391 2.826093 5.285786 -8.513192
-1.377055 0.260884 7.510809 5.381537 7.957968 4.810509 9.268421 2.597126 -4.426316 -3.891257 -5.203025 4.682351 -3.578634 8.173841 0.803988 -6.477180 -8.468992 -9.473013 2.172978 5.435157 6.685378 -1.648198 -8.322445 -2.432858 -2.399967 9.114629 3.176163 -2.808654 -1.656559 -6.940649 3.167807 8.085653 5.525320 -9.941150 -4.336980 1.813449 -9.340899 -8.048571 7.001180 1.895136 -7.114424 0.154996 -7.310880 8.899545 -5.775251 -5.646078 0.954351 5.478412 2.684917 3.301721 6.009558 -3.556008 1.386257 2.059919 -2.209305 -3.357422 -4.299113 9.595396 -0.409992 1.401311 0.831169 9.903631 -3.977935 -5.127565 -3.288234 -6.179017 -3.240546 -0.065192 -7.967007 0.965989 -8.222011 8.449859 3.558785 8.918895 2.794367 2.227307 9.339518 -7.648281 4.694212 -7.492646 -3.520636 -8.905705 -2.097339 6.385051 -6.744211 -1.350452 7.618459 -5.460636 6.684967 -8.165317 6.194961 -7.145486 -3.965945 8.858184 7.756292 9.158120 -8.695610 -7.993504 -1.640588 3.481239 -7.938102 -6.045812 -1.783670 7.317770 -2.825259 3.741242 5.836021 -7.754265 5.376709 -4.499950 2.469635 -2.212345 5.143906 6.701594 -4.120823 6.047805 -1.431801 2.734975 0.223745 1.271001 -4.446413 -0.985830 -0.198732 -5.966753 1.248032 -0.340499 5.296301 2.388975 -4.276699 -8.921918 -2.760292 -1.417439 3.465649 -9.302046 -0.116612 -3.064867 1.016590 -3.465509 -5.037505 9.747009 -2.554479 -1.987428 -8.992718 5.855631 -1.729093 7.203939 -9.108622 -1.895610 7.256530 1.126025 1.468665 1.955525 7.661528 -8.825914 1.152149 -7.212584 -9.353372 -8.733674 -2.152620 -6.755619 -4.627811 -7.703113 -8.040139 -2.239023 8.800683 2.309066 8.753945 0.516426 -4.581665 -7.040880 1.206479 5.825569 9.619403 -8.657412 -8.924758 7.229679 -5.852454 -5.008221 7.990059 -6.870788 5.563379 -4.665830 6.961500 -9.879990 -0.500440 -9.759019 -2.819867 -0.410095 5.753305 -8.575566 1.606533 1.126788 -3.439424 7.680324 6.164591 -0.256906 3.620033 -0.306322 7.076027 2.523314
6.813575 4.841025 -6.925499 3.806206 2.112410 1.008174 -7.561789 -7.278568 -7.862983 7.404531 6.694731 6.643648 7.498386 -6.243659 -7.172004 -3.027710 1.840521 3.787350 -4.126257 1.832766 -9.032089 2.151912 4.966885 -3.798374 -1.494353 1.361423 -5.578748 0.856061 8.033739 -4.268193 -1.677016 1.537902 -3.875831 -0.227368 -5.737239 -4.877256 1.411200 5.263142 1.209347 3.493599 -8.185450 -6.402373 -5.018309 -8.967823 6.087138 -7.216932 9.520608 0.000986 -8.641236 7.831297 6.266278 6.110046 5.195160 -1.361926 -7.038368 0.228120 -0.958943 -8.414357 -1.987865 -2.189629 5.120069 -2.886804 -5.568690 6.747289 3.964054 -8.176631 0.528194 -0.438917 4.203297 9.567537 -3.820830 0.286489 1.394972 5.559631 -3.922662 3.033682 8.689161 2.821463 -0.433437 3.474927 2.024479 9.776644 -9.811557 -9.904481 -7.707247 -6.104094 -9.317851 -8.776246 7.603671 2.956065 4.856439 7.295847 -5.654408 9.143233 -5.242048 9.109958 -6.987369 0.344024 -5.283394 -6.002930 6.555058 -7.379085 0.201928 -5.186628 -5.539467 5.125775 1.294770 1.317478 -0.735554 -1.756888 5.060520 -4.342514 0.950953 7.164653 -5.659540 5.172299 6.232763 -8.610321 9.960440 -0.072486 -4.919434 2.158323 -7.180213 -9.496328 6.378707 7.963852 3.949729 7.460801 -2.178141 9.576863 -9.761188 -5.599559 -8.299105 7.267407 8.998664 3.824021 -2.796029 4.973431 -6.741848 2.876312 -7.108089 8.856084 -8.469819 -6.026783 -6.736861 8.314027 -7.417771 8.998703 8.755765 -4.994134 7.812103 -4.886659 4.062724 -8.008592 2.717273 3.261796 -9.445141 -6.245731 1.107816 5.246949 -9.410488 5.622807 1.289429 -8.667839 -8.307801 -8.125220 0.890122 9.985844 -7.954360 -7.004786 1.705590 8.349486 -0.387707 9.625922 -0.210461 7.414310 0.230512 4.244933 -7.990833 6.465237 -8.825216 -6.192808 -5.019183 3.130318 -4.974632 0.671080 -0.739902 8.329813 -1.193806 9.111288 1.731438 -3.625654 8.207254 -8.260994 6.794886 8.305001 4.705720 -0.993128 -5.874976 1.963504
-8.993210 -8.381358 -1.439287 -9.509751 6.603507 9.637048 -6.298997 6.187176 -5.221490 -1.100523 -2.567617 -9.779708 6.626503 5.973978 0.673989 -6.889280 -7.967050 7.085116 6.120232 0.020646 -6.970037 -6.545129 -3.218423 -7.834274 1.353297 0.231499 -3.134203 -7.045025 -3.578841 -4.242798 1.112873 8.832307 -2.397410 -9.994283 -2.354981 -3.972855 -2.723991 8.118124 -8.290362 6.164296 7.245248 -7.778892 7.346396 -5.465879 -6.472149 6.669950 -4.158898 -4.420384 -0.101732 3.534314 5.240367 4.413913 5.114432 -6.761712 4.993816 -9.238361 5.062448 1.836301 -3.331266 8.598534 2.468471 -4.118098 -3.657724 5.812032 -5.832807 -7.691073 -3.249230 7.551840 3.844575 -0.214225 -0.692099 -1.093339 -6.815578 9.951955 9.700989 -6.620297 2.310355 5.238370 -5.651357 -3.443903 9.334684 9.713893 -2.315021 -2.060827 2.951510 4.828144 4.252602 0.548500 8.023117 -4.961718 -8.398348 -4.839400 -1.032161 -6.122300 9.259531 -1.925051 -2.422505 1.939836 4.975173 9.411245 -1.812810 2.213399 -7.548430 9.689270 -7.665640 -8.805218 -8.679323 -9.873540 8.966964 -0.351259 3.995951 8.418519 -8.658757 -1.717566 -1.897441 3.146890 9.698358 -7.040371 -5.243104 3.771070 2.735726 -8.805457 -0.186564 -6.587663 -6.192148 -0.958567 -3.669858 4.212597 -5.030259 3.959055 3.485956 7.542261 7.356831 -9.667337 -5.574571 8.226141 8.143650 7.561994 6.637624 -1.704172 6.296337 -5.208128 2.917913 -7.024999 7.767497 -6.399583 4.645347 6.156760 -7.921882 8.803100 -4.856530 -3.620289 5.550124 -2.823272 -8.106150 -5.068201 -7.408158 3.665147 1.494226 -9.189236 2.924564 -5.376753 -1.451057 -4.196382 -4.840723 0.198413 5.917370 3.101848 6.162604 9.238807 3.157463 1.806701 9.873343 6.888565 1.998316 -5.630384 0.192275 -0.455149 4.819699 -0.635048 7.085569 -6.604039 7.737617 1.176482 -5.118218 1.205537 2.396950 -8.696675 -2.191359 -1.718706 3.131712 1.949547 -5.459613 8.521296 -2.620860 -2.736049 -5.116027 4.698527 8.383375 -3.251876
1.543369 -5.012601 1.121420 -7.051991 -2.741676 8.736908 8.381442 -0.771380 8.310112 9.932657 3.040434 7.166012 0.341265 -5.542736 9.392409 9.546634 -6.375197 0.854959 -8.655716 -1.285337 -8.942111 -1.815776 0.398100 6.432435 -5.827608 0.279100 -8.547689 -3.503066 8.937100 -2.691089 2.335067 -8.719230 -4.663282 -3.923456 -1.580576 -0.941213 6.589477 -8.350423 -9.549655 5.046771 -4.287835 9.815696 2.387352 -9.535846 -0.155199 9.999349 6.307641 4.050073 9.175185 5.171075 -6.022107 -4.355724 8.984962 7.811114 9.336463 -9.245741 -6.760628 -8.153471 -7.501896 -6.973936 -6.492551 8.100767 0.527336 4.733621 1.089359 -4.837855 -5.758207 -1.984408 -6.652051 -6.490319 8.149025 -9.143689 4.427820 -3.370951 -1.997688 7.174699 -7.845869 8.434250 4.432302 -8.865068 -4.071970 0.521470 -3.463589 0.295904 8.722832 4.138787 -1.988849 -4.996091 -4.461377 -9.736328 -0.246748 -1.097823 4.955096 6.911019 -5.683905 -8.358593 -8.328455 0.755153 6.142184 -1.289507 -8.741845 -8.717730 1.692951 -0.137016 -2.007675 0.358230 1.386951 2.960919 -8.817903 -8.099608 -4.802956 -6.760893 -2.750910 -3.031642 -5.123954 2.890621 5.991242 0.949954 -8.176313 -4.520914 7.999951 8.369657 9.901375 8.931143 8.933851 5.215877 2.942043 8.124290 -4.437283 0.163565 -7.308779 -6.588782 -6.412753 -1.427650 7.747933 3.002279 5.396004 2.992660 -9.883960 2.977401 9.441574 4.707289 9.464731 -9.720143 8.964396 7.310850 6.775758 5.293384 -6.789778 -4.394446 2.567131 -2.032461 5.083357 1.858950 -9.697600 -2.585110 6.506460 -0.280882 7.361816 2.810074 -1.160852 -4.980256 -2.470452 1.779587 -9.243164 -8.497341 -0.542844 6.545490 -8.907722 -9.146437 -7.068871 -6.138002 9.232817 7.223274 5.940866 -0.173237 -6.270744 -6.481704 -9.204645 -1.059903 -9.329686 7.692618 -0.003950 -7.875344 0.879504 2.448531 2.523891 -6.087857 8.535572 -5.606508 -6.640595 -6.410562 -2.759077 -2.969375 6.087788 0.669764 -0.727689 -1.986610 -2.401480 0.634716
7.253948 -9.312197 -7.740666 -2.415014 9.032192 -4.160372 6.897735 1.499094 4.311363 -6.555474 9.172847 5.235713 -5.765590 -4.325821 1.989683 -6.649029 8.700545 2.087915 -6.905154 7.483603 5.029009 -7.628903 5.971046 -8.234584 -4.862964 0.072439 7.198070 8.660415 -9.489209 -2.638860 9.383726 1.696508 6.216537 -2.080172 -9.987124 -4.350026 4.143434 -4.700503 1.430331 -9.806473 1.387933 -0.700088 -3.200234 -8.146073 -1.890598 -2.196592 -1.985359 4.675621 0.357127 -4.528235 -2.267846 -3.154707 3.577323 -6.371504 4.056500 7.998641 -0.081956 6.217371 -7.429855 -4.074596 -7.190141 -1.222547 6.040738 -1.277636 -4.300774 -2.859756 -7.023856 1.357850 -3.260800 1.547516 6.146110 1.278343 7.820788 -5.949904 -2.595471 -1.480369 -3.423024 -6.279015 5.071378 4.610752 6.336140 -7.812392 -0.285001 -4.782224 -8.230402 -8.488872 -6.108018 4.782733 -3.235212 6.314546 -3.715094 4.445816 0.866496 -7.922077 8.429609 2.488298 -5.279163 5.298502 -0.113901 -4.910635 5.268079 -2.790212 7.012245 -9.336293 0.919198 -8.160631 -5.932538 8.400465 -3.004397 8.031738 6.496118 -3.289194 5.235582 -2.461161 -1.398534 -5.341391 9.484946 -0.436092 1.406308 6.849122 7.776878 -7.882721 -9.730382 -8.890091 0.287623 1.128791 -9.002733 7.273974 1.919351 3.747441 -0.112071 -8.527609 5.956375 6.839858 6.663750 5.736314 -4.383496 -8.857408 0.710980 6.455008 -0.324675 2.026579 -5.352231 7.234798 8.912126 -5.923022 -0.539003 -4.790823 -3.452540 -8.055130 -2.367840 -0.420473 -3.137723 -0.061525 1.459703 -1.412227 -2.672207 6.387578 6.148500 8.817411 -9.941528 -4.923213 -8.603853 6.309417 -4.427377 3.597731 2.097858 -5.910898 -8.948845 6.332050 -0.058625 2.736936 7.420540 7.371284 1.538039 9.389431 -5.209264 6.583722 7.953308 6.193674 -7.289739 5.028565 -5.465893 9.412593 1.801987 -0.761150 3.459796 6.911950 -7.883619 1.002155 8.242456 -0.763271 2.477173 0.920176 3.686425 8.353784 9.288954 -0.901975 -2.280298 4.734601
-5.918745 5.870429 -0.339319 -5.052587 0.727811 -2.167919 -6.490665 6.680869 -6.462432 -2.625085 9.514304 -6.769167 -1.894825 -9.190138 -2.110820 -0.127004 -8.812759 -5.106961 -1.994118 1.682743 3.420014 -8.269282 9.508884 -8.368452 5.437339 8.525654 -3.917165 7.748027 -0.196781 1.971822 -5.862899 -0.981649 -9.895970 -2.544936 9.768771 3.142125 1.495003 -5.346586 -0.457738 -9.029651 8.138241 9.605755 2.945094 2.606528 3.863080 1.201756 5.330425 1.628218 -5.313045 0.854448 -8.182590 -6.109103 3.680049 -4.236988 -0.347760 4.437143 8.763314 -2.880423 -4.945357 -0.395234 -9.665685 -9.300088 -2.900528 1.867190 -9.454747 -6.923087 5.761287 -9.285790 7.775991 7.560908 7.012942 1.134709 0.223934 -0.380223 -9.396411 -7.780794 8.645104 3.080637 -4.474470 1.464023 -5.679930 3.968002 -8.053996 9.654984 -7.647898 0.297146 0.522159 -8.358365 -1.957688 -6.913145 2.147433 -4.444481 1.535499 7.636967 9.345467 -9.718868 9.882921 8.760563 -5.617975 -3.128972 -7.907226 -1.564999 5.193129 8.723974 -3.357481 2.808436 1.438711 9.578685 2.343305 7.318577 -6.377554 -5.435328 0.503649 5.405753 -5.702832 9.800355 -7.388495 -0.375031 -5.296474 2.937998 -1.300587 -5.341829 -2.936722 -7.225087 -1.354689 1.463894 -1.833364 9.869124 -3.184499 -1.007772 -5.316053 -2.892757 2.413010 -3.988213 -9.598270 1.202984 -0.882979 6.242344 -3.665839 -4.217405 -3.550259 4.216230 -2.349846 6.011279 1.136437 2.827566 -8.933723 -9.464312 -1.084352 2.171851 0.009070 -2.820972 2.159229 -3.916041 -4.846510 -0.323611 1.259999 -1.225563 0.245672 -2.248396 0.057760 -3.638478 6.942869 -4.026402 4.481098 7.555841 -2.311713 -5.057402 8.401746 6.056523 -6.920078 9.809468 4.178767 -4.529718 3.524482 -2.114998 -9.296382 -3.350464 6.757803 2.195382 -2.606250 8.700373 5.038674 8.202292 7.849375 5.487412 -0.988292 -9.897340 -1.658020 4.935394 4.604322 -6.872340 5.109326 8.082506 -4.892908 6.076959 -8.413722 -6.989293 -0.436928 4.878921
-7.159046 -8.256226 6.051887 7.960612 2.615488 -2.258945 -9.515192 -1.447801 -6.205010 4.614159 -8.754593 1.594784 1.240991 1.969209 5.355775 -7.338373 -0.220400 -5.369679 9.795189 4.090520 -5.797333 4.326279 -1.336437 -5.712059 -3.897820 -8.908350 0.379504 -9.253331 9.429676 1.387091 -4.797322 4.088092 -7.298160 0.578897 -2.882231 3.778777 -0.608683 -0.511077 -8.623637 5.589224 0.640447 -5.496628 7.334430 -4.433134 -5.897061 -1.328071 -2.253998 3.021755 -7.320627 -0.384922 -0.196355 8.689507 -5.085267 8.456016 -9.432010 -0.633261 4.858998 7.776244 -0.475163 6.473317 6.597650 3.245217 8.764271 4.481878 7.444357 5.106376 -9.545649 -1.001809 8.243574 5.513627 1.929799 -4.833088 -2.594155 0.729484 4.815530 -2.888686 8.435553 9.934714 7.862903 -0.076201 6.967219 0.152270 -6.100417 8.775597 -2.543476 0.881826 -2.556250 0.541196 6.933071 0.939575 5.281804 9.451138 6.851653 7.033903 -1.165636 6.638419 5.528420 4.409601 -3.970252 1.193383 3.773471 2.756687 3.056391 -7.887557 -6.478589 0.745563 -6.464004 -6.323661 4.387729 -3.729981 4.073716 2.697167 6.952810 5.134817 5.775712 8.200624 -8.387270 -8.537141 9.434076 -7.378871 -7.853937 -8.663123 3.812155 -5.094889 6.741236 -5.196132 2.835173 -5.982170 3.191481 2.180619 2.153462 -7.512470 6.675857 -8.868075 3.864615 -3.297721 8.034711 -2.120626 -7.561352 -3.960593 -0.909860 5.756988 -2.882203 2.308527 -1.019612 4.273097 -8.150896 -9.284450 9.230911 -3.958530 -1.087673 -8.537412 -7.506189 -1.739650 -5.930428 1.250257 0.325523 7.910142 -1.597991 -1.871356 -7.547321 -5.363040 -1.593365 -4.171988 -0.041134 4.203842 -9.945382 7.633898 -8.733047 -0.738301 -2.621868 1.408220 -9.903953 -1.740920 1.272494 9.226954 5.455611 -7.482332 2.131911 8.961113 -0.723156 7.505575 5.686083 0.015649 -0.243186 5.185239 -6.898687 2.112654 9.368512 -1.755804 -0.509078 -0.039487 -7.209800 -4.188452 2.891980 -1.198600 -0.291838 -6.939074 -8.589677 3.612417
6.538477 4.393464 -9.769445 7.296513 -1.272515 -2.304119 -8.611545 -3.615072 -1.429574 -6.771998 1.815119 -8.813183 5.493089 0.991795 -7.263614 4.473393 0.122738 2.043990 -8.033596 -0.612806 -4.764802 -3.210197 4.796403 -9.449309 5.538066 5.932007 -6.345493 8.310445 8.971501 6.602957 0.108117 3.493387 -3.029337 -0.847886 -4.055853 9.200240 -2.288102 2.802776 8.743153 -6.612965 0.776686 -1.655594 -4.786428 -5.309063 -1.440573 7.672139 -3.342323 -5.482624 3.978078 1.267399 4.838290 -8.948771 -0.819176 3.619427 8.798393 8.502631 -0.756622 1.871521 2.031848 -2.468954 -9.507211 9.519595 7.535359 9.470485 7.297904 -6.019108 -0.641675 6.394946 -1.951925 -6.635268 4.091109 6.828124 -3.082025 8.480922 -3.821814 -6.964479 -2.406211 3.177078 7.462354 7.359382 -7.078678 -2.268286 0.277357 -9.255880 4.407278 9.119826 9.005619 0.706999 6.528672 4.126139 5.285621 -0.988533 9.223673 4.443669 -3.750463 1.981666 -1.400025 -7.999217 -1.822767 -8.340414 -5.073537 6.924421 7.969074 -5.099113 -0.388200 2.012919 -1.055092 6.549765 -6.668712 -8.922062 -4.832979 1.778984 0.949553 -2.257784 -2.643423 -9.338645 -1.924177 -7.075400 -1.400844 6.759336 4.658397 4.540544 -7.289088 2.301281 8.446728 -0.181231 -8.882689 0.770256 -9.499594 -6.920686 7.291596 -6.970295 8.927320 -2.723513 -7.847186 -2.220569 -9.494748 -4.544630 8.710939 7.121262 -6.621406 3.421653 3.288890 -1.376034 1.105871 2.416786 5.500987 -7.293631 -6.609563 -6.564031 -7.200141 -7.805915 -3.856519 5.416914 0.176100 8.492186 0.493632 -1.959098 2.487853 8.695189 3.365833 1.832564 2.824422 5.839595 1.133932 4.854258 -4.233438 -3.829498 2.267208 -7.201858 -8.409906 -3.578549 -6.055264 0.125051 -1.576870 1.702832 -0.299103 -1.851231 0.461315 0.815116 4.510900 -3.359457 -0.172248 5.423838 -5.575124 -3.519264 -3.607705 5.677059 -0.605350 6.740171 -9.234321 8.183171 -0.569624 -3.505593 -8.512073 3.303473 9.754193 8.966108 -5.290601 8.436622
8.736910 8.942161 3.342958 8.150734 -8.422452 6.566246 -2.856393 4.187494 -4.337199 9.290835 7.178974 3.321529 2.868209 -0.355581 -3.231082 0.933271 -9.759501 4.185903 8.035672 2.777333 9.862128 2.888734 6.085669 6.208991 5.954563 1.375088 -1.069270 3.655838 -8.064834 4.391953 -8.692886 5.310258 0.641373 8.205056 3.842757 -5.852414 8.514053 -4.135086 -9.798422 7.767115 8.273887 4.731099 4.372395 -2.835112 6.815102 -4.774665 7.065357 -2.254439 -2.848971 1.963656 -9.825979 0.898480 -1.241724 1.330259 9.778504 6.054885 6.847682 1.889211 5.929940 3.760649 -9.620462 2.762494 3.106460 -5.366185 5.155001 5.481570 8.459482 -7.848092 -3.546646 -9.195648 6.784969 5.569285 -0.840662 0.093835 -1.695588 5.584021 1.413432 -7.109084 2.905787 6.347568 5.917266 -6.698537 3.973942 -8.510611 6.630278 7.210264 -0.982368 -7.852711 0.464491 -6.125637 8.395896 2.183792 5.098675 4.986020 -5.707148 -8.385150 4.942366 4.564843 3.677765 -5.492446 1.350770 -1.323102 9.965107 -5.955873 4.723630 -5.289866 -7.327638 -8.049450 -7.653356 -2.734773 9.048985 -9.599311 2.608890 -8.218275 9.130692 -2.267723 7.466172 -9.071330 6.802739 1.867806 -7.147355 3.461170 -7.913658 9.036762 -1.164669 -6.887327 -3.355019 -3.891977 -0.482037 -4.823639 3.843234 -1.568976 0.493552 -6.779809 9.248268 -4.372965 -1.059074 1.540072 5.017283 -5.179811 5.566664 0.925148 -8.213814 -2.658450 3.383208 2.923019 5.612734 0.858994 4.565517 -2.378823 4.682339 -1.271741 -9.487446 -9.468113 5.933372 -9.047747 3.193019 7.706835 5.239099 -9.294278 2.276267 -7.158452 -5.542626 8.409509 8.789660 0.600162 -2.937557 5.254407 8.640149 9.741402 -5.881496 -8.708903 -1.172915 -4.132708 -1.527640 4.165394 9.092330 1.619190 -8.311100 -5.252527 -2.235929 6.630940 4.331129 3.724849 -1.399792 9.997328 -9.266732 -2.759939 2.457674 -4.223765 3.835692 5.679122 -0.870338 -4.358340 5.544683 -4.500058 4.670041 -9.202059 -7.192935 6.936828
6.039829 -9.899950 1.198190 -0.203628 -2.496123 1.631263 -7.075726 -4.659090 3.155621 -4.921735 -0.003211 1.445420 -4.588147 2.193059 -7.224271 3.418992 -3.834106 -8.972453 -8.621361 -6.980726 8.479759 -8.272281 7.679326 -9.466558 9.046200 -3.557520 0.292774 9.225726 2.959372 4.894182 -1.193123 -6.849654 8.232618 4.840155 -9.443564 7.734977 3.345908 -8.066161 -7.667104 -6.061745 -3.129004 2.415064 0.320588 6.187420 6.644470 1.902232 0.290420 -7.885090 -4.574230 3.035485 -1.119735 -1.231123 -7.876040 1.278415 1.301197 7.569836 0.214891 -1.431084 -2.097750 2.031695 -7.391610 -6.118208 6.639046 7.903575 7.434155 -3.025635 6.536690 -2.263545 7.707860 -5.956469 -2.509455 -0.595791 -4.652023 0.680049 -7.471232 1.623444 2.949881 -5.045021 -2.696565 2.910697 -2.780584 8.750646 9.405750 -0.500094 -4.500486 -2.143793 0.378321 -7.335627 5.743512 -3.920390 4.107872 6.554062 7.047993 -5.449052 6.677942 -6.067708 -9.554986 -0.178941 9.161663 2.369552 0.558369 3.109002 -4.550764 -8.695012 -8.258495 1.092433 7.095719 2.519610 -1.124160 -7.122163 1.123279 -2.365511 -3.235755 5.532166 6.363702 -1.694341 -4.127202 1.733742 7.590448 1.071752 4.444482 -9.897440 -0.218034 7.340546 -0.630200 4.087232 -4.732933 -3.496183 -6.821083 -9.772205 3.428593 4.603351 7.150392 -9.830736 -9.207895 2.848635 8.739768 9.062349 1.598856 -4.044483 2.949347 -1.330521 1.332916 -0.462490 -2.169044 -1.130081 -4.652903 8.436229 6.217143 -0.125956 -8.930769 -1.270090 1.117462 -4.487835 -0.379639 2.832343 -5.540178 2.980175 5.405655 -0.256682 2.761339 -4.450396 -1.499925 7.992046 2.974249 6.876942 0.538799 7.490977 1.326846 4.672626 -2.502291 5.786326 2.512827 -1.997885 8.602890 9.852562 -4.438113 7.513973 -6.958552 8.329022 -4.414200 4.659047 8.645112 -6.130308 -5.960936 0.458326 3.528053 -0.226374 9.555993 8.244374 9.365514 5.033750 -4.494242 -7.548130 -8.601598 -5.491473 -3.045650 -4.485638 -7.988029 8.166293
9.590360 -9.653831 -8.747128 3.324703 -3.386086 -5.024600 6.590331 -3.633931 -7.727026 -1.478174 -0.242991 -9.571983 9.552625 -0.459520 4.917199 6.026958 5.181881 -2.539616 2.026237 -6.187822 -4.313416 -0.880768 -4.415228 3.585533 9.963299 -2.397615 -0.525897 -1.670335 4.404561 -8.060181 4.531553 -4.886591 -1.886516 -8.316047 6.464184 6.696078 8.589162 7.820336 -4.150180 -3.640512 4.173675 -5.760361 9.082094 -2.111425 8.054367 2.424116 -4.684761 -1.984385 4.717478 -7.879428 5.596672 -5.466678 9.107247 -7.285252 -6.960077 -9.101799 3.907757 -5.523385 -8.399704 4.755621 -4.363675 8.998209 5.863955 -6.109319 -1.389644 -8.550483 -7.004662 -7.157865 0.955621 -6.401897 4.659746 7.024009 -3.620512 2.144003 -2.098998 9.402989 8.347091 0.512941 7.872058 -6.890600 -5.016014 3.454949 0.882695 -9.938773 8.745755 -3.545082 -7.628666 0.499154 -9.895127 -6.359422 8.897647 -3.010342 -3.503362 -7.158292 7.921805 -3.927530 -9.454934 4.847119 -1.015770 5.589114 -5.416435 -5.989688 9.160434 8.242193 1.080326 0.847159 -5.225178 -0.531643 0.771842 -8.090196 -9.320635 0.258155 -9.283287 -5.594732 -9.871373 9.306951 -8.633686 -3.663837 5.673820 2.839902 3.744324 3.946391 9.446932 -7.864640 -7.173447 0.824492 3.123348 -9.952561 4.911711 4.697594 -4.583835 -2.042857 -2.972182 -4.900848 2.234671 3.064921 -7.844698 9.531497 2.415020 4.529199 3.993157 -3.800649 -9.808720 4.931020 5.101449 -8.853755 2.885291 -5.264188 2.924339 -6.349923 4.280083 0.332692 0.256962 -8.424810 -2.358748 -7.556186 -0.345885 8.122820 5.966159 -9.892982 5.558643 -1.757928 2.082919 -2.664035 -2.649095 4.526817 -3.714867 -1.606325 2.764240 7.146849 -6.886821 -2.164726 -4.534957 8.427678 -0.829161 -9.526725 2.749857 -2.199714 3.794503 4.306567 1.684845 -7.654566 -5.105840 9.360989 2.716308 1.641691 -0.439770 -3.795598 -9.515567 4.533096 7.293607 -4.245684 2.970272 3.512147 -0.074696 -5.672416 -9.398316 5.133038 4.790064 8.103714
-8.623450 7.953221 -6.930029 8.542338 -9.411437 -2.860099 -5.187508 -6.310546 9.612770 -6.954041 5.490717 -1.904082 -3.842943 -5.516911 3.101392 5.103710 5.863072 1.044560 7.997095 0.254289 -4.548781 1.463807 1.077862 8.803701 5.683346 -3.028621 6.070365 -3.113622 0.567591 -8.098378 -8.648536 1.752376 3.581030 6.171944 9.346555 -9.797827 9.068260 -5.105629 3.024941 -2.159214 5.841858 2.308695 -9.092058 -5.296759 6.444291 -4.756523 -8.086512 -0.436285 2.221186 -1.455559 -1.181107 -5.910838 -0.842033 -1.404359 -6.040161 3.186257 -0.958205 9.103954 -0.312687 7.813444 -5.651565 -5.104569 -1.309566 6.344695 -5.247219 -3.423190 6.120769 -3.159383 -9.556823 9.839940 3.397631 8.613895 8.195331 -9.269206 3.262522 -6.694224 8.381618 8.866388 -4.875743 -6.862069 -0.028045 7.504079 -0.485990 -9.400591 6.836168 -2.512280 -3.713203 -8.207020 -7.115745 -6.371924 -2.077662 7.709901 8.299972 2.831907 -3.141979 -6.435443 9.353701 -3.257438 3.064339 1.310809 1.028687 -7.763316 4.667288 1.808657 6.614866 -1.337838 -3.764441 -4.590366 5.904546 -7.539454 -2.401059 1.640625 6.827674 8.730995 9.319764 -3.740935 -7.760859 5.416377 0.777506 2.023627 6.469610 2.983923 -1.686526 -3.777992 -3.335040 4.627158 4.332892 -6.603733 9.028257 5.161771 -5.575542 7.979592 -0.166482 -0.781899 -7.793551 -2.842191 -8.367885 5.252462 -9.323698 -0.037059 -9.542404 0.424068 4.497704 -3.592216 8.811144 3.251222 1.013534 8.280886 -8.675043 -5.125802 -1.369170 -7.517147 -3.004086 5.342454 9.831521 5.541727 -2.408821 8.192056 -3.420149 6.346691 -1.051787 -7.716290 -6.271081 3.368516 -0.746272 5.483989 9.171029 -4.403159 -4.668010 -4.583313 -9.548744 8.643849 -7.990087 -8.235474 8.894133 4.987433 -3.424917 -2.329249 6.555678 5.291636 3.083049 6.341138 2.179163 1.089328 1.892791 -3.943024 -0.710996 -1.153758 -2.245869 -0.154205 8.027258 -1.373014 -1.405821 -9.259722 -5.789846 3.499422 -5.275920 -1.929244 9.128938 4.723136
-1.151556 -1.679815 4.416997 -1.495271 -6.918729 6.390996 -3.108426 -4.606470 3.427410 -0.517476 9.749230 -7.412037 -7.378083 2.015741 1.928307 -7.581655 0.873837 7.715415 0.571452 -2.831662 -2.495950 -8.737032 0.195590 9.042028 7.317306 -6.477303 7.980658 7.215413 -1.818272 7.073626 3.007843 -4.600348 3.461366 -7.514861 -4.026008 -6.676391 -0.173302 -9.531250 8.893379 6.313868 -1.898651 -0.415830 -0.558929 8.133045 -8.408134 -5.091859 6.427001 1.127171 5.979201 9.885539 -0.095986 7.247989 -5.592415 -1.035344 5.010738 -1.046315 -0.624882 -4.112327 0.259934 8.284360 -7.266771 6.497529 8.070885 -2.781563 -9.371125 -9.003104 -5.175152 3.857338 -3.982750 -4.800003 0.014165 -9.574884 -7.477968 5.464327 9.762013 -8.083296 -7.560761 5.225294 -0.630225 1.915572 -3.118356 -9.700990 9.235882 -3.462906 -1.521573 -6.791824 -0.097453 -5.652878 -8.481246 -6.498718 7.026439 4.227847 3.205616 5.529404 6.559943 -9.771204 9.027867 -8.529462 -4.484692 1.137916 -9.168799 6.548019 2.384132 -5.114247 -0.956185 -8.162430 3.475393 4.495100 7.761870 6.470274 1.393352 4.548508 9.987829 -7.284864 -9.444742 -0.227109 -4.324690 2.960454 -3.606512 0.353878 -2.689781 2.763607 -4.362644 -7.527486 -8.516881 7.356759 -4.624661 -8.702525 -1.175517 3.987354 6.441978 -2.436448 -2.835864 -2.068170 0.905391 0.864825 -8.020926 1.797247 5.555475 7.340408 -8.662407 2.490784 -2.425367 -7.786786 4.651834 -5.938493 -6.294162 -4.951678 -9.528473 3.056561 0.941043 -6.385719 -1.970543 -5.607831 -1.676332 3.445524 -8.252094 7.472323 -8.361376 9.933404 -4.556141 3.472125 -4.497617 -6.443401 -5.382328 3.204589 8.040565 6.621878 2.132154 -3.231389 0.649347 -1.311663 8.112521 -7.263947 3.546458 -7.022031 5.723031 -0.496290 0.662675 -0.547988 -1.714147 -2.719401 -7.129773 9.866255 -7.581499 2.513261 6.948269 1.114773 -7.234621 1.670143 -3.151688 -8.516099 -8.649718 -0.071689 5.650000 8.141401 7.617758 -2.133475 2.532962 -5.051862
4.096040 -5.147635 -1.383799 -9.073083 0.252629 -3.873497 -8.671313 9.163832 -4.588257 -5.089514 4.776545 -9.903495 -8.423114 -0.097093 -0.152395 -8.474460 2.256397 1.715433 -3.406502 2.161647 -7.497033 -5.877782 1.319418 8.536106 -6.400290 7.452216 4.787980 -0.180571 -8.778912 -1.540835 -6.807520 -7.161592 2.934663 7.615161 -4.462694 9.610563 -1.800199 -4.102516 -6.941000 1.496650 -7.788506 -9.932504 3.126033 6.694720 2.877400 7.682357 -9.200218 -4.243657 -1.766545 7.752856 8.560579 6.718795 -9.229817 6.955078 8.573549 3.042484 -1.394946 6.672867 -4.274862 4.968518 1.291374 -9.280810 9.843775 8.936175 -3.602619 -2.988824 -3.782460 0.606000 2.624694 3.426317 4.932389 -3.215574 8.667815 -7.803568 -2.127522 8.106395 6.866641 -6.301762 0.436228 -4.191743 -6.712308 -6.003879 -6.247351 1.688181 4.057653 9.580113 -9.172156 -2.972125 3.182643 -0.424955 -1.131418 -1.356976 4.084485 1.436136 -0.437215 -2.644015 0.306852 9.534040 -9.674458 -4.621788 -7.152684 -9.473871 6.398219 -1.793791 1.294019 -8.365125 2.139764 8.742208 9.100924 4.374593 0.140350 9.196583 0.776130 -7.707565 -2.893736 -7.848537 4.964469 7.455500 4.370379 -8.043262 -3.872560 9.287765 4.870103 -6.395194 7.795685 5.030303 -4.296153 -3.608325 8.438381 -3.822721 -3.021753 -3.552523 -0.215504 -4.831441 8.575656 -5.564332 7.231857 2.319223 2.435316 -1.720682 -6.567182 2.644718 -1.541779 4.213633 -5.742784 -8.347758 -3.770176 7.353720 -8.431594 5.670544 -2.576848 9.223402 -9.764085 -8.162892 -9.172842 -2.654196 9.221322 4.571197 -1.090856 3.109151 -4.343523 7.135583 8.071522 -2.307441 4.279307 -0.980711 -4.247430 -1.293991 8.313682 -1.859897 -9.964877 4.644527 3.719526 4.008258 -4.613171 -8.306472 -0.646078 4.174386 -9.522100 5.007984 3.334510 -8.016432 5.089251 -1.433956 3.434585 5.319838 -1.598835 4.037632 -6.754682 2.961517 -4.626964 -5.535193 1.225489 -1.578618 7.207549 -0.929045 7.798595 -6.147929 -5.381609 6.477092
-2.192198 -5.003266 -9.585791 9.855689 -7.445943 -5.408236 8.294513 5.139868 -4.053085 -6.180248 -9.720626 -2.049047 -6.917841 -4.057302 2.508195 1.185021 0.396436 6.630779 -1.032864 2.512243 -1.041742 -3.665511 -2.276727 -9.995542 -8.994733 6.784126 -3.391518 3.573769 0.354557 -0.120791 8.055133 -9.346733 -7.421277 6.109094 -1.411278 -3.426167 4.926539 -3.898620 -8.701382 -4.537979 5.048299 -3.060803 9.527909 -1.423540 -0.941716 -9.359626 1.901617 -9.999103 6.991013 -4.712978 5.141770 6.396872 -0.097029 3.101374 -0.837758 -3.839926 7.565777 0.664073 -6.143444 -9.412122 1.137903 7.073611 3.171542 0.559016 0.528147 -6.438372 5.457770 -9.159651 -4.552759 7.781668 -7.501841 3.023415 -0.847044 1.164907 -1.347915 4.509872 0.757604 3.525508 -9.331828 -4.962864 6.379125 9.175890 -4.249581 3.901004 9.767141 -9.821456 4.250798 1.629763 2.592070 4.925665 9.016380 9.193050 -1.947538 -1.557960 5.573184 -2.729042 -2.578556 4.585046 4.898227 7.655721 4.600337 -1.958505 4.932259 0.436045 8.845597 -9.229815 8.358695 -0.011161 1.968524 6.635709 -7.474142 8.454074 5.511185 -6.706512 -3.254698 5.755274 -1.719006 -5.808619 -1.340727 1.194009 0.384637 6.592599 -9.140320 6.380712 9.750962 8.894264 -0.593900 -2.680776 7.206569 3.986225 3.921170 -2.318189 -7.637767 0.689255 9.922324 2.344383 -1.407624 -6.039034 -1.357324 -1.831969 -7.892669 9.418970 8.578071 8.399329 0.363015 -6.446650 0.920073 -8.548808 1.164773 -2.295855 4.448748 0.112856 -6.150304 0.129620 -3.366601 -3.368971 -6.717977 6.960439 2.114488 -7.105780 9.433287 -4.168394 -8.967153 7.803750 -8.477972 2.048196 -8.773200 4.274927 -8.229990 -7.025791 -6.084690 2.733113 9.681962 -2.306415 -5.871286 1.861315 -6.516311 -4.745065 7.933629 -7.682666 -8.428915 -1.012928 8.110421 -9.353493 -4.513146 2.602762 -3.794932 3.354948 -8.667756 2.098458 -0.302093 5.849243 -3.776662 -1.914765 -9.887737 6.353150 -5.859117 8.561706 -1.894716 -9.890723
-6.560959 1.027682 -5.642557 8.563302 -5.836032 3.233931 -0.833066 0.584210 -2.454137 9.867292 -8.801757 5.612135 -1.281039 -5.993168 5.087244 -4.037082 -4.480108 8.952505 -6.458388 9.300470 5.630957 -7.456167 -0.660978 -4.043291 1.433691 8.235877 -2.897550 3.407604 -9.190729 2.680032 2.604895 -6.022153 -1.263653 5.797413 5.105474 -4.882957 8.736078 -6.276912 6.298934 -8.103911 -5.517361 -6.344746 -8.124698 7.580954 4.736978 1.406270 9.883957 -9.368690 3.522165 8.657437 2.069972 -7.905892 -3.112191 -9.261333 1.447583 -8.943643 7.963415 3.334119 -5.318977 6.873127 -4.346234 -4.218861 -9.988178 -3.753743 -0.399058 -2.489878 6.404971 -7.759630 -5.637838 8.764312 9.013152 2.002166 5.349475 -8.862743 -2.260836 -6.695190 -3.990749 -3.146473 1.117874 -8.677051 2.266536 -4.765100 -5.735773 -4.367480 8.885687 -6.891976 8.652000 -1.941465 -8.207213 7.817878 2.603986 8.700761 5.905489 9.001264 -7.849904 0.314828 3.427746 -5.979648 -7.268298 -2.776778 5.891841 6.744220 -2.049899 -3.789496 -1.145350 -2.381593 0.102672 -5.882889 -9.468149 -9.436457 3.963451 3.093349 8.883407 -2.894929 -4.823839 0.025996 -9.916706 -3.986100 -3.336460 -0.865199 -9.759890 9.136160 -0.818998 -1.360171 -6.554092 8.002815 2.119125 0.403992 -9.644282 0.176937 -7.881771 -9.822256 -8.812790 2.167790 -5.115185 6.823692 3.128160 2.054530 2.712555 9.566799 -0.993524 1.888195 8.051854 -0.400853 -3.461092 0.751740 9.984426 8.436587 8.818364 -5.775927 -3.086823 -7.049772 -4.135294 4.465217 -3.336593 -7.647400 -8.450580 -3.448826 9.406078 -4.382699 -3.416368 -9.234236 -3.391302 -0.751425 -9.149274 -1.572529 3.883715 -1.714240 0.212705 6.034251 -7.760740 7.046615 7.033548 -1.511485 2.923246 -3.296359 5.896704 -4.107143 -3.494513 -8.182440 3.153760 -6.602457 5.726551 2.160154 -3.701903 -4.469148 3.960706 -4.854274 -1.261293 5.232940 -1.694335 0.329714 4.793938 0.669167 -9.569369 -9.345496 -0.424145 -2.904217 4.365924 2.655058
1.533761 7.015626 4.220480 7.260258 -8.219354 5.290424 3.415602 7.711091 -9.892711 3.637308 -2.492594 4.824025 2.279597 3.905576 -1.236328 -2.241659 -6.067943 -9.332226 1.917711 -7.910675 9.664160 -4.845420 -3.096119 4.335590 8.391082 -4.684964 3.406335 9.243276 0.182506 -9.666337 1.904967 -0.689179 0.557104 2.340129 -3.979966 6.747554 -7.747966 7.654544 2.545528 -4.648369 0.392142 -3.222903 -9.579679 9.284998 -3.465719 8.753897 7.396414 -4.166774 -8.908262 8.992985 6.648667 -1.064887 7.459867 -0.846836 -6.145678 7.966360 3.931854 0.902653 -4.824987 -5.988983 -4.053362 -1.281026 -5.290721 0.906382 9.263681 3.941282 -1.568342 3.649962 9.423619 -7.168726 -8.611555 2.235455 5.024472 0.273786 -9.488987 -5.661866 2.350526 -6.843876 9.339871 -9.007416 -6.112128 6.272112 -3.426884 4.046460 7.143340 0.886066 -4.500132 0.985809 2.175761 -0.767667 6.939609 7.823896 1.656123 0.374071 9.582229 7.173372 9.008097 2.885420 -3.819346 -0.183348 -7.193115 -7.089262 3.797688 5.965034 1.149085 3.503028 3.505658 8.089056 -5.922632 -4.817903 -4.490179 7.253539 5.900067 7.974655 -1.502164 0.917489 8.332055 0.168301 6.604130 -7.705701 -0.070296 -0.970381 -9.811313 9.713166 -8.146777 -6.018716 -6.714772 -0.676338 4.227826 3.132387 -0.034755 9.092773 7.548194 -6.665760 -7.738210 -5.739131 -7.651925 1.982759 6.522106 6.112861 9.410725 0.115569 -9.857037 0.929283 6.132870 -0.008974 2.255958 7.833875 3.459271 -0.053092 -3.828904 4.736729 6.586511 2.514642 9.340629 -2.634825 3.809006 -5.034744 2.416588 8.750584 4.121812 3.334941 -8.163180 -2.520722 -1.439771 -5.816273 2.218388 -9.483830 -7.742506 7.974458 0.806797 -0.065238 -9.802279 4.662904 -1.629444 -1.922556 6.872908 -7.104914 1.118487 5.949938 9.617305 -5.851624 -2.336259 -7.483022 7.025977 -3.152923 8.418659 -8.951653 -5.906898 7.789252 9.396719 9.337042 9.464210 5.843781 9.250404 4.076126 -5.155524 1.393607 -2.913220 2.734585
-5.422580 -7.362006 7.411883 4.184875 -4.680291 6.236528 -7.035442 7.811413 3.038838 -9.497272 -7.794657 -8.763880 1.278159 4.428395 -7.542716 -7.786149 5.935071 -4.459872 6.533310 -9.729799 -6.936155 -5.230445 2.849611 3.138654 6.404203 -0.720936 -8.309281 -0.385914 -5.651170 7.481972 -0.743085 -2.979662 -0.059233 8.609662 6.340286 5.805672 -4.169351 3.511667 3.162796 -1.966586 2.596021 -2.615913 -1.501150 -0.619647 -0.592105 -8.462919 6.508669 -3.029060 -9.119619 -4.968790 -7.456884 -7.896427 -0.152735 8.024496 -8.362881 4.822072 5.875390 -7.735782 -3.012397 3.282961 2.775087 -9.896430 3.054284 7.833130 -3.990770 8.841539 -9.048333 -2.820251 -4.376917 4.193010 5.222595 5.285158 1.157659 3.322732 6.518994 2.604228 4.180244 8.423443 3.883249 3.656191 4.183265 -1.987447 5.949848 8.576087 3.035864 -3.086517 -6.027920 5.443635 8.342591 -6.240685 -5.923371 7.792758 7.943407 -8.014319 2.435820 8.271584 1.560110 1.077531 -3.400499 -7.071263 -7.684684 -8.998495 9.900093 0.451564 -9.331027 4.202657 -4.776047 4.553860 9.566862 -5.627576 -5.196501 -4.995264 -1.049026 -1.851633 -9.838479 5.840689 9.531948 -3.077693 0.521577 -6.590174 -9.982181 9.793142 -8.666227 4.551836 -9.003666 -0.784451 2.662247 9.729294 3.170137 8.670500 1.542663 2.466889 -7.688865 4.513150 7.158582 3.043683 2.450359 -1.200372 8.189174 9.949131 7.108768 -0.770923 5.469391 0.852566 -9.007352 9.921687 -3.376651 7.789351 6.292889 6.861751 3.119804 1.796283 -8.761259 -7.058569 -5.442747 -2.651453 -4.320022 1.750759 -2.512497 -7.476576 -8.687014 4.335421 -4.176390 -4.594422 -5.550801 5.365551 -2.006429 5.422496 0.051144 0.957472 -8.578135 7.762767 -1.101171 1.981555 -1.829645 8.660121 -9.212266 -0.137047 5.889662 3.606276 9.736106 -7.235935 -6.170710 5.563195 -1.453258 4.572722 -0.086588 8.669983 -9.750691 -9.811440 -0.803797 -6.264255 -9.718226 1.289462 6.281028 -0.877851 9.116205 8.082005 4.796852 -1.172183
-7.025509 -8.828488 1.528279 5.427613 3.227175 -0.542465 -0.085626 3.057925 5.652984 1.875718 -9.765488 -1.628716 3.090738 -0.332584 -9.111162 -4.891546 -1.169653 6.500780 8.917422 8.881835 9.288133 6.385402 7.065798 9.616554 4.353610 1.125953 -9.564039 2.945018 -1.327800 1.861895 -0.968913 -2.270809 4.991549 9.484776 -5.126820 2.181458 0.339742 -9.715337 -2.602226 -1.705229 0.127980 -7.634110 -7.023117 -7.932338 -9.611412 2.947097 0.831832 7.423433 -4.391254 9.325517 3.141008 9.524600 6.202009 -7.218079 -8.462198 9.629290 -9.313280 9.581170 7.832712 -4.583386 0.552175 2.971813 8.710565 -4.735369 -7.595814 1.682663 0.652404 2.146975 0.212734 1.536425 4.461529 7.951398 7.355315 5.915668 -3.670186 2.566718 -9.722102 7.737031 2.278322 -1.033044 0.344601 4.239225 -9.170465 3.200723 -6.380207 5.499341 3.207899 0.931227 1.368047 9.011117 8.737961 -4.685393 7.188591 6.553046 -0.526897 7.626423 6.161200 0.343346 -8.654152 -4.529012 -6.483312 -7.643397 0.165965 -5.699044 -2.271886 -4.624087 8.253385 6.658283 -5.951366 0.962461 -2.709129 9.375641 9.335405 4.832816 -9.019625 1.195623 -8.940193 -7.875510 -4.097253 -9.462931 5.363301 0.248784 -1.715278 7.860480 3.983083 1.229747 9.088200 -1.721450 0.006324 1.768690 5.987186 -8.671453 -5.511074 -6.100606 8.911002 6.571929 1.834033 2.641363 7.040903 9.825304 -8.124584 -6.127286 -3.345695 3.548036 2.266434 9.360365 -8.241150 -7.844991 -5.212354 9.516467 5.830479 -9.720878 -4.727057 7.772814 9.417087 3.433879 6.584234 7.775980 -4.035491 -0.990402 2.169765 6.248927 -1.486438 9.983380 -5.976016 4.759007 -1.678789 -7.319917 6.801575 8.100648 2.106974 6.296259 -7.798883 -2.805590 6.602914 8.256948 -6.131134 6.752722 6.382458 4.687245 -7.735100 -9.680250 6.343379 -4.033899 -4.123141 -6.655015 -1.386360 -0.481993 -6.623155 1.059646 -1.563029 -0.711329 0.629980 9.354661 8.699020 0.642830 -0.334013 5.087930 -8.418662 -2.440670
5.010224 7.397977 -8.191770 2.150045 -2.790091 8.723611 -8.816074 -2.331513 0.011432 6.422696 -4.864532 3.524443 -7.051507 -5.886224 5.420102 2.973094 5.118951 3.487145 -0.385289 2.118371 8.938936 -4.178437 -2.508647 -7.932299 0.755149 -9.605523 -7.617126 4.619630 4.566814 2.987393 -9.005675 -2.179157 2.359066 -6.062094 1.795164 -2.697791 -9.189722 -4.827560 -2.767296 5.566111 5.809660 4.906422 6.594867 -9.178934 -5.203897 8.632640 2.636063 -2.130116 7.587183 -5.683825 1.143518 9.935681 0.057000 6.610767 -2.470551 6.561075 9.554392 -3.114163 5.010574 4.990245 -0.864612 9.181098 -5.458210 5.961909 6.142015 8.376458 -2.658821 -2.281556 1.960712 3.607858 -9.528100 -9.334630 6.527343 -4.334003 -8.385294 0.140315 -0.966297 -2.238107 7.489846 1.920505 6.483538 7.658607 6.912721 -7.585500 -4.976053 -1.391737 -3.757872 2.215731 3.380476 9.678924 8.052847 5.354139 -6.775850 -0.069184 -8.377119 9.155284 -0.836646 -7.982102 -2.937221 7.672639 -1.688787 -5.772502 7.024725 -1.444785 -8.259169 8.682298 0.340439 8.799431 5.964774 -0.158070 -7.910766 8.707227 -1.016792 8.204209 1.536245 2.608167 -4.363484 9.257594 2.302756 -5.722544 -8.999766 5.456762 3.579891 9.921941 5.330040 1.004983 -7.883223 7.936495 7.630780 -6.655128 -7.412997 3.756021 8.088160 -3.797696 5.278429 4.194546 1.726778 -4.434799 -5.242192 8.763593 -2.864130 7.464542 5.377717 0.427104 -7.404671 1.174694 -1.653872 -5.020255 8.083904 -2.253441 -8.171640 2.913406 3.066386 -3.257289 -7.277028 -9.469541 -2.393434 1.679080 -4.042380 -9.823520 -1.730112 2.232501 -0.279161 9.438483 -8.583864 0.469589 -5.269425 4.746440 -4.487616 -6.446906 -3.464878 0.501145 9.093324 4.841615 -5.863537 -2.288488 2.088915 6.680073 -1.026925 6.566181 8.957346 7.772623 5.447493 -1.678444 1.364662 4.804494 -7.622910 -3.632494 1.346034 0.129497 5.357701 -4.290619 -1.308710 -6.028640 -7.111031 -9.702546 -9.793997 4.237226 -3.832044 -1.965096
-1.630372 -1.160565 -6.289725 -6.267019 -6.833745 -3.289486 7.758974 -3.397987 2.140293 0.887427 0.471974 4.534650 2.683589 1.250171 -1.386496 -5.309532 3.610030 -8.016374 2.482690 -1.135186 8.703610 -1.200567 -7.200337 -8.805518 4.679835 -0.056867 -9.756054 -3.708477 8.481923 -5.466241 6.485624 -0.615916 8.853993 7.916963 9.937705 -0.148828 8.781437 -2.968545 3.001371 7.514720 -3.821809 7.245951 -1.858950 -5.008660 -1.761109 8.225069 -5.162363 6.702755 4.053211 -7.713120 -8.370067 2.195035 -5.740819 -4.488841 7.366194 -8.177150 9.459403 -8.339439 -0.582471 -1.210509 1.706263 1.022129 0.668029 1.792314 -5.648247 3.767024 -5.923502 7.876737 0.321336 -9.546877 -9.600390 4.434438 2.138209 7.941745 -8.911902 2.047594 7.591998 7.316400 -8.169429 1.698326 -0.447678 -4.667410 6.206946 -8.492920 7.073510 2.860700 -5.394180 4.888146 -6.344275 7.374540 7.454947 3.735890 -3.623663 -0.531766 -6.215941 2.745466 -0.751294 9.203611 8.930138 -0.357509 0.500444 5.822636 -5.960289 -9.925139 -5.166140 -0.606303 -2.434421 6.351141 7.351671 -0.405419 0.299162 0.928687 -6.025172 0.679656 -6.491778 -3.306686 -2.328067 8.826506 9.669006 3.302694 6.850384 -5.631561 -6.830043 -0.119383 -8.130030 0.440698 -8.402333 -8.242667 -5.678738 5.104445 -8.708729 -7.012341 0.459403 0.041365 4.706296 -1.317585 -5.273307 2.883224 3.257822 6.991044 3.331393 -0.683286 -8.006405 -4.633736 2.196532 1.827795 0.590946 5.929207 6.592256 -0.647581 7.447284 -2.232002 1.966539 -6.498878 -5.921989 -3.967836 7.956149 -1.224491 3.393960 -8.965949 -5.461033 8.319568 -2.108734 -0.387456 2.715387 -0.861777 -0.640845 -5.109790 -3.298746 9.757886 8.251679 -4.070008 6.095362 -2.247961 -6.759276 -9.582779 -2.849353 -4.304889 -0.326238 8.826819 -5.453742 -5.592444 1.345584 6.569480 -2.010833 -8.941415 -7.610205 1.123802 3.747660 3.395692 7.842654 5.003569 8.957330 2.869755 5.993650 4.522551 -8.474999 -1.266584 -2.802325 -1.801328
2.926751 9.496684 -5.092662 5.320801 5.494948 2.155751 -4.281169 6.823292 -8.861987 6.408179 8.561358 -4.584386 9.191504 3.208708 -2.906859 2.859690 2.223064 4.108323 1.323983 -1.201404 6.535871 -5.600123 4.643068 7.102364 5.350241 -6.012255 -5.543964 -4.164430 7.819032 -3.518670 -3.286308 -4.640107 4.016539 4.425162 3.055375 3.001629 -8.334185 8.201802 -0.487434 -0.615499 -6.190473 -6.615448 -1.210555 3.016769 9.246348 9.415304 8.501867 -1.196306 4.131677 4.720520 4.606686 3.657428 8.025304 -8.579916 8.459740 3.787861 1.591856 -0.214263 -6.437146 -1.589004 -4.561141 -0.501884 -1.570105 -6.699630 6.897112 5.454663 6.724461 -6.592587 4.205045 8.258170 9.456708 2.329911 -2.369236 3.881611 -4.787928 -8.515609 4.889448 8.681978 7.100190 7.477988 -6.832086 5.634691 8.595497 -7.430669 -8.895776 -3.299512 -2.499399 0.027397 9.985883 -5.878930 -2.988215 1.757165 -9.050583 6.763566 -6.168493 -5.903020 -4.086602 1.017358 6.309862 8.495045 4.887078 -5.477888 7.866354 2.107892 7.533153 1.309380 -1.623617 -7.669803 -9.811314 -6.886092 2.304631 -8.923114 -5.550494 -8.016222 3.261352 -8.767126 -8.740446 -0.314216 3.043080 1.153512 -7.339386 2.854069 -7.962521 6.669574 -6.816986 -8.433682 -1.062606 6.833130 -8.528101 9.830737 -2.858310 -5.745792 8.810274 5.213460 6.804192 4.275511 2.001402 9.669376 -9.483083 4.431289 9.607755 -3.507164 9.742269 -9.689344 -3.205937 -0.336592 8.791056 4.427324 4.154453 -9.406966 5.791233 -4.013920 -8.116432 5.214820 1.327211 0.909975 -0.324282 -4.067889 -7.516552 -7.727719 3.489083 -1.799307 -9.966766 -1.403066 -0.151734 -2.814750 9.096986 4.866330 -9.217877 7.230126 2.506313 3.616189 9.363757 3.206933 -4.672618 -3.212771 1.320517 5.646191 -2.919164 6.078914 -4.668740 -5.301905 5.612001 -9.070921 7.749164 -1.276646 -4.513695 -6.872433 4.613277 -9.120795 -8.530275 -8.021038 -9.471848 9.731895 -8.492420 -0.149804 -2.958097 -6.868163 7.183184 5.177965
1.442065 -3.716304 3.079609 4.659186 -6.039419 -7.411950 8.795189 -6.190589 -2.370590 -0.639770 -6.485365 -4.295207 -9.495213 -6.295509 -4.319754 -3.143856 7.276418 8.596850 1.428417 9.905172 -2.683290 -2.028616 0.091835 -7.647655 -6.870876 -6.647786 -1.826176 -6.165976 9.459766 3.870079 7.133935 2.897496 4.115462 -3.707244 4.213169 4.874742 0.200232 -7.953869 -3.368945 3.839736 0.581860 -3.511786 -7.180692 1.743496 8.732207 -8.507268 -2.071840 1.250042 -0.071061 -5.360780 8.466080 8.590874 6.234575 5.249392 -2.839206 5.135028 -7.252216 -4.976897 -5.762565 -7.900606 1.462731 3.196975 4.238577 -4.916062 1.334456 9.591442 -9.420200 5.240591 -7.945326 8.123201 -0.965352 1.167069 1.260081 -6.883062 -1.918127 -9.692769 -8.187629 7.616254 2.186263 -7.339908 -2.117103 4.157202 -3.436366 4.476416 9.634668 -3.893746 1.441162 2.555676 -2.103011 0.057024 -5.676556 6.075683 -5.403457 -8.331339 0.904427 -3.992056 -8.847832 -4.553586 -9.664268 6.473589 5.697288 -0.622930 -7.487000 -2.001085 2.254086 -8.129687 -8.858314 9.721500 8.178219 -8.285265 -4.319906 0.682042 -8.390245 -5.918618 8.255631 2.471108 -8.097935 3.827634 -1.674187 3.550840 -9.600230 -4.422729 -1.428596 7.308414 -3.763295 9.203199 -6.376474 -4.551663 -6.291640 2.238649 -7.838155 -8.021919 -3.886129 3.986070 3.332316 4.972883 9.073683 3.998532 4.566813 -0.557609 -5.982545 7.311840 2.561743 7.985332 -1.418831 -6.157505 -7.449953 3.038378 -9.606849 -7.881475 -5.895942 1.637882 3.913338 6.047639 9.409371 6.969877 8.657445 5.552763 5.730497 4.210014 2.595196 -9.500779 -3.994483 3.987817 0.931986 -3.321694 -8.907278 -3.245388 0.134299 1.878991 4.665120 -9.822529 -1.860815 7.676478 2.183470 7.651669 -6.871144 -4.899143 7.734914 -3.934018 9.701978 5.658464 5.486696 7.966377 1.025739 -1.693951 8.167648 -3.767032 4.791657 -5.765950 -7.817338 -7.277686 4.345677 -0.124395 -2.730550 -5.532205 -4.279448 1.691735 -4.401272 -4.341235
-7.433085 5.059986 1.683454 4.493968 -5.278212 7.490793 -4.832304 -4.160150 -3.316592 -6.558978 4.404406 -9.767847 -0.360203 2.857274 3.227290 -5.258327 -1.576801 -8.227360 1.283079 5.022967 1.863883 3.116275 1.156085 -1.216552 -7.848367 5.902303 -8.732276 7.561361 -9.497246 2.509289 6.695775 4.237183 3.524189 -0.271904 5.646777 5.515768 -4.880160 6.861523 0.481398 -5.589437 -8.224711 4.500493 -3.517320 4.232690 -6.632543 -7.614987 8.155983 -0.692895 -3.084944 4.637962 4.588932 -8.966483 -7.360348 6.070364 -0.539196 -7.219826 3.129023 8.111743 2.579588 -3.794272 -7.351639 -0.193720 9.401203 -5.096966 2.963810 -5.115797 -2.424078 -7.881224 3.360467 -3.396461 7.851396 -2.795871 -9.563039 -8.633098 -6.988559 0.467619 7.092767 6.170888 -6.387714 6.912866 2.812007 -6.341401 9.800106 -2.836395 -8.335421 7.365564 -7.793423 6.190309 -7.175429 -9.591773 -4.317452 4.165598 -9.234238 -4.598097 -5.440953 -7.859099 5.530620 6.247028 -5.630685 3.390965 9.645377 -9.904439 5.925841 1.487493 6.186101 -0.954852 5.567537 -4.812109 -2.504312 9.175817 4.879086 -0.811426 8.083166 2.877477 -9.316745 -4.505403 -6.748252 -3.831340 6.623248 9.982549 2.629699 0.086469 0.944852 -2.689654 8.129274 5.182989 6.773976 -2.135982 7.244242 -8.062167 8.079659 6.534843 -6.180552 -2.550187 -7.432169 -8.852271 8.921728 7.356822 2.902923 -0.470949 -2.428669 2.202473 7.273867 -4.891929 -2.446833 -9.273571 5.668202 3.022742 6.929138 -5.679849 2.840087 7.344718 -6.713795 -1.431699 7.912404 3.131177 2.162323 -3.009988 2.622407 -6.948890 9.962760 -4.791886 -3.063107 -8.274272 7.934950 5.492217 9.498264 -1.525104 -1.302321 1.004035 -9.293579 2.136565 2.929375 -4.577033 -5.967986 7.881428 -7.200256 -2.812245 -9.129066 -1.859229 6.683529 -1.578506 0.189665 9.344906 7.550240 4.591944 -8.389999 9.461017 8.053172 -3.652730 -5.278858 -4.343646 6.111337 4.796865 1.137130 3.300967 -3.012137 -2.820582 4.529255 8.193546
4.047843 2.625485 -4.666295 8.347338 3.797349 -0.501586 1.344252 -3.298649 8.796099 8.302684 -4.506418 5.711651 -8.664368 1.752571 -5.683720 -8.273239 -5.489791 5.373827 -6.148174 -9.354462 -6.547211 -8.893189 3.391187 -9.904455 5.969193 -9.599767 9.932347 6.728441 9.742648 6.005253 3.637430 2.734425 8.083119 -5.947345 7.768973 9.521829 6.200378 6.842018 7.960732 7.948815 5.520315 2.782515 -5.889785 -4.047662 -4.450489 2.103185 9.191681 8.865336 -8.509105 1.457188 7.582816 2.552568 -9.167995 5.134164 4.278651 -5.292008 -3.819174 6.770337 -8.154170 8.179457 8.898167 8.229501 -2.312642 2.993735 4.135020 -9.985186 -1.404920 0.835868 -7.247311 -7.037721 -6.617610 6.955157 7.020802 -4.791260 -5.456335 -0.547175 -0.062551 -3.558653 -3.836216 -4.258164 6.381961 2.415141 4.248646 2.229665 -5.130768 7.337678 5.856014 6.546654 -9.710223 -3.802937 -7.737999 -6.474166 4.440730 -9.125471 -6.119411 2.301735 -1.926380 -8.174298 2.913898 -1.321368 -2.950960 -0.151048 -2.210198 -5.237866 -1.022472 3.933311 2.227647 -5.154996 0.190306 -6.874569 0.372771 -5.743073 -4.423016 3.870830 -4.958672 3.964980 -3.003523 4.301984 -3.445795 9.473762 0.029425 1.709581 -4.055940 3.467342 6.706166 8.187600 2.837008 -4.184597 -6.382661 -2.605710 6.903854 4.759451 -4.768964 -8.288665 -4.977413 -3.873660 6.607611 -9.295030 6.552520 6.723828 -2.959814 -9.274948 -4.106720 -1.723769 -6.616992 -5.393455 5.117004 -1.479930 -6.657398 -2.179506 -2.264289 2.493516 1.680612 3.518695 9.885248 7.771225 2.101075 -0.237436 2.841710 9.723328 5.773323 -0.249958 5.065253 -7.079250 9.874921 -0.028458 -4.103962 5.878640 7.444710 -8.498369 -9.264621 4.661661 -8.837417 5.623827 -1.581328 4.290835 8.482217 -3.969926 -6.152666 -1.123921 2.011760 4.782320 -4.774892 -7.521739 -7.848962 4.061417 -0.979997 -1.041495 5.770391 -6.664011 3.140800 -4.934931 3.738495 -2.928169 -3.817697 -5.117098 6.596769 0.249254 3.783725 -2.092478
7.591112 5.734833 -4.939281 8.568956 4.510515 -7.385869 -9.734596 -5.436482 3.802671 7.659929 7.038191 4.418596 0.649132 -5.230769 -8.289016 -6.620671 -9.470838 -5.742969 5.234616 -0.394087 7.447141 7.811974 -4.902430 9.889948 -8.123544 6.243133 -4.047808 -7.517052 -9.820656 6.492872 2.403865 -3.261473 -6.698113 -3.847940 5.874180 4.553407 1.043253 9.581287 -2.274972 1.814949 7.021672 -1.646382 -7.610573 -4.589309 -3.972968 3.298772 -8.865039 1.222936 -6.100959 -5.344549 -1.910445 4.329210 -9.570095 -6.203232 7.184568 -7.247774 -6.778647 -5.295966 9.079006 -0.802859 5.370682 -5.715934 -5.857235 6.951858 -6.823201 -6.145916 -7.161603 1.698914 4.629951 -1.625456 9.995695 7.334600 -2.304549 -2.870390 -0.689952 -7.435272 7.262490 -5.129031 5.130651 7.311805 1.451200 -0.037114 1.275717 0.642827 -7.306406 7.616021 0.332862 4.287547 -0.899424 5.024004 -8.322693 0.108129 1.742551 5.421923 5.874235 3.005966 -6.275283 -7.017649 -2.041424 -5.617943 9.069864 -3.188092 7.169425 3.903532 0.598372 3.053874 -7.396688 9.989168 -6.656733 6.210384 -5.806121 4.020453 3.408806 -8.915990 9.812744 -5.877390 2.865178 -0.952687 1.908108 4.133980 -2.923347 -1.524222 1.601677 6.558296 -6.397295 -1.143165 4.363090 5.954205 -2.047380 4.639949 6.123882 8.184119 -0.912415 -9.194459 2.945747 -3.690337 -9.608502 4.943847 -5.646496 -7.687224 2.471217 -9.775565 7.230201 4.117160 7.473535 9.002550 9.313009 -7.569725 1.146902 -9.503239 2.169885 5.587223 -3.862948 4.767653 5.687461 -1.494095 -8.975011 7.880346 0.420461 3.230828 6.479758 5.881538 -0.175817 -2.449908 -6.885720 9.800888 -8.523399 5.950731 0.739592 -8.689885 7.569483 -3.942652 3.513172 2.504253 0.714550 -3.202480 6.163164 -1.212983 -8.253692 8.498424 9.321324 9.710102 -2.379395 -1.469235 -4.162040 0.144504 -6.754051 6.669387 7.772843 9.680982 -0.246180 1.396387 7.987093 -3.674608 9.458241 9.696989 -6.643644 -4.776432 -5.520595 2.312956
4.188151 -7.300270 9.035623 3.825241 -9.914967 4.011903 1.042046 -6.877871 -6.364353 -9.659858 2.901125 -1.970975 5.001112 -0.019401 6.724734 -9.902345 -0.234282 -1.809610 1.053344 -6.574116 -9.922966 -5.386712 8.380819 -5.293743 -0.239403 -8.542947 -9.233191 9.486702 -6.277547 -1.320324 -9.838031 -4.996145 -6.940575 -2.704470 -0.194623 3.065945 -8.824533 8.945075 -7.388879 9.725801 -3.352517 3.690994 1.453413 -7.971077 8.209384 8.444473 -9.013111 2.114955 -5.805343 -0.115129 -8.824065 3.224244 -0.722189 7.599406 1.977671 8.084724 -9.035263 2.182149 3.000314 -9.314284 -0.013218 -1.708986 -3.782953 9.838902 -9.142819 4.500325 -6.624398 -9.917307 1.956419 -1.275928 -9.631740 -5.695443 4.039563 -0.878886 4.149897 -2.240796 6.613101 -2.712998 3.635096 1.974064 6.228538 -5.637237 1.874002 -2.732720 7.393069 -9.459726 -4.171929 0.669355 -2.832507 7.005874 -2.478299 -5.528412 -5.066748 6.273847 4.018560 -5.279272 -8.453527 4.096757 -5.564437 8.987645 -9.472764 0.076360 9.388122 -2.269859 0.562062 -3.073481 -3.754642 -9.013218 3.594534 8.013448 -0.864484 8.880652 -2.655819 0.039779 3.093444 -2.406615 -0.268282 -5.433758 -9.570104 1.050745 -2.333929 -8.902486 -5.014132 -1.339410 0.137848 -0.752072 3.591076 4.373860 -7.105068 -1.230999 -3.380485 -1.377575 1.005554 1.102169 -7.830820 -7.883039 3.092054 1.013513 2.405261 0.983859 6.412724 1.329102 -4.040293 -6.193221 1.818025 -2.189452 3.031336 -0.553587 7.196120 6.683517 0.040076 -3.726046 -3.439184 2.026959 -5.472182 6.571565 1.473316 3.153286 -0.126588 -1.573090 8.508838 3.395094 6.275126 -7.289670 -3.304283 -0.930529 0.138219 -3.729601 9.856732 -0.908209 7.086236 5.456344 4.820481 -1.949111 -4.220478 3.406741 -3.838591 3.398001 -1.519215 -1.065311 0.565744 -0.109085 5.719745 6.115407 8.343429 3.021690 -2.570402 8.552639 -3.418349 -1.058270 -8.450830 -2.923968 -8.210998 1.866916 7.918506 9.111178 -4.921622 -9.620429 -7.194029 5.476599
6.051579 -8.253951 3.061548 7.812146 6.788208 0.379929 -7.979549 -3.620291 -6.332301 6.537310 2.906207 -5.610593 -7.298657 -3.610432 0.615035 8.302968 3.810792 -3.299000 -5.838854 -9.789569 -4.768092 1.059048 -3.120168 -4.373814 7.000032 -3.446720 0.676941 0.000451 -5.038258 0.042522 3.615035 2.921700 1.760609 9.774946 -0.899127 -9.642031 1.636908 -9.688059 7.086159 2.909316 -0.546547 -2.922039 -6.889224 -3.851384 8.095880 4.818502 7.903013 9.671078 -6.676706 -7.569298 9.960293 5.944838 -7.600883 -1.047607 9.393089 6.051550 5.824210 -6.632728 -1.862875 -9.618360 -9.808008 -5.215242 -2.323002 -3.216177 4.780594 6.356193 -0.335141 3.005264 8.857743 -2.333858 -4.000120 -7.532910 9.791695 4.888590 5.706352 -3.334935 8.121160 -4.380230 -7.757186 4.172589 -3.008545 -1.217470 8.919621 4.926056 -6.416822 -4.946139 8.598697 9.109188 -3.747994 9.689705 -7.353481 5.601560 0.990085 1.007469 6.399966 -3.805830 3.684115 -1.005705 7.057977 0.963154 -6.533557 0.860347 -2.956120 7.895436 -7.740562 -3.424381 0.132016 8.105126 -9.048850 2.790942 2.051929 6.678999 -8.048581 -4.682951 -3.528293 -2.269688 -2.034753 4.237019 3.810014 7.304167 -7.524087 -3.661221 9.821329 5.147035 -0.963600 0.758259 -6.045229 -2.608175 -7.049655 -3.128510 6.132202 1.782583 -8.407650 -1.041238 4.429200 -1.834867 -2.864549 1.660842 -9.868109 -8.705858 2.514719 -1.493515 -8.988679 9.336885 7.262471 3.657402 -0.173151 8.160843 -2.833929 4.302526 5.888525 -7.317941 -0.564606 8.241580 -8.629289 -4.369031 -0.849697 9.395517 1.220386 -6.624318 -0.886178 -4.806614 4.488846 -0.474810 -6.280802 3.894660 2.701453 -3.542703 -0.483707 6.512200 2.283106 5.890063 3.688951 2.374149 5.424912 3.276732 7.859151 1.580410 -2.396132 5.448576 -5.805520 6.046539 2.758764 8.322177 -8.428062 2.712767 2.674352 7.096199 -2.683404 -6.204766 3.862462 -0.746165 5.437574 5.633347 -9.486214 -2.022704 -9.377604 -1.106166 -1.950310 0.045357
-3.751629 9.097071 -2.363413 -2.332636 9.218119 1.984057 -1.814183 -5.932004 -8.035173 0.970004 5.492473 1.325573 6.823705 -2.151960 2.117498 9.111389 -8.254485 6.416010 -1.765022 9.018097 -6.970060 9.723866 -8.965565 7.890489 1.896851 2.490097 2.698614 0.970547 -5.043312 -5.525564 -1.903813 1.395694 3.200975 -8.002550 -6.559541 -3.414885 -3.807474 -0.429593 -7.846482 5.046093 -6.707289 -0.928711 -8.763047 -9.948916 3.225016 3.868298 2.206779 -8.146743 0.610385 -4.406715 6.744263 -4.054907 -7.600566 -7.810984 0.293046 -9.812385 2.875938 -6.007406 8.185237 7.999885 -6.550872 -6.837497 2.229789 8.139478 5.312747 -9.104793 -3.895447 1.737878 -2.404298 8.724473 -0.728200 2.015110 9.307937 -5.037603 9.345741 5.154760 -2.662600 -1.489071 -5.610533 -1.384776 -3.984838 -3.924419 -2.810561 -9.974955 -5.811845 -4.459185 -4.004060 -1.733261 2.133442 -2.051686 -6.164718 -7.575469 -2.636872 0.114833 -1.877885 8.400274 5.501332 -2.599583 -5.261996 -0.897001 6.463920 5.959020 8.486370 1.278219 9.484386 -4.800321 3.802544 5.328594 3.527577 -3.581307 -9.724256 -8.449944 -1.873387 7.953334 4.371460 7.470181 1.413348 8.425096 -7.125961 5.383227 -6.999630 0.210659 2.551116 -9.201696 -1.052092 4.705708 -2.152278 8.739496 1.900972 -9.577914 1.143077 2.138241 -7.058592 7.679863 -2.174902 2.579864 4.158486 -2.631684 9.458935 -3.023580 6.862494 -8.341788 -3.582310 -6.824224 8.434237 -9.212781 -6.177629 -6.175203 7.404721 4.877009 -4.937868 -6.772787 -5.349650 -9.028606 8.013014 -4.195566 -5.361157 -1.489524 -9.843752 5.963846 -0.745344 1.376918 3.476881 -6.741926 -3.077925 5.872864 7.058412 -9.777198 -6.167410 5.009299 -7.627257 4.492031 7.478926 5.318983 -9.780800 -6.252549 8.998709 6.574447 4.123759 5.986933 -9.395149 4.499848 -6.104763 8.518448 -0.850911 -5.535907 2.187989 -4.535867 5.962430 5.595853 -3.507483 9.219651 -7.201974 0.344619 -0.631132 -8.335092 -6.407567 -5.274080 3.283945 -3.669861
6.486757 3.074430 4.766243 8.473617 -9.076763 7.135367 5.158245 8.953237 -5.271961 -3.642778 4.147272 -6.477393 0.332039 -2.776362 0.196669 5.867371 -5.853900 -1.850194 7.834803 -6.527636 -3.464318 -4.027919 4.397572 5.433796 -1.958153 -0.843778 0.538037 -3.618920 1.554820 -3.283402 8.527212 -8.859148 -3.653149 0.943414 -2.254671 8.852701 -9.478560 5.669040 9.374703 2.177348 8.296610 5.519454 5.447346 6.878467 4.229919 5.111466 8.866587 -7.434390 5.452720 2.610773 -3.965989 -0.915602 -8.489588 -0.672115 -9.273877 6.872776 7.277861 -2.827653 -1.644969 6.072713 -2.665029 -0.597311 6.298084 -9.376014 5.137804 -7.773651 -7.935288 1.596484 2.891724 -5.579874 -9.221345 -7.137960 2.837175 5.101010 -0.701958 -3.839393 7.116343 8.911899 -7.122761 4.625330 2.643235 -1.956663 -1.279623 -3.167794 -4.036094 7.123718 6.278180 9.178730 4.554046 -1.960926 7.929101 -1.931831 -5.093558 1.278959 -0.215752 8.152555 3.198658 3.409926 2.999728 8.689581 -8.777823 -4.845308 -3.547039 7.986056 -8.075204 -8.359417 1.864443 -0.530069 4.882900 2.012851 -3.569082 5.841396 5.481553 -1.325796 4.099652 -4.134765 9.835409 2.647344 7.920049 -7.476832 -0.040522 3.531838 -7.192901 -2.531890 -3.317886 2.658740 2.790484 -6.433288 -3.866249 -1.422599 7.909357 -7.715932 -9.893240 -7.384712 7.512022 5.093880 -6.158127 -0.485612 1.922004 6.778277 -8.154866 3.255470 -6.892019 -7.757681 2.157293 9.322101 2.538640 -7.468962 -4.430211 9.611580 2.276010 7.829798 -3.557401 9.396881 -0.977302 -3.118353 -8.241135 -8.662878 -6.837585 3.157808 8.657899 6.904082 -8.079616 -4.485559 -3.760379 2.677597 -5.779174 -4.590554 -9.132654 -8.409905 9.871458 7.539981 -3.752164 0.051143 -8.932553 6.443062 -0.763249 1.307232 -8.205307 -8.743832 -0.322271 -6.830615 -7.203915 -5.825909 2.235428 5.833450 2.221330 -5.234213 0.846572 5.407296 9.949347 -0.902041 -1.498830 -6.389499 -6.186341 -3.216457 9.249864 -7.612294 -2.694089 9.539739
-1.847416 -1.822226 2.246936 2.242239 9.913721 3.434977 -5.637982 2.933637 -7.509411 -9.728703 -3.821635 -1.533048 6.741447 8.497400 -7.181559 6.673501 7.126402 -3.632368 -2.870212 -7.544197 4.171627 6.511581 8.860254 -6.883999 3.512367 -6.158985 7.556993 -1.249052 -2.935841 -7.607109 -5.480449 -3.989390 -0.060107 4.051915 9.946496 8.582925 -9.746759 7.634837 4.312977 -8.349945 -9.072768 -4.322429 -7.902465 7.984887 -2.363247 4.287464 1.981500 6.932997 7.291214 7.405598 6.759314 7.723850 2.022289 -5.163847 -2.453169 7.186469 -5.273966 -4.488005 -0.404599 1.736240 6.082139 8.394519 -2.381543 6.489447 9.979188 5.234536 7.250988 3.390635 -8.564494 -2.321766 -1.787341 -9.817263 -7.864957 -2.314119 -4.405520 -5.147990 3.529662 9.020190 -5.962374 -8.083214 -6.895473 -0.401178 7.968471 3.215197 -1.526128 -1.376454 8.889268 -3.610856 7.794320 8.871891 8.305780 -7.898641 0.814505 0.429645 4.056802 3.480623 -5.103110 0.519780 -2.836748 6.781017 4.192068 2.688121 -2.555250 5.570357 -6.252341 -5.119692 4.246208 4.163141 -7.004109 5.657283 -8.287079 9.008597 4.356902 8.737578 -9.388997 0.086134 6.721823 -5.319784 0.420270 -0.885570 -2.368167 -5.195953 0.517591 -6.215192 8.283989 -3.345190 -8.845440 4.159107 4.502329 4.670274 -0.335407 7.557892 0.284623 8.595383 -2.746974 -3.730855 9.146523 0.214442 -6.848446 -7.270390 -8.109587 -5.739532 6.063955 4.107053 -5.209263 8.381368 -2.038794 -7.711722 -5.207138 5.087749 -0.669729 5.980953 2.176191 -5.830809 5.358834 7.505346 -7.871657 8.531817 -2.506559 -4.080560 7.927918 6.253717 9.089226 3.655601 5.599993 1.613282 4.042367 -0.025523 0.019648 -7.451751 -9.639294 -9.831373 4.171162 -4.581896 -5.104039 -5.180992 -8.008496 3.529035 1.640115 -6.465024 1.899765 -3.468422 -8.379424 -9.060451 -5.776291 -2.615859 1.340731 -5.996365 -0.386299 -4.532276 -1.006782 4.582662 6.089617 5.520764 -1.028580 -8.682637 9.922172 3.600171 1.627914 -4.188428
-3.000161 -1.604655 -2.493403 -3.208189 1.049276 -0.375461 1.546487 -3.930330 4.827076 5.657677 -6.741316 -8.485962 9.831179 -8.453272 5.672403 6.040954 1.658925 -1.199080 0.217382 8.669243 7.714709 -1.459236 8.282485 7.748269 1.934421 5.420479 -9.984314 7.733371 2.671920 0.681113 -6.589916 6.676819 -7.490108 2.751971 7.863568 0.503298 8.561745 -8.650530 2.773664 -1.379840 -4.681994 -6.761887 4.708354 7.406054 6.648965 8.981392 2.520895 -3.560865 5.165429 4.631853 6.932448 -2.318056 0.821504 2.417740 2.647909 -1.507602 4.138401 -8.499960 -1.284533 5.363400 4.356862 -0.598770 6.720921 -9.161914 -8.140832 7.662050 -0.356548 9.343745 -2.706253 -1.682062 -7.249159 -5.373146 -3.790557 -3.540913 8.309085 -8.021938 -6.470277 -4.056166 8.104078 -5.209755 0.307251 1.358128 -1.384691 9.080044 3.351504 -1.464913 7.783442 8.345966 3.622018 -6.420545 9.853967 4.475324 1.095153 4.324557 9.555400 -6.399058 5.882043 2.111825 6.078015 -8.076987 8.642757 1.293282 6.783501 1.862408 -4.406213 -8.049700 -9.456654 -6.593452 9.716360 7.565715 5.303759 8.445660 0.413291 -6.277948 0.392805 6.837731 0.777855 0.115516 -4.086858 9.521499 -0.842498 6.914314 4.104988 -0.850111 -2.929846 -1.152690 -3.278750 5.386760 4.774600 9.232565 -2.787269 3.778356 0.848945 -9.301766 5.711161 -1.021000 -5.099731 4.916190 -8.899460 -6.959809 -4.493138 6.751782 3.713644 -0.765298 -1.973119 -8.255457 -8.889284 -5.279437 -1.035508 -7.595139 4.152637 -0.715541 -4.833537 1.885306 0.743243 -6.742670 -2.739193 0.921357 5.807584 -5.026268 -2.945045 -0.301004 5.575431 -8.866891 -8.429221 -6.098827 0.412916 -2.465025 7.582840 -9.293978 -8.001626 8.445146 9.752543 0.322424 6.939818 -1.897206 -2.928491 3.657181 -6.185174 1.098131 -4.754931 -1.816013 -7.452403 -0.105734 -1.348385 9.743186 -5.431504 5.850214 4.626150 8.167420 -7.711603 -6.285820 -6.284103 1.064691 -5.747603 0.925330 4.827321 -8.777712 -2.091693 -4.081092
0.133330 8.277903 4.187987 -9.853005 -9.170271 -4.380261 9.639061 2.295307 6.033389 -8.222923 6.325832 2.733725 -4.504073 -0.371824 -9.898856 3.661481 9.659964 -5.050184 3.991252 -0.999255 -3.970370 -2.510015 5.389459 -3.696095 0.803401 6.378124 -7.313226 5.178198 -8.871380 5.918454 -2.317948 0.098570 -2.588962 -0.523367 -1.440459 -0.704362 0.704227 -5.865241 5.313894 -4.678256 -8.675361 -8.332003 -5.418849 -4.246746 2.311602 2.781182 -0.992536 -5.926110 -1.887934 9.236559 -5.703107 7.091312 7.019314 -8.021918 5.930380 9.731099 -4.271089 -9.381021 3.708325 -9.851816 -5.036076 8.370318 -5.004961 -6.648107 -8.058797 -8.748120 -8.436480 -3.642356 -0.245305 7.668255 -2.648811 -0.506694 -1.494677 -1.050483 -2.151042 5.621882 -4.024678 -5.682888 -8.497389 0.775352 9.192238 4.590469 8.718757 5.390538 7.795029 -3.264427 5.305700 0.609497 8.657239 2.216766 6.564791 -4.516249 -6.381294 -9.137589 -5.712763 -3.526304 9.986156 -5.459871 -1.390292 -1.546740 -0.582468 7.584150 3.074289 7.088261 -4.285793 8.358476 -8.134670 8.583799 -7.245541 -9.691648 6.300968 8.851661 -1.345879 -0.125989 0.115489 9.553951 -1.527779 -3.936046 0.128011 -6.780354 -5.404365 -6.651869 2.093718 2.974545 3.655892 2.554468 -7.632843 -0.191150 2.904172 4.120299 1.779248 -3.612520 4.219944 -1.117601 -1.455980 7.695591 -1.151329 9.101080 -6.290566 1.538819 -1.884347 -3.516063 4.155375 7.236528 6.099885 -2.385873 0.097491 -9.971179 -6.272772 1.224833 9.338982 0.570908 9.665366 9.993773 5.437953 -0.267521 9.866525 -0.968018 -3.233130 -0.820395 4.124663 9.510825 5.994898 -4.072977 6.073747 -0.005971 1.130171 -3.450483 -0.203950 -8.211198 6.999462 6.085163 1.368378 -9.024712 4.174381 -7.451230 -3.696652 1.095251 1.666807 -0.128556 -6.362782 2.784908 -5.263625 -2.452812 -3.217416 -9.724485 -9.720957 4.795804 6.311397 6.025380 -1.965223 -9.205574 8.800195 0.743931 -4.328529 -3.209021 -5.844007 -1.525069 -1.554021 1.695050
7.116616 6.523677 5.269568 7.135211 2.558614 -6.388036 5.355356 1.399682 3.777132 2.701401 -0.662562 0.098184 -0.344957 5.074296 4.461200 2.899572 -6.236849 -6.601887 2.119200 1.782796 4.003713 0.130130 2.355950 -6.989406 -4.046822 -6.453994 -7.335339 -6.971118 5.583623 -0.189731 -9.285656 5.500312 5.878614 -5.724372 9.772466 3.068384 9.142464 9.289991 -4.571056 -7.847548 5.651665 9.859672 6.171547 0.461772 8.719228 7.049894 -4.644585 -7.983335 0.340045 1.249775 -2.017448 5.890955 0.712078 -2.692874 -6.891662 0.251889 2.285011 8.848221 -5.881350 9.402429 1.497276 -5.023781 -3.015945 3.853337 -6.301708 -3.266853 -6.525439 8.048544 -6.850281 -8.322019 -4.758450 -0.886486 -2.634834 1.219324 -0.592506 2.347507 -8.002124 9.070252 -1.957079 0.367478 3.832739 7.637986 4.827125 5.345666 9.284666 -6.232047 7.561593 -8.669537 1.521283 7.867597 9.044593 -6.739011 1.257120 1.173762 0.712180 -4.868426 -4.707490 9.190046 7.562572 -1.736746 -8.836884 -1.350435 -1.822507 -4.613490 6.945763 9.605785 -6.427268 -2.917314 -7.949518 9.505567 -3.645190 8.496935 9.403318 1.162614 -5.488679 -2.744348 5.352812 0.695060 6.816500 -7.335662 0.745316 4.956565 6.842259 -9.651291 -6.242438 6.495753 0.353457 -8.830688 -2.280615 5.168053 9.924079 5.069007 8.739240 -6.604952 -7.335662 -9.590398 -6.283524 -8.200795 6.459134 -2.751359 8.058952 -0.028726 -2.805689 -2.968704 8.921287 -7.562623 2.024264 4.671369 7.194384 0.929089 3.667022 0.500073 -6.348667 1.100984 -2.429332 -0.433735 -5.531974 3.909492 -8.985428 -7.113164 6.600882 -2.997860 -1.027067 6.369252 2.969368 -2.281233 -2.708822 -8.712683 -7.783497 -2.793283 -1.715080 2.983569 3.614243 -2.498844 -4.571009 -3.909729 7.222863 -1.092693 8.922010 -0.884593 7.833137 7.177797 8.290690 2.960870 -2.012664 8.810262 7.290115 -0.070997 -0.729772 -9.079145 -9.254854 9.773386 -4.577563 9.667718 -7.256838 -4.672877 5.788400 -3.422777 7.981479 5.766859
3.440659 5.777599 9.014118 -0.551113 -0.551843 1.222035 5.845472 -5.499838 0.295033 0.795399 -0.618916 6.723274 0.422623 2.816712 3.969018 5.287455 9.180807 -1.318612 -4.405862 1.813606 -6.940200 3.573290 -2.166153 2.983455 -7.162469 7.179907 0.524554 4.569225 -3.266296 -3.204493 -8.570525 1.036094 -7.087021 -8.721234 2.370066 -9.085014 1.257017 8.142427 -1.427717 -3.296555 9.792879 -5.600115 7.175371 -5.726278 -6.863277 9.034941 -2.020999 -1.916731 -6.044863 -2.810799 7.248183 0.074278 -7.171799 0.449424 -5.033050 0.749956 -8.430638 5.528488 -4.997926 6.298611 9.059199 1.937349 -4.552858 -2.066447 -2.491557 -3.618511 1.550395 8.473251 4.591429 5.707910 -0.449477 6.446423 -4.835473 3.639663 -2.051023 -1.841548 -9.056050 4.060493 -5.649498 -7.387593 -5.677593 -9.515447 -9.698830 0.753610 -5.057595 -3.915881 -8.820260 5.362550 8.431469 6.702379 -9.173631 -6.981047 -8.934709 -8.285191 -5.792061 8.231827 -5.676050 -1.919765 7.783649 -9.968043 -2.264033 9.921126 4.319597 -9.082700 -7.240038 0.709694 -0.100684 -9.941489 -2.585321 2.369994 -3.344641 8.140732 3.027704 3.392275 -2.139704 5.950709 2.631503 3.447724 0.171311 1.010087 -1.620613 8.132009 -6.011438 7.813459 8.230298 7.329269 -8.546602 8.519933 -0.180662 7.345112 4.384006 -3.090544 -9.564559 -1.249792 -4.329183 6.426151 -3.753138 4.011343 -0.057414 -9.179818 9.196646 -7.007012 2.633653 3.539003 -8.156340 9.687602 -7.262720 -9.365196 -4.670799 9.109921 -7.536859 2.487231 -7.179366 -2.128332 0.941480 7.338940 5.098354 -8.082867 -7.840128 -9.935265 -6.275120 -0.291196 -0.462046 -3.319667 4.658147 8.175881 -9.458919 3.235783 -3.703627 1.158473 7.598428 -1.505038 9.547872 -3.522909 1.013255 5.825280 -9.225339 -4.026511 0.268562 -0.422069 7.626995 9.460892 7.377286 -0.810477 6.354813 -4.261587 -6.551209 -0.902953 2.196192 1.918759 -7.061145 -3.826699 7.904862 5.529131 2.304127 6.259765 5.916587 -0.369390 3.482474 5.987168
5.483940 3.316298 9.520688 -0.441404 -8.777862 -4.308103 -4.216480 -3.458701 6.633285 -5.506576 -7.618576 -3.398275 7.956822 2.601024 -8.354266 3.931760 9.611510 5.051432 -7.215543 -4.098161 -3.515544 8.317584 4.980259 1.263680 7.686704 -0.102661 -4.565563 -8.684459 -0.002433 4.344155 3.648818 2.909106 -7.818529 -8.491560 7.249885 -7.320212 3.948262 -6.023128 -8.033138 6.993452 2.856806 -8.993087 3.539919 -8.669519 -8.638701 -7.889022 -3.885261 0.343482 6.913321 5.582903 -2.927170 -4.964268 2.032443 0.661999 3.745306 6.444971 -9.822812 5.960942 -7.225082 1.778534 -3.019262 -1.091335 -4.231875 4.767235 0.790392 -4.042791 -9.472624 -1.092040 5.516023 6.754967 7.275243 -7.323520 -0.713876 -7.249747 6.864584 -7.489903 -3.826311 6.479613 3.202774 -3.923205 1.988364 7.759953 7.989966 -1.672733 9.786772 9.854749 4.878099 6.405879 -1.193651 6.075293 1.731171 5.642870 3.245154 9.863980 -6.244611 -0.885615 8.599326 -0.950190 8.338858 -9.175595 5.745984 2.256753 -1.590991 -3.653962 7.630282 6.992385 -2.848911 -3.396831 -1.796410 5.765579 -2.325354 5.786349 -2.655019 -0.346157 0.956594 9.145212 -7.523407 -6.037430 0.577891 0.651742 -6.321400 -1.939233 4.476153 -5.936763 1.629285 -1.000906 6.969950 -6.197537 -9.332972 -6.526170 5.341339 7.021412 -5.010175 6.722465 -4.665532 7.294380 8.673928 -6.580111 7.240098 -5.743056 -6.074834 2.866892 3.218949 1.489350 -6.869608 -7.733990 -1.900009 3.618560 4.681154 7.562983 8.964486 -5.851606 5.804398 -0.621742 5.122251 -8.488086 0.343104 5.967665 6.570253 0.598065 -2.613246 9.562947 -2.174061 4.621524 1.864542 6.280043 -0.857723 -0.793310 8.527876 7.034728 -3.743306 -6.187582 6.222138 2.749128 5.396932 1.090651 -0.411707 -3.398901 3.253619 -1.322456 -1.657102 4.727067 -9.837577 8.798441 0.777628 -0.175658 -2.878817 -5.240947 4.358664 8.720555 2.475871 5.752712 -7.635217 6.445417 -8.598299 -4.749510 8.611951 1.480372 1.075770 -2.136321
3.502034 -3.909762 2.976139 0.710763 -0.703783 7.290376 1.793737 6.210295 4.201368 8.272212 6.354655 -2.888762 3.267035 -9.181141 -8.254583 -0.183086 -6.559075 8.469828 8.970400 5.319499 -0.879871 4.661641 -2.604262 -2.777117 -6.324494 -4.537684 5.553193 -9.646247 3.114218 -0.944940 -1.311479 -2.133941 -5.426704 6.681559 -3.105330 -8.549078 1.600764 8.852625 -4.313852 8.779587 7.160257 2.471314 -6.685408 -7.039932 8.087699 8.466347 8.957546 -1.341323 0.918086 0.601489 1.675503 -6.517128 2.618922 -5.070954 1.656624 8.763624 9.751708 8.846584 1.739535 2.579891 5.408005 7.022485 2.551357 3.106804 3.244969 9.159561 6.225042 9.703978 -9.334829 1.162764 4.401813 -9.715821 -1.211607 1.157832 -5.597853 2.224817 0.869963 -0.208138 -8.715782 5.621822 -8.044057 0.713016 0.139185 -1.272350 -7.104897 2.580313 -1.087524 -1.541492 5.798580 4.013161 -2.766439 -7.240762 -8.578534 -9.008641 -8.979992 1.086801 -3.420318 6.173056 0.433571 -5.753358 -2.166871 -1.701669 -4.142592 -3.620701 -6.901210 2.210294 -0.673964 6.483845 -2.223640 6.775945 6.942170 5.282423 7.011241 9.912803 -2.410630 0.980017 7.092394 7.531768 0.391555 -6.450482 0.518949 9.921191 -5.891638 7.932526 -5.069421 6.793366 9.394810 7.947238 4.692809 0.700991 -7.031979 5.302951 6.547170 6.647429 -1.383083 2.427467 -5.794930 7.321560 5.935818 -9.187453 4.468901 -7.543211 -0.892158 8.949425 -2.940391 0.615403 -1.899581 -1.520326 7.458091 5.715616 -7.601757 9.082243 3.824505 -5.977370 -7.932132 -2.540876 -9.454519 -4.918771 -9.665248 -0.564882 -2.923083 2.864768 -8.956354 -0.953687 -2.873248 3.187196 2.956949 -7.001431 -5.724979 -0.568871 1.089270 9.006929 7.761060 -7.800737 -1.557222 6.216695 8.269052 9.791178 -5.886528 -0.845923 7.992528 -6.173609 6.158133 1.869566 1.725974 8.706529 8.849203 9.469944 -0.819521 0.107806 -6.727787 -9.009464 3.985680 -3.016918 0.461418 -9.498742 6.673314 -1.589942 -7.449059 -8.095170
4.653639 5.877245 -6.522759 -7.083280 7.837223 5.188701 -5.979682 3.602299 9.560214 -8.912745 -9.892093 1.898893 -0.123681 7.926306 2.329888 -8.078140 2.887882 -0.562547 0.873343 -3.265010 6.161906 2.438982 5.389437 4.155789 1.064497 -3.727823 5.967409 -6.502405 -6.180067 -7.470987 0.736186 -0.900588 -9.536211 3.877435 -4.726443 7.362560 6.011680 -7.175769 -6.627300 6.204941 -1.753849 3.302434 0.360726 -1.227912 0.156572 6.340115 -1.655188 0.014190 0.592053 4.522635 -3.489011 -4.678125 -3.086466 6.967620 2.353139 -5.826543 0.856446 -5.897112 -2.931111 -2.150727 -7.354492 3.750678 -5.289976 -0.827096 5.962674 -7.693761 3.127404 -8.802915 6.082042 1.361619 2.644859 -5.204866 -3.385354 4.481096 -9.703335 -0.481260 -5.085459 7.656541 -5.248797 4.360179 -2.302232 -6.552067 9.125881 -4.543352 -4.247477 -2.018776 -4.933590 0.887542 5.321103 -0.530255 4.708849 -1.594712 -5.922149 -2.271784 -0.275836 -9.502522 5.030193 3.971584 9.726705 -8.157402 -5.252607 -8.075091 6.115575 -2.922170 -3.208436 -9.304757 -6.757280 7.430957 4.387342 1.130432 -4.169990 3.032711 1.269603 2.858259 -0.796830 0.742167 7.296999 2.915415 7.048970 7.343022 7.171506 -0.651516 -9.847663 -8.076537 0.042864 -6.173473 -5.764677 0.457109 7.497528 1.984090 7.479213 -7.530866 9.135904 5.752773 1.567215 1.403419 -6.089021 -0.368555 -0.990271 3.043689 -9.213833 -3.425820 -6.531349 -5.137465 4.794968 1.308176 -2.941103 0.155258 4.881439 -1.156123 1.193013 0.329581 -1.215245 6.605620 5.658328 -3.821812 1.480632 7.749544 1.654955 -6.525339 -5.943461 -1.043310 -2.265604 -7.136966 -5.436252 9.943021 -2.540902 8.189203 0.337908 3.601630 -5.529068 -2.226071 7.839540 4.057169 -7.163045 2.966492 8.639552 0.747269 0.149066 -0.467907 9.473404 7.390554 -9.820307 8.534009 0.161503 0.044379 3.083685 -6.783590 -7.818430 -7.007123 -2.353750 6.051385 -4.765800 0.168350 -3.973790 -9.917323 0.062952 -4.741302 -8.387588 3.731447
-1.285556 8.227823 -3.275267 -6.288561 3.014271 5.060836 -8.156420 -0.669917 -8.945187 -4.435830 8.197476 -8.402846 2.264331 -2.163047 -9.441883 -4.718432 1.523869 -6.431767 0.339611 -9.260647 9.560509 2.190698 -4.368227 -9.133742 -1.769902 -0.025335 -9.628448 -1.180090 -1.186629 3.360602 -8.369828 0.086960 0.675667 -3.585201 9.144867 -7.684940 9.733535 2.299977 -6.427833 6.631816 -4.187200 -9.067766 8.640256 -3.103733 6.418332 6.041034 8.566870 8.980864 -6.757476 7.613118 8.428144 -6.910926 5.776035 9.025981 -8.540088 -2.765226 2.870794 3.626731 1.090853 -4.875462 -1.521721 -1.254383 2.261255 -8.787876 -6.002072 -5.156295 9.353371 -9.747764 -9.844185 7.926406 5.642668 -1.191076 0.771338 9.411374 -5.384117 -3.905101 9.905506 3.803002 -1.425314 -3.727072 -6.201810 2.701796 7.959455 -6.167367 -1.115045 -2.175305 -7.628593 -5.922470 0.420561 -8.215927 -0.892288 -0.749695 9.565376 9.544315 -0.478482 -7.377661 -6.153518 1.589611 -8.590790 3.543411 -5.903894 7.181797 -0.934891 8.154858 3.235130 6.629546 -2.104345 -1.364409 -7.854941 9.796607 4.583162 4.516757 2.212802 -8.052151 -3.891132 -3.750174 -5.979728 -0.816382 2.596599 -8.503248 5.584397 7.525476 0.929742 9.357958 7.975616 3.377552 9.808045 -2.372397 -7.636500 -4.700469 7.931309 -9.795763 -0.813645 -7.783304 8.433054 7.749979 7.485302 7.933986 -3.551714 -1.263699 -6.661087 -1.188333 -5.227544 6.951618 -4.360229 -5.977274 -9.019335 3.408701 -4.218354 1.144567 7.831968 2.522389 -6.981342 9.984478 1.067779 -7.750946 7.276910 -9.566201 4.106110 0.576594 -0.363823 -9.112072 -0.962808 5.272581 -2.900445 -1.798057 -7.732933 -4.455567 3.403840 -4.251920 -4.408012 -6.972088 -1.730859 -6.529542 4.212536 -7.205595 -6.309819 -6.757806 1.414015 -7.819693 -4.174178 -9.262814 -2.304607 0.262769 0.255004 -5.035910 -8.350375 6.169274 -1.797082 4.571804 -0.298893 -4.742679 4.089374 -7.135589 -3.126306 5.427064 -1.259027 -3.040102 -6.806873 2.194635
-1.533219 -2.293351 7.049927 2.636189 9.838742 -3.716780 3.069997 -0.085366 -4.097241 -4.811100 -2.305450 -1.228475 8.050318 1.675089 -5.475135 0.154895 5.730813 -7.596243 -1.398877 -1.109140 2.428060 3.990182 0.930153 -9.223801 6.901707 -0.536387 0.628857 0.365972 -2.843517 4.476095 -0.843333 3.298836 -9.804689 5.869225 -5.137531 6.465608 0.192356 9.473484 8.849710 9.283322 -5.659942 7.947986 7.159493 5.863907 6.949706 1.056389 4.232385 -2.306610 -2.257863 4.084084 -4.359098 3.784831 8.385591 -5.986636 4.127505 0.938414 6.982892 -3.673254 3.755934 -1.628962 2.543301 8.936222 3.210948 -1.651069 -5.777613 7.083868 4.245010 4.037209 8.976048 -3.635531 7.978716 0.453359 -3.010247 -4.243596 -1.302366 4.104772 1.798244 -3.351315 -5.290698 2.934311 8.999645 9.646419 4.176923 2.260032 3.674575 6.795152 6.022002 -9.765572 -6.035627 9.280155 -7.459626 -8.891420 -3.602812 8.010362 -9.877768 -2.271761 6.588446 -3.323824 8.679350 3.404828 5.795454 3.149618 -1.561432 0.004899 -7.148257 -2.072106 5.959752 -1.313015 -3.919503 -1.084163 -1.135577 -3.272828 7.363517 -9.877991 9.989418 3.019378 4.301981 -1.715798 2.708006 6.194492 0.369617 -4.136994 -9.421023 -8.367435 4.399717 -5.117379 -0.385177 3.448228 -7.199246 -9.205192 1.754711 8.927914 -4.483839 3.962272 -0.278838 4.151086 -0.000343 2.361720 -4.673552 -1.651060 2.449668 7.803861 -8.126768 4.818072 -4.779702 4.271173 -0.369698 2.349205 7.762860 6.514705 -7.985947 2.764202 9.279264 -2.300764 -5.051084 1.579711 1.354495 -9.435108 -1.074908 2.476551 6.253593 -4.461731 -4.370675 -3.039135 -8.928245 2.505717 -4.963207 -0.730664 -3.425539 1.365139 -2.515215 7.998626 3.691701 8.711158 -3.659845 -8.946069 -7.531544 0.017906 0.662787 3.590518 9.030904 -1.552430 -2.323669 -7.373752 1.123368 2.040967 -7.024104 7.157444 -5.791434 7.221448 3.494883 -0.067571 4.167540 -6.733499 4.348744 -7.101667 -9.657455 -7.832162 -7.038590 0.174839
-6.003621 -0.535803 -4.711098 -7.604136 6.200155 1.861116 6.296021 -2.599597 -3.987663 -4.158322 4.949594 5.873929 0.725686 4.851321 2.688177 7.547744 2.759521 -7.229495 -7.166560 6.529103 5.437373 -8.919063 0.603591 -1.101253 5.876530 1.795993 -0.565580 7.800864 6.398962 -1.334238 -5.140769 8.061125 7.399233 4.229088 -5.516648 -0.531597 -9.009217 -3.885149 -4.420422 -8.226038 -1.070897 -5.154285 -0.544140 -5.441882 2.238269 -7.134566 -8.458035 -6.660952 8.311993 -6.957665 -6.595306 -4.051983 -0.424470 -7.455873 1.561453 7.294805 1.595681 3.034190 2.826864 -4.886651 7.440880 6.255070 -6.050047 -6.271797 9.053315 9.617143 -7.282490 2.658974 6.126154 -7.233940 8.177206 3.180935 -0.020116 9.192342 -5.181172 2.633600 6.808749 -2.458749 -6.850009 -6.301414 2.001895 7.711191 3.958114 6.171720 -3.947024 7.156404 -4.381084 -0.810360 -7.088128 3.136910 0.403469 3.986578 -9.709551 -9.746075 6.493256 2.533044 -7.215580 7.378528 2.376974 2.256399 -0.710223 5.533283 3.226265 4.433638 6.869996 5.011808 -5.079866 -5.214527 6.590428 2.674966 6.976773 -5.308843 5.659498 -0.495167 1.193558 8.069874 -4.531861 -7.704825 -0.263807 3.540735 3.795501 8.027713 -5.672359 3.831485 -4.009308 -2.990296 -4.183274 -3.103176 3.222264 4.393132 -7.690554 0.635451 2.538199 5.533764 6.383925 7.388810 4.772091 -4.500557 -5.116442 -2.178709 2.694360 -9.480288 -2.970736 3.282426 2.598976 -8.257013 -4.020661 -6.908337 4.121448 -8.350249 -9.460384 2.284777 3.950087 -2.409365 8.252211 -8.862102 -2.406060 -8.145379 4.356572 5.884018 -1.557560 -5.303181 -7.405209 -4.627638 -5.237263 -5.614859 5.704512 -9.418191 -7.764752 6.048570 -1.146846 4.530069 -7.015134 -5.743155 -8.862273 0.373891 8.559643 2.535714 4.696074 6.142110 6.802934 -3.227858 -7.175558 -8.628512 -8.105607 -5.681861 -6.774162 9.087711 0.968744 -1.431321 -3.755690 4.033690 -7.559081 -5.908201 -8.381140 3.429258 4.986922 -8.476197 0.850989 4.152810
8.765727 -3.930472 9.612139 2.690441 4.427380 -5.315469 4.070882 -8.305270 4.826906 8.944877 -6.846204 -8.293813 -4.106681 5.799577 2.300496 1.404803 3.026760 4.112387 -1.354550 -3.872803 7.219359 -8.368318 -3.388655 -8.034067 -3.083532 0.702953 -3.900482 1.414091 5.066451 1.899338 1.321824 3.051574 3.705347 4.899177 1.468777 6.969830 -1.527092 -4.547786 -3.655277 8.873559 2.603925 4.248784 7.247029 -5.579077 9.116394 9.667574 1.045666 -3.357595 5.996178 7.556511 -6.908126 -7.198596 5.981522 9.314920 -8.489424 1.226760 5.067624 -6.285076 -2.457211 -5.135701 5.663793 5.185599 -2.106229 -7.753738 2.178165 -8.144940 7.246457 4.329443 5.047995 -8.105593 7.238049 -7.037056 -3.646616 7.610941 4.404456 -5.448320 2.609313 -9.075854 -5.627363 2.329011 1.030399 5.833110 2.949999 9.992627 -0.944618 2.303739 8.863650 8.333675 -3.142694 2.455002 1.923529 -1.005489 4.613092 8.472660 -0.785878 7.150957 8.266133 7.628439 1.495725 -0.947494 3.480229 9.674150 -7.111462 3.807539 4.687677 7.114103 8.865308 9.374883 -7.777936 2.447225 3.527510 1.349440 -5.683540 0.312111 -9.532160 -0.321069 -3.453514 -7.142504 -6.414963 0.559875 -2.910327 5.203681 5.833058 9.363421 2.166508 -1.371272 1.546247 -1.996526 3.499553 3.530585 -8.009461 5.267760 1.373175 4.609434 -2.009130 -1.362972 1.601168 -7.996014 -4.087539 9.652537 -0.364198 6.903976 -7.599378 8.711166 -8.365774 -0.137821 -5.278932 6.399341 6.678886 5.746044 3.876291 -8.134786 -2.651136 3.730625 -6.137055 -3.146902 -5.423976 -9.419773 -1.933487 -8.837695 2.320404 8.963677 -4.099013 5.395525 2.997944 -3.384353 1.714554 -6.757335 8.682750 -8.769924 8.365982 -6.516368 6.409727 9.872906 3.550398 -7.325016 -7.863579 -6.808835 2.532568 -9.616785 -1.791267 7.716872 7.056444 -4.833071 9.858289 1.373400 -5.356275 -0.492782 3.804290 2.474708 -1.465421 -2.968403 -6.065985 5.436685 8.239052 -2.770407 -2.969900 -8.661151 -8.016131 3.717052
-7.678034 0.079488 -0.672361 -4.775278 -0.774740 -4.984082 7.469243 -3.304824 -8.111816 -3.691189 -2.183150 -8.044503 -4.718687 5.956538 8.215200 4.174485 -2.894969 -8.914800 -1.420602 -9.767246 1.311913 6.282437 -6.716217 0.318715 4.436676 5.918750 -8.197242 2.539255 6.751675 -4.095836 -0.362324 -7.958035 1.582570 -6.514365 -8.375029 5.471221 3.045267 1.984064 3.805315 0.852560 -0.336374 -6.136629 -7.469923 -2.344680 4.981457 -4.874711 4.521937 0.773428 6.842827 9.859123 2.555412 -2.152512 9.405333 -7.481606 -9.428963 7.121892 8.110657 3.467103 1.981833 5.912440 2.053644 -2.966630 -7.433474 -3.664728 0.713919 -7.604093 -8.094418 9.866473 3.329028 -7.501969 5.279670 9.348535 7.798250 -4.600067 8.613324 6.913659 -7.746054 -4.391109 8.457565 -7.284149 -8.460141 0.451022 -7.393882 4.133216 6.436985 8.826733 0.790042 -3.023604 -0.381162 9.266808 4.665347 2.783390 -9.738655 5.877723 7.059124 0.146269 6.208678 9.528712 -6.195271 -1.560815 6.789279 9.998650 -2.608659 2.299571 0.515836 -7.001498 -4.376328 -7.771562 -1.258001 -2.048634 -7.431750 -8.617808 9.256116 -7.910750 -2.674685 1.428443 -7.202567 0.896677 0.585315 5.368193 -8.751587 -3.857690 -6.248746 -3.796872 -0.339254 2.129894 7.839723 2.359847 -0.379660 7.100367 -8.728095 3.332214 3.242186 -5.404048 4.797048 -1.731665 -0.372539 -0.403421 -3.873881 -3.148538 -9.368147 9.995885 0.495848 7.360815 -3.701747 -5.795705 1.830180 -9.041132 0.798473 -5.266539 -8.898164 3.827856 -6.236790 -6.514142 -0.587336 6.394594 9.378950 2.373568 4.437005 -5.266634 -0.429638 4.242292 -6.536672 0.723619 -1.787397 2.259162 -6.970309 0.198320 2.751725 1.986193 2.554330 0.281435 8.861575 -3.134968 -6.853708 3.229074 -5.956735 4.617888 -2.286474 5.443559 5.713380 -6.181137 -9.424678 -2.205698 5.858179 6.758868 -8.538228 2.319710 -6.318997 2.899552 1.504939 -1.907022 -5.559717 8.402851 1.830099 6.632266 2.221274 5.848068 -1.690188 -7.658096
0.702415 -4.163596 2.725536 -8.555071 -3.817912 -5.113848 4.165255 -5.236994 3.404627 -7.394129 0.671974 2.797254 3.026148 -9.614223 9.418134 5.365879 -6.836776 -8.734538 7.138295 -5.998383 -9.544379 -6.675374 0.627256 -4.592845 -3.775748 5.900847 6.601913 2.511614 -1.635210 -3.464368 -8.764228 1.513566 -8.633967 -2.441650 4.973148 -6.518782 -0.396412 -7.179827 5.730570 6.642496 0.097396 -2.734573 1.151371 2.177400 -9.522881 -2.920891 -9.946556 5.699901 -4.308791 -1.615839 -6.577124 -9.214798 -5.353360 4.004698 -6.803060 3.190714 -4.070994 -8.071929 4.654755 6.848818 -9.840471 -7.010612 -9.617746 6.913242 3.813363 -4.618966 -1.217879 2.726433 9.849585 -8.708732 -6.226607 4.956829 2.902289 2.786431 -5.873723 0.353186 2.209057 9.584170 -7.544980 -0.832174 -1.903909 5.585652 -7.723795 2.741115 4.544896 -9.854057 -4.706451 6.826638 4.229128 0.039177 3.454666 8.352233 -8.995029 -4.144840 -2.205112 0.903050 -0.723108 0.699598 2.583209 6.557910 7.774174 -9.832769 -2.664662 8.130767 2.516099 8.520902 4.104667 -7.297660 4.349816 -1.403962 1.666880 -5.322141 0.443470 -0.942387 -7.421540 -3.290634 9.785372 2.768536 -3.137138 -3.413277 -9.624613 -4.820938 8.961696 -7.576513 5.176375 9.047245 6.710710 9.053003 6.623591 -4.217532 -2.601216 7.966613 -2.481485 -1.491852 5.748511 -0.476580 -8.795909 -9.405291 -5.915714 5.960958 1.381457 1.625014 -9.225911 1.470735 -9.475219 -8.829507 3.240496 8.719688 8.219677 -9.072779 -6.916654 3.622243 -6.816989 -5.477472 -1.292779 -2.127243 6.235271 -1.612786 -8.827226 5.664567 -4.392658 1.634349 -2.142766 -0.860623 -5.547576 -7.043448 0.058923 5.038531 -7.184149 7.141518 -7.053786 7.608004 -5.850196 -9.812600 3.633655 1.976633 4.117538 3.642954 4.371914 -5.762134 -8.287390 2.266892 -9.052476 6.557534 6.972219 -2.284319 9.774911 9.675199 -6.871473 -3.239200 -3.883808 1.312242 -7.978337 -6.785975 0.124462 -1.180611 -9.871210 2.851489 -6.166814 -4.990940
-2.901144 1.186740 -7.440741 5.365876 -4.608319 -6.883797 -1.071831 5.484453 9.932996 0.797076 9.395533 7.932613 8.954576 4.344027 3.073682 2.540550 9.848787 5.012366 1.654894 -5.103027 7.535084 4.646732 -6.444219 -7.620546 -2.648962 -6.687968 9.089079 -2.646138 -5.524222 -1.733878 -8.785248 -7.205550 3.385899 6.272500 3.955811 9.440628 -4.311861 5.966386 6.911573 -7.490167 8.669938 9.675458 -7.001218 9.347804 8.379189 0.698247 -2.964692 -4.155941 5.182366 0.594358 -0.863546 -4.639735 0.805591 -1.426988 3.145481 8.186951 -8.942566 -7.467473 5.533461 6.237126 4.029965 -2.722550 -2.498730 -9.433163 -8.748051 -3.269881 4.505081 -6.044778 2.773231 1.131999 3.202380 4.707524 -0.612862 4.983227 2.404729 -3.070002 4.423842 4.348613 3.033338 1.130246 -1.569597 0.009844 -8.399969 -9.188401 -8.546927 5.574868 -0.236848 -8.116328 -6.849878 8.947277 9.156639 -7.510733 6.771095 6.369401 8.114038 -2.319459 -8.331816 8.989685 -9.662931 3.923394 3.622594 -2.361241 4.452196 -3.767452 -7.799531 -9.433546 3.987561 6.234163 1.107840 2.323775 7.089427 0.387405 -3.633324 5.226608 3.694862 -8.477509 -0.331028 6.421368 0.258961 -0.134096 -6.038496 2.832998 7.816110 6.079216 -6.636799 -7.648679 -9.036577 6.542317 -1.988559 4.199565 7.421877 -7.016478 8.803587 3.740928 -3.954252 8.105160 5.872954 5.387659 7.803706 5.608160 -5.949557 3.876777 -1.527520 -9.697563 -1.625413 1.915263 7.435437 1.635639 9.728651 -1.450766 4.598101 5.378330 5.075398 5.529959 -1.090146 2.075598 8.336952 2.681477 5.156255 -7.509135 8.517145 -1.197822 3.591961 9.076949 -9.417620 0.033906 6.022782 7.339870 -5.419423 2.754675 -0.066693 -5.614599 -5.663800 8.775734 5.828118 4.171607 4.670440 -6.448052 -4.540734 0.464107 -9.424095 7.345188 -1.574706 -4.973532 3.894668 9.275446 -0.622699 -2.338477 -4.016477 9.301815 2.960489 -1.352688 -1.225052 -9.532297 1.575277 -0.887762 0.286458 7.322297 -6.511889 -0.367513
3.275107 -3.027936 7.475032 5.670701 -8.891158 1.115343 2.926840 4.935139 -5.754909 4.863158 -5.426392 -6.636391 -0.606483 1.431238 -8.955812 -0.432053 3.780095 -5.129865 -3.472248 -2.064557 8.886119 7.878789 9.936134 2.333181 -3.626812 -0.071187 -2.557462 -3.545352 0.962059 3.482377 2.291576 2.630860 -6.923822 3.627903 -8.507540 -4.662414 -5.904255 -0.060728 -3.064100 5.484079 -8.865502 7.232786 3.099882 -9.928023 6.919790 -5.513316 1.877759 9.152499 -4.614370 2.434523 -5.908401 -7.184443 3.836978 4.384591 6.375815 -8.263515 2.283019 7.407121 -5.168350 0.075922 -1.564598 -1.182006 -3.690862 0.712807 0.283111 -2.432098 -5.872865 3.148556 6.238924 -4.352142 -3.199615 -7.198571 -8.682509 -7.007625 -4.655769 7.167832 6.252684 4.603113 2.132839 7.214665 -8.422064 4.951204 -8.721399 6.735073 -1.416805 -4.741868 -1.468811 -2.761072 2.702602 -0.836422 -8.788319 -9.633456 6.901730 -0.746993 -2.072249 -3.375263 4.706543 -9.924483 3.235393 -4.325562 -2.987605 3.748598 -6.694890 -5.204897 -7.302513 -4.261425 -0.756056 1.134183 2.770877 -7.643481 4.974829 -0.296203 -8.415595 -7.811074 -6.591686 8.619302 7.950420 -8.174042 5.295091 -6.250751 0.695239 -6.932784 0.756308 8.055169 -4.771661 0.628970 -9.002955 8.947029 7.043696 -2.251912 5.545405 8.939260 -6.937408 0.234100 9.155968 3.130020 -2.193714 5.384073 -3.408745 6.149465 -4.210909 1.288425 -0.870384 5.611446 9.649001 8.493912 8.254083 7.520200 8.010908 7.758886 -1.654135 -4.358694 9.607516 -2.881009 7.486543 6.861771 1.472444 -7.048557 -3.987191 6.243086 -4.381900 -7.771390 7.384201 -0.311964 3.369113 6.303587 1.381803 1.415711 -2.010132 -0.200087 -6.094959 -2.459679 -8.930370 9.178596 2.375488 -7.097886 -8.406227 -8.014245 5.940967 -7.173435 -1.218690 6.934278 -4.707578 5.544384 -0.151024 7.909825 -3.203711 -5.808706 -2.988783 5.495838 6.662584 -8.289509 -9.539668 4.523670 8.238856 -9.519876 7.695704 4.471883 3.502545 -2.868458
8.783790 5.270295 -5.731363 -1.717289 7.353522 7.774291 4.645342 -8.343057 -6.513646 4.509220 -0.593519 7.540436 -0.688888 7.256454 8.188902 8.055443 -1.664946 -3.210483 7.394904 9.175244 -0.231858 6.048098 -6.389305 -1.271149 5.757069 -7.487329 3.537790 -8.942726 -0.007436 -8.628549 -5.104310 8.457567 -5.786956 2.887759 3.610193 -5.595894 -7.608222 -3.199763 -9.243634 -1.878063 -8.145249 -5.663912 -7.529004 -0.797846 4.262791 -5.266358 9.770429 1.059396 4.417678 -6.394404 4.159476 -8.771131 0.730655 6.035394 6.822310 5.332463 4.362748 -3.204144 -9.334650 6.126314 0.550200 -6.509989 3.672973 -0.502792 -4.986713 5.543906 -4.962542 -8.656387 -3.792344 8.193023 -9.820451 4.575243 -2.630938 -3.554628 -7.815105 -3.467963 -2.757805 -9.478536 4.718900 -3.187575 1.254447 4.637657 9.796051 1.830072 -9.251808 5.590530 4.352572 2.759502 1.203345 4.313261 7.191622 7.205544 -4.072176 -9.459389 -6.302436 4.904314 7.193275 -4.965476 2.119543 3.744564 -7.538332 7.343737 2.031793 -0.595422 6.927310 -8.127778 -7.346958 0.718112 -5.126807 -8.526743 -1.860903 -0.636612 8.928755 -8.989520 1.562514 -7.994884 -5.275211 0.373781 -8.891674 8.128943 9.658494 -0.994536 -2.379119 4.621930 6.735281 -4.160047 3.780955 -9.258485 8.489887 -9.755558 -4.492091 0.289273 -9.591545 -4.052494 -1.913661 2.890259 7.026377 5.314571 4.696893 1.705257 7.855298 -9.475697 4.625012 3.090502 6.854727 -8.526485 3.211968 8.873249 -7.356342 0.899409 2.744621 -9.065182 -9.554799 6.834312 8.439468 -8.258205 4.374033 4.906485 -1.735300 -8.586394 -5.594604 5.816764 -4.320785 -7.719410 -1.583701 -3.645234 -8.107300 -0.579986 -4.961699 9.930218 3.737539 -0.779608 9.947288 0.527910 2.140779 -4.354548 -4.240299 8.204494 -5.007176 0.472797 -3.962981 5.837492 -0.784021 3.227435 8.763949 3.234276 2.716670 5.123060 7.284798 0.192659 0.359249 -8.892826 -6.535812 -5.782078 6.407467 -5.486152 -0.619273 -4.153989 -3.445739 -0.834127
1.939918 1.200720 7.625485 2.688746 -7.423412 -9.756392 -6.274298 -2.369100 7.077437 6.342176 -0.867054 -4.351298 8.665633 -1.666732 7.235829 -8.202615 5.010286 -0.749442 -4.865661 -5.550004 2.834120 6.221736 8.088031 -6.417757 -7.106724 7.515527 3.498075 -9.034313 2.696422 1.244781 -0.340479 -8.746444 -4.775305 -0.465201 -1.921767 6.999176 -4.042876 -8.738781 -5.213329 5.356877 2.415546 -5.470369 8.491234 -7.869210 -3.808223 -9.488981 -7.348183 -2.759615 0.651477 -9.079952 7.941854 7.387172 -3.489724 0.123361 6.769462 -0.063234 7.709410 9.741398 2.562751 6.919057 1.411359 -8.564388 -3.052956 5.212834 5.536901 0.923187 -0.236565 5.984542 -8.464309 -4.964466 -5.442618 4.002674 9.998845 2.145448 -6.560767 9.389082 5.944178 0.639964 7.481321 8.898693 -6.022863 4.788311 -7.352701 1.880982 5.929242 -0.375672 -8.598150 8.287322 -6.834680 -4.318696 8.497259 2.309559 -4.147909 4.180347 5.807527 4.531598 7.880850 2.352320 0.828605 -3.124321 -6.637310 -0.998535 0.495506 -6.298418 4.790501 9.777793 0.603735 3.760391 -5.039480 -6.760259 -7.078203 5.979853 -5.076248 -0.050602 -9.354213 4.504757 2.994589 5.898080 -2.465230 3.497840 0.793078 2.488994 -7.069768 -6.567709 -3.563198 0.361536 -3.990792 2.733565 -0.759048 -4.052829 2.839897 -8.450164 6.006763 3.664461 -3.493459 6.054704 -4.699497 7.590971 2.548138 9.594618 2.451909 0.894006 7.656863 6.889042 9.933935 9.075327 0.793123 -1.272892 6.235967 -1.981226 0.891989 0.991684 -2.686214 5.305175 6.973625 -3.309121 -6.666983 5.942871 -8.454827 9.262954 -1.786410 2.474645 6.616730 2.357797 -4.844829 -1.344751 -8.817454 -7.947769 -8.808537 -9.393132 1.960773 4.764541 2.524275 7.197788 4.688486 9.186273 -6.317991 -9.236602 5.962475 -6.377976 -3.738566 2.190365 -4.900499 2.059625 4.996243 6.235619 8.280775 5.773592 9.382335 8.818592 -1.912529 5.457268 -2.274707 0.526534 2.287580 4.831870 0.094389 8.376336 -9.071630 6.579089
3.713926 -4.621998 2.750860 -7.598954 -5.085552 7.871126 -9.956579 5.546934 8.165051 -2.098228 4.774074 3.089708 8.465894 6.323480 -8.492453 -9.798099 6.548895 -4.582557 1.270653 7.502206 -1.224145 3.817846 5.187519 3.477127 4.433169 -7.785162 -3.448377 -4.644374 6.122581 -7.836088 7.109574 -2.428819 6.642704 -6.529910 3.362179 -7.681023 -5.040435 9.732219 -2.479572 -8.861962 1.139238 9.918467 -7.850093 9.555262 -3.837623 6.596035 -1.101862 -1.301462 2.647056 9.625442 -5.140479 0.019856 -3.319743 -7.860931 -1.404522 9.838022 5.294288 -5.861703 6.380027 7.535630 2.980751 6.320734 0.326891 -4.136147 6.001657 -1.632287 1.793907 9.776659 -0.439114 -7.990748 4.772339 -2.976216 2.245913 -3.192765 7.521331 9.516482 5.659254 -1.080583 -8.303102 3.112821 -7.099646 -9.130298 -6.728745 0.968293 2.656224 0.199876 6.693311 6.333630 -0.047984 1.554051 2.430626 5.737150 -3.485453 -4.616935 -6.787063 2.735852 0.140085 2.047559 4.058153 -7.026751 8.944679 -8.393289 -8.480187 8.790293 -5.299607 -3.924913 6.829039 -0.340187 5.705328 -9.895858 8.415185 -4.597052 2.492847 -9.485537 5.531917 1.870440 -5.781790 -3.298152 -6.277096 2.467812 3.800576 2.315418 1.325554 -0.370993 -1.066546 -4.000981 -9.706411 -4.694439 4.274261 -4.791355 -0.223219 4.652994 5.862013 -2.970859 5.888777 0.597045 -4.419611 -9.406090 -5.578663 4.419984 5.634481 -1.937064 -4.537595 1.114559 6.855463 -1.983130 3.445800 0.525076 -3.751136 -6.612751 -2.340366 3.041243 3.055360 -5.737186 1.053086 -0.545112 1.152209 6.890280 -3.920492 -5.146652 8.923364 0.081825 -3.548937 -6.774189 -3.689869 1.777743 4.798924 2.270911 -5.341582 -3.682854 -7.969690 -7.736532 2.043630 2.530479 -2.124416 -2.091572 3.365553 -9.012414 -4.753997 -5.933403 -2.003394 -2.938561 4.657388 5.151456 -2.804529 -3.840766 1.987367 -4.113493 6.679619 -6.925295 4.769293 -5.520515 -7.108665 -7.398180 3.384953 -9.257273 -7.004131 2.018269 -6.538088 -1.831010
7.217513 7.857554 -0.661854 -4.862257 -2.436430 -5.778923 -9.142731 5.774394 -0.254678 3.482480 -2.415369 -1.069923 -5.971770 -7.001830 8.177124 -7.026841 -2.431733 -6.676678 3.195825 -6.946741 3.201238 2.076005 8.296862 -0.644117 1.369691 -5.551290 -5.827530 5.576033 8.248815 8.542709 6.721989 0.758775 6.223144 -0.114360 -0.988296 -9.026049 8.067042 4.312876 7.661768 8.835635 5.356490 -3.503234 4.579160 -5.691885 8.904358 1.569306 3.519138 -3.065397 1.950495 -1.259104 9.324276 6.490000 -1.583107 6.110686 -2.662205 -0.122186 2.724499 -9.073415 -8.055967 -5.878458 5.221752 -7.221370 2.572416 -7.206230 -3.081284 5.878190 1.097572 3.942358 7.840283 -3.057260 -2.928769 3.434500 -5.327169 -3.322039 3.906280 9.400654 -4.468618 3.830887 4.568643 -4.175034 6.008012 2.200274 -0.624029 2.571859 2.254302 5.136544 -8.012344 5.372048 5.633094 5.845193 -1.152865 2.863523 5.282076 0.055314 4.307241 -9.941657 -3.345975 -9.025396 -6.580197 6.121666 -8.240494 -2.994714 -3.624183 -3.423475 2.198308 -5.808305 4.051715 4.068057 -2.607015 -7.074174 -4.822900 0.437128 0.240744 2.784368 2.250859 5.842869 9.179718 1.812894 -6.178128 5.499139 -2.439675 -2.837858 1.015960 3.868032 2.114489 3.354006 2.858849 4.562421 2.455909 6.410520 6.827029 3.048408 3.989367 2.712474 -5.090370 9.338868 -6.038860 2.020865 2.291808 6.428696 2.965953 -8.436466 -9.918253 -3.019630 -7.974825 -5.167649 -5.524306 3.680996 -7.015964 9.411546 -7.760723 5.738897 2.432337 3.773414 -5.520652 5.821207 -1.012771 -2.845531 -5.297022 7.199088 5.566637 -0.099547 0.632560 -6.285083 -2.583245 1.783576 -2.406693 -5.424034 3.705299 -2.538276 3.603148 -0.030231 1.620189 -6.549181 6.267553 4.881977 4.403549 -0.612457 9.996534 -8.735878 -8.151301 -4.293428 -2.818584 1.926260 -7.292259 6.642111 -9.046503 -7.884880 7.814445 -2.916276 8.608798 -9.359304 2.574797 -6.991903 -0.665244 -9.219836 -8.857305 -5.150890 -8.830273 -0.565452
4.866963 0.872355 -2.298047 -7.402337 -0.553325 -4.158038 3.408786 -0.058679 5.031163 6.560559 6.117116 -0.577797 6.771236 -4.716566 -8.858103 9.732690 -5.608446 -2.574813 4.532898 -1.843894 9.773897 -7.679380 -6.271515 7.506904 -6.188376 -5.927592 -6.935744 1.245862 -7.197338 9.513487 -9.757773 3.964059 -3.929856 -9.087549 1.185436 8.321585 -9.648941 0.112822 5.345491 8.935592 6.365241 -5.765549 -3.215758 9.356201 0.232608 -6.505642 -9.329839 -0.583545 -9.622364 -8.980677 2.768014 6.898049 -3.650305 -7.249433 -0.418683 2.029542 -2.554629 4.405868 9.782309 -5.204058 3.554851 -4.084956 -2.030441 -3.590262 3.413858 1.533921 9.845983 6.278915 -4.546231 -0.272815 1.858440 7.374697 -9.945898 -4.999893 -8.924932 2.314078 -3.352237 7.305168 -8.495053 8.951807 3.359783 5.031791 7.285274 8.222900 8.376110 5.604782 0.043747 -7.132538 -4.067662 3.536725 3.642005 0.752106 -1.768474 -8.057061 7.923174 -1.828784 7.192646 8.483388 -0.115339 6.231276 0.784145 -6.902142 8.864010 2.586475 7.752845 -1.234653 8.073034 5.446761 7.351350 -7.870692 2.276856 5.736841 -2.733448 -0.298976 -6.023279 9.975776 1.792320 -5.638927 -5.094056 0.032558 -3.970261 1.227029 -3.419267 0.810825 -1.019194 -3.546397 -3.934920 9.817745 5.312774 3.776454 1.127203 9.008434 -8.901629 -3.622421 -3.450637 3.492042 -8.638655 -7.252774 -0.461852 -4.930631 9.403212 4.339963 4.161237 0.651685 3.980492 9.601916 5.638340 -9.645948 -3.843049 -1.519290 -1.887078 8.033276 2.915821 4.471837 -3.587966 -9.283130 2.575461 -1.032083 -5.691995 -2.859005 2.077908 -7.073517 9.649098 -7.494420 -8.405667 -1.045247 -3.612752 5.530208 4.445427 -4.977136 -8.992641 -6.026807 -1.116627 -2.779584 6.613573 -1.924068 8.286251 -9.265369 -8.198354 -3.238060 1.329043 9.926766 9.793782 -7.636184 -2.115279 -6.972339 4.877141 0.429936 9.641987 -2.524390 -0.125993 3.855764 -7.357740 6.687393 -4.244384 8.367431 8.254554 2.556703 -6.355407 6.170372
-3.353017 0.055822 -1.461630 4.743974 2.149183 -4.044495 -6.771882 -0.572546 -4.594528 -6.989662 -7.090537 -3.380618 8.314783 -6.886382 5.550442 -4.208468 -9.545857 -1.103128 -1.834113 -9.263248 -7.170246 6.656815 6.417729 -0.971896 5.443577 1.452969 -4.188064 -9.380538 4.103120 5.677317 2.343351 -3.089876 2.933999 0.708264 5.842525 6.864882 8.381460 -7.112497 7.050774 4.577528 2.686180 7.569820 5.775638 -8.730602 5.848913 -1.567736 8.028765 5.156214 7.398277 0.560020 5.175497 -4.869847 -3.200973 0.027966 -9.447093 -5.908531 3.219214 7.449655 -0.814541 8.526974 -8.210649 8.639020 7.925151 9.000668 -4.656683 5.423728 -5.553760 -2.494960 9.554050 -7.417510 4.292297 -8.240913 -4.087069 -5.620189 -3.594567 8.644000 2.356778 -0.028860 9.440157 -2.718825 -3.336938 4.371469 -5.337314 -4.488404 9.944924 8.639598 -5.132787 -7.763139 -5.675230 5.404909 -7.189978 9.130654 -2.340204 3.801615 7.269303 5.068545 5.389181 -6.192115 6.690399 4.834182 -7.733123 -2.123251 -6.107121 -2.196551 -8.430296 -7.654346 3.685824 3.772044 -5.680328 -5.330675 2.527398 -5.525255 -1.833532 2.962708 -4.233771 -1.096421 -4.423871 -1.746904 8.936289 -4.232548 -4.897578 -2.945481 3.845351 5.713037 6.249355 1.491161 0.068502 2.550774 -2.607901 7.063756 -1.652457 4.098064 -6.540572 -7.844877 4.127707 -8.048096 6.266108 4.816499 6.957592 1.641991 -1.511559 -3.999289 -2.695607 -8.269091 3.256039 7.395188 3.439477 5.653772 4.528909 -7.653815 -0.446471 -2.697692 4.362153 1.528282 -9.585777 7.166221 -8.855803 2.791779 8.000492 -4.728615 -2.842449 7.050015 -9.531523 0.839429 -4.395023 7.115015 -8.619904 2.836718 0.831841 -5.664631 7.021414 4.322074 7.459729 -9.184101 2.074261 -1.969484 2.036947 -7.975352 -4.871467 -0.873784 4.086790 -9.376232 5.312547 -5.141400 1.254857 -1.313005 2.970118 6.200918 -1.445223 2.502729 -4.166488 -7.858666 3.111517 -2.408195 6.044787 -4.363143 -8.559552 -7.523554 -1.272415 -7.992602
1.649167 -8.164017 -1.750037 0.920831 1.570866 -2.277946 -9.462251 -8.348270 7.530647 3.716362 -2.307697 1.458097 -7.517310 8.667645 4.992763 0.442508 9.409133 -3.106730 -8.217379 -5.325593 -2.141425 -7.341766 -4.341643 8.361394 -1.060448 -8.474011 -4.268962 1.789383 0.080137 5.017212 -8.717083 -8.832534 -0.066277 5.478380 8.097014 -5.434189 -1.324749 8.191112 7.552811 -9.151536 6.516789 3.091864 7.291780 5.644136 5.092708 -1.289776 2.933447 -4.216763 -9.104902 -4.584007 -1.883251 -5.446156 0.061003 7.434800 -3.150700 3.069207 0.618872 3.765268 -3.762335 -7.974205 0.425515 8.830355 -3.966191 9.964928 -0.359909 -4.818969 -9.282327 5.526012 -9.212891 6.219764 -9.892943 7.292916 -2.796448 -2.064308 -9.361549 -3.827729 -5.295111 0.242032 -3.980762 -9.582859 -3.912042 0.892325 8.494376 -4.018111 -1.135274 6.700211 -2.440066 3.211287 3.927962 -1.472933 2.352582 8.016670 1.614862 -0.064804 4.910622 -1.711884 -4.978464 5.097771 9.651873 -8.766175 -5.137397 8.437379 -5.231146 7.472881 -8.990912 1.928560 -1.616905 3.413884 -0.347101 -5.476021 9.300258 -1.607189 -3.789448 0.710402 -7.640859 -2.268911 9.665098 7.419873 -3.183990 -5.671103 3.169251 1.219104 0.537212 -8.364172 -7.021685 -5.607488 -9.659222 -9.387573 -3.582678 1.217690 -9.893699 -9.532544 2.628668 -7.394548 -5.157130 0.092079 4.152136 -0.623920 -0.704974 7.109092 -0.469659 -1.856014 -2.596262 6.216214 -8.798643 -8.630264 5.349220 -5.364163 -0.023441 4.391727 6.952643 6.360502 9.504043 -8.105711 -1.851164 -5.329089 -0.741350 -5.018906 -7.727189 -2.697606 -1.839507 -5.523544 -8.349597 -4.580040 -1.925721 9.314512 2.438425 5.931935 -7.911138 7.238647 -0.478149 -1.652893 6.397371 -7.733868 -1.001082 -7.989834 4.585561 -9.557598 9.392134 -7.127528 -9.239243 3.735276 -1.949599 9.418338 0.546997 -3.860605 -8.008552 -5.023697 -0.304531 -3.446075 -5.273369 -3.345690 -9.346478 8.174453 9.982036 -9.464148 -1.972408 -1.768789 5.550259 7.662944
8.519643 2.628732 -9.507317 5.741358 6.521826 -4.430411 6.392016 -8.265133 -7.423772 0.217097 1.437283 -8.265269 1.300525 2.074111 7.202800 7.990109 1.182575 -6.446820 8.125409 -1.382687 2.364655 2.747468 8.041533 6.779375 4.862602 2.258078 -7.090068 -8.210307 8.534279 -9.789797 -5.679658 -7.751279 6.552400 -4.802104 -7.771884 9.627099 0.963504 8.980539 -5.637504 0.053218 -9.452593 0.303833 -7.084241 -0.039752 8.190229 1.167196 7.395055 1.922880 5.931554 -8.296984 -6.995274 -3.469329 -8.603677 -5.011332 -9.690694 -2.478393 2.938866 -1.467890 -1.362346 5.591779 2.062207 -5.294271 -3.092714 7.995855 -8.915929 9.102370 -7.525496 -7.212415 4.015194 -5.570249 -7.556105 -3.928787 -7.871965 2.547178 1.444870 8.651155 6.180835 -6.679478 -0.860789 1.130685 2.235426 6.774994 -1.519983 3.544945 -6.234762 0.336920 -0.292584 -4.696315 -8.504185 -0.073621 4.353628 5.183781 -4.985975 6.658745 4.882856 7.983045 0.285012 2.036087 8.726671 8.106971 -8.265915 -7.422681 -3.396902 -1.450730 -7.592786 1.870935 -6.594977 5.384712 9.866805 5.682394 5.067782 3.224969 7.830462 1.098439 6.347739 2.788125 -2.710097 3.412276 -9.520798 -1.594128 -3.908084 6.757490 -0.178033 -6.246693 -3.701470 3.076374 -0.442598 -7.536633 -5.654320 -4.401417 9.386524 7.325923 -6.453487 -7.276373 2.563113 0.075654 -5.053256 6.363956 -0.748224 -9.697127 8.343988 9.604008 -5.613629 1.730915 -7.667796 -3.774928 3.326319 -7.821767 6.787364 3.317887 -4.135319 1.736160 9.825209 -7.811328 -1.381170 0.710582 -8.050053 -9.215647 -8.542578 1.712614 -7.785614 -3.111372 9.937178 -2.730157 8.471891 5.739941 -5.617920 -3.672025 -7.984294 -1.888369 3.640852 0.821815 -4.185881 0.766622 -9.552181 -4.897370 -4.750174 -9.171248 3.521307 4.384571 -9.354883 4.450665 -6.314364 -7.244768 -3.109989 5.455157 7.789797 7.963330 -5.031874 -8.668858 4.782009 -2.617361 2.733607 -2.609332 8.416990 -0.025679 2.022379 4.542871 8.236463 8.422292
7.995561 6.909533 -5.520926 5.460566 3.510692 -5.674890 -3.735686 8.283495 -6.919594 -1.384340 1.028971 -4.600316 -2.651034 8.757919 -3.853944 5.813133 -7.135621 -0.762732 -5.555572 8.691676 4.751104 -8.270205 -7.201270 7.128377 5.520575 -1.296446 -5.732260 2.298793 -4.638165 5.893554 -6.266784 5.987409 -2.297984 -1.073724 7.033749 -2.590111 -7.859956 -8.298373 -4.313666 3.790238 6.310954 -3.401665 6.829436 -9.103059 9.764519 9.128411 9.135142 -6.637114 -9.085057 2.973057 2.991970 -3.125788 1.755773 -1.825583 6.302881 6.114424 -7.218554 3.612351 9.610244 5.810231 -5.270307 -3.222968 8.825755 8.759686 1.466084 -9.293781 3.445008 -3.335105 -4.817333 9.262504 2.773871 6.827423 9.016791 -1.887676 -7.590013 2.965032 -7.922726 -3.766599 -2.581628 -5.673416 3.010768 -4.771223 3.184496 -7.876895 9.002597 -5.021207 4.359430 1.785988 1.699985 -7.302453 9.173490 2.030901 -5.075521 -1.322390 0.463627 -3.029827 4.263651 1.954680 7.228063 7.950330 2.440191 -8.443649 -9.595541 -5.825854 -7.460863 -9.242286 2.717919 8.196392 -4.558520 -6.920252 0.716318 -4.357332 -0.271187 -5.590061 9.342389 9.059979 -0.452420 7.574974 -7.987445 3.208932 -8.030788 2.888077 1.334669 -8.867715 -4.636294 2.819003 4.620884 6.802601 -5.851100 5.008274 1.199520 -6.574985 -6.653575 1.814895 -3.759059 -9.390790 -9.126230 3.051897 -2.941747 8.167310 5.867753 4.882923 9.088913 -3.676702 -7.123811 -9.225339 -4.262000 9.451110 -4.386334 6.913796 3.254281 6.835699 9.636571 -2.159372 8.910276 -4.472407 5.904217 -1.839961 9.951618 -8.844496 3.061310 3.306400 8.920970 9.087661 -6.470322 -6.139484 8.936583 7.127721 -8.245941 -1.176975 -9.996203 8.468184 5.771957 2.690658 1.009372 0.113654 -2.930957 4.752129 -2.906681 4.146472 -3.917207 -9.363337 -2.156498 -4.355560 -9.736947 9.131940 -5.040137 -9.328141 0.892428 -2.678200 0.923451 -9.082275 -4.464700 -1.495559 9.289282 -0.851021 8.330892 -2.069619 9.753685 9.994803
-4.135676 2.694247 -1.484480 9.510028 9.819382 2.233837 -9.295626 -6.954872 -0.804138 1.111272 1.447196 3.361090 0.662636 -8.943886 4.917764 3.643752 0.233911 3.820452 9.839544 -1.286281 -3.198524 0.289372 1.627583 -1.706318 -5.980988 0.453765 4.355460 -6.297543 -0.201731 2.755032 -2.892985 -6.890128 -9.501892 -8.458669 1.705059 -6.817424 2.242021 -8.631732 -1.066438 8.314924 -4.187934 -7.344983 -2.097625 1.678465 -3.792067 -9.237952 -8.434849 2.189829 1.180041 -3.768879 5.935612 -4.271830 -1.164849 2.914071 8.675802 2.365092 0.853677 8.690317 -7.893715 0.577124 8.264553 -9.800392 0.078306 0.593873 2.733162 -7.661944 0.797570 4.657375 0.815803 -5.890730 -3.248371 5.845713 -4.574405 1.658453 -3.512483 -4.055516 -1.439232 -9.355921 8.975403 8.252230 -4.721692 9.151832 -8.450669 -7.074744 -2.563771 -6.116480 -4.282298 -5.012994 5.573914 9.594282 5.898999 3.828128 7.585961 -8.839232 -6.438650 -1.707614 3.137511 9.150843 7.863496 -4.272770 2.653670 -7.031028 -9.981360 8.118715 -3.013860 -6.873219 -0.414787 3.044546 0.354408 4.546502 6.338118 -3.769651 5.873701 9.278192 -9.400801 -1.059797 -1.382835 -2.229812 -6.927040 -0.291835 -9.300144 -2.073330 2.107786 -5.245896 6.720339 5.265068 -9.272207 -1.740380 7.448528 3.634896 -1.026110 1.532259 3.145552 5.073879 5.119951 -2.244166 5.956864 -7.558277 -4.267079 -3.540830 1.458142 -5.556213 7.698622 1.993788 -7.299067 8.015073 0.186929 -8.125466 3.877100 3.146696 9.096006 4.519797 9.227083 2.064941 -5.116037 -3.041712 9.450301 8.554798 0.790514 2.768955 -0.030252 9.238836 7.018025 5.698418 3.919794 9.355999 -1.667236 -8.801971 4.355414 -8.744208 6.339868 8.790462 -1.445826 -3.119336 -7.716657 -5.747462 -3.680087 -3.647525 2.787118 -5.386727 -7.241827 6.662471 -1.319322 -6.985544 -2.880067 -4.245739 7.364178 6.935272 -1.323337 0.366353 -5.446580 -6.863665 -3.107826 -3.588006 1.688831 -1.520360 8.066871 -3.836516 -7.661649 8.736923
0.220422 6.929342 9.163225 9.209172 3.705894 -0.632768 1.517849 3.117490 2.209674 -5.945451 -9.701118 -1.187009 -4.222381 -4.678067 5.072200 -9.502198 3.380730 -4.797955 0.947098 -8.357200 8.101411 -9.299164 -7.699818 -7.086633 -7.544660 -5.463022 4.963966 -3.220971 2.090236 -2.637357 8.495724 1.746167 9.290105 7.849611 -2.886960 9.682230 -5.285775 9.664446 5.186525 -6.230048 -1.504376 -5.851931 5.354867 1.765139 -3.824156 5.793884 -1.046326 6.659811 1.116983 -3.131139 0.686282 -2.862557 4.391954 9.743277 -3.176316 9.952447 -0.304393 6.828297 -6.442050 6.900587 7.842427 -5.641839 3.708141 8.752146 5.020384 9.383329 8.671233 4.800236 -9.561427 9.566779 -5.602827 -2.541472 -5.860359 -4.303954 9.311850 -9.082126 -8.677648 -7.431550 2.712490 7.999629 -9.313545 -5.492628 -9.564947 -9.573296 -0.367846 -7.920271 -3.167183 6.786668 -0.467470 -5.932937 -5.866482 7.088677 9.338829 9.763326 4.763957 -8.212635 9.449483 -5.737454 -2.632421 6.707204 -3.088562 -2.829790 0.323365 5.895616 -7.510673 9.120802 4.530988 -3.807827 4.403294 7.522864 -8.855900 7.113255 -5.580783 -5.255437 0.459018 3.734324 -4.474412 1.049841 9.711889 -2.721500 8.445775 -5.684842 0.129850 1.841623 9.965034 5.829926 0.040382 -8.854029 8.879762 -7.397955 -4.306656 -4.821437 6.242649 7.067228 -8.619910 0.783208 -8.057462 0.877373 -6.697285 -3.921598 5.677047 1.883795 -8.566653 4.562737 -6.767205 -7.460074 -4.902176 6.468653 -2.764764 -8.420154 2.281494 4.354860 -4.560426 -6.055604 -9.988641 -1.831601 -1.969146 -9.735151 6.774710 -3.977000 5.920057 -0.668262 3.580994 -0.057699 -0.117940 -8.771829 6.239225 7.166005 9.223718 5.214130 -4.659511 -4.266858 0.020093 -8.728118 6.480359 9.072111 0.212627 -7.791520 -4.937803 -0.503611 4.534362 -3.126164 0.778175 7.590989 3.950574 7.613768 1.728104 9.973076 -0.479554 -9.456702 6.782122 -2.602450 -1.156744 -3.727244 -7.884967 5.185452 -7.442175 3.271151 7.192573 -4.249000
-0.649877 0.231868 0.967189 -2.881483 -8.644507 3.185903 -4.291124 6.120773 -7.949241 -5.639215 -7.739147 -8.729707 -3.236086 -1.122912 7.306712 3.472699 -6.620107 -2.011692 5.441659 -2.154628 -4.163104 -3.011073 -2.333505 0.164167 -0.947404 -9.880271 -8.988937 -3.279082 8.884025 -7.059088 3.990189 -0.188682 1.404070 5.404291 1.778969 2.131164 0.821221 -7.109856 -4.849585 3.518529 0.976144 1.354499 -4.840208 2.225775 -1.307438 8.587225 -6.593552 -3.876275 1.539437 0.949392 -5.089912 -0.873012 -2.117700 2.669980 2.340270 -7.331761 9.904519 -4.585899 -1.943634 -9.458952 5.360623 -8.742933 -3.891237 3.008608 -9.775390 -1.073310 -3.018295 0.223491 5.739514 5.517359 9.154015 4.159382 1.050251 -6.998903 6.344470 -9.245417 1.668374 -5.735271 0.082758 -6.863725 2.121657 -2.648797 3.643135 6.344447 8.378246 -5.974437 -2.915928 0.815595 6.770768 -9.893154 2.794176 7.813008 2.770777 -1.983387 -8.936437 -6.650847 -1.057965 4.622966 4.632887 5.241042 -8.635953 1.688452 -8.360464 8.704795 1.625767 -3.523846 9.258271 1.358093 -8.178055 9.125323 4.981471 -3.694749 7.802564 -3.984471 6.144005 7.251628 -6.863629 -1.128575 -0.632878 1.557976 -9.946658 -6.839812 -5.144461 2.362612 4.113008 1.992384 -0.332983 -5.369905 7.347437 2.956552 -2.859464 -3.454978 -7.784034 5.806775 -7.749895 -2.345545 0.823862 5.237004 -8.929068 -7.226997 6.954395 -5.692109 -2.571845 0.036306 -7.593584 -0.507421 -4.120967 -2.175508 -4.927619 5.330590 -6.591189 9.520629 8.309268 4.921234 -6.779473 6.966276 -2.933677 -6.025267 -0.245260 1.096645 9.863869 7.756181 4.764559 -1.948978 -2.860863 4.230140 6.916067 -9.909051 6.682919 1.785019 4.792153 1.715225 3.898153 -0.386132 5.953138 7.123438 2.998491 -5.240070 -2.481440 0.520377 9.871720 5.879823 -7.130537 -7.461309 -3.243860 -6.989452 -3.074063 -7.244056 -8.829742 2.385328 5.434580 -6.545893 -6.630815 3.988089 -9.100943 9.551925 5.423382 -5.753220 7.555440 -6.591840
6.745062 7.536201 5.031019 6.871619 2.318961 9.187317 3.585283 2.878440 2.531113 8.302915 2.390316 -8.075385 -7.508626 9.020865 9.884349 -6.169858 6.508602 -5.516950 4.992275 1.564979 1.569115 -7.606612 -2.816493 7.104111 3.538312 0.076062 0.231724 -4.394622 -0.971669 3.381839 6.115064 4.761938 1.617841 -8.909813 -1.154540 1.978033 3.500946 -1.608383 0.820540 4.622504 0.036836 3.830683 -8.855748 -7.139601 -5.157005 -1.022703 1.205109 -5.242511 5.168623 0.273156 5.263743 -2.631543 9.747944 -3.513994 9.407882 -7.702148 0.532157 6.106958 3.903926 3.331595 -7.040828 7.644058 -5.580581 -5.947884 -1.428282 -0.860573 2.692462 6.988595 9.397704 7.117567 4.568560 -0.503774 -3.330409 -7.450777 -9.834543 -1.566619 0.995900 2.366408 -4.671820 -6.869513 0.527184 4.716171 5.482069 -9.232299 3.278059 1.115443 7.823054 -7.863970 -6.231008 4.509837 -5.585048 1.759257 -4.863819 -7.075261 -0.135743 -2.409753 -2.566164 -8.877222 9.935484 -4.305837 4.549628 8.261090 -5.777238 5.801560 7.618306 -8.761173 9.635167 -0.231979 1.717956 5.684432 3.067529 -7.136216 7.613353 9.293996 -3.343772 0.654612 4.446741 4.206487 -1.346346 -4.317363 5.070868 -1.106308 -6.564735 6.730517 -4.907431 -7.026321 8.600241 7.346051 4.064114 -3.069287 -7.036836 -2.226185 -1.954900 0.010285 1.486090 -3.535822 -7.605038 -0.696645 4.318070 -9.567295 -3.724759 5.729352 -4.945306 6.815760 -9.652887 9.960079 0.932995 5.452312 9.420797 3.508755 -9.746948 6.190972 6.328238 6.086239 -6.325569 -7.350256 6.665533 -9.984184 -5.591815 2.155528 -2.274624 2.955066 -2.819337 1.587212 -2.996605 -5.546475 6.965002 7.729183 -0.593587 -5.702897 -6.490235 3.764328 -9.960149 1.289727 3.701749 4.652956 4.639229 -7.176956 -6.468133 -8.235768 -1.133399 1.358316 1.319511 -3.301597 3.235998 2.281897 3.768261 1.289568 8.013092 0.340109 7.531450 -0.679047 6.050627 7.220310 0.211717 -7.908206 -0.289318 -0.442558 4.288788 1.595304
-5.949855 -0.694512 -8.424131 0.861542 -2.917192 4.831417 -2.635764 -0.500900 4.926671 -8.320377 1.757471 0.391696 5.825223 0.441354 9.922138 2.094988 8.607977 6.471385 -5.850912 -6.923194 2.409374 1.115103 7.992675 0.616263 -1.907340 -4.605009 5.337606 -5.449573 3.988766 -1.061783 -1.838194 4.904001 4.644080 -7.162412 7.933888 9.231388 -6.734712 -6.091739 2.985827 -9.686647 -7.548075 -6.833907 -6.839663 0.772273 2.665244 2.197414 6.473611 2.595452 -5.451730 -4.234279 8.045244 -9.370591 -0.211367 4.998214 -5.678143 8.141939 8.927364 -9.524778 -6.865088 9.813599 2.876559 -3.255670 6.424742 -1.485654 8.881150 -1.045261 -6.493014 -0.406099 -8.706492 -8.277996 2.492333 -7.166047 9.083440 3.274704 8.665567 2.062736 7.619671 2.498875 2.646273 -5.973723 4.772069 8.813435 6.066996 8.371379 -0.769085 4.566130 3.260339 -1.169901 -6.663145 -5.665297 -9.978437 -2.046198 3.258271 0.945827 4.804298 3.087694 -4.431282 5.485385 2.265833 -6.957276 -8.992366 3.443329 3.295122 -5.720841 7.765446 -9.975048 3.296221 -3.241830 7.695882 6.099202 -6.430385 9.796553 8.533172 5.804977 -3.018545 5.267185 9.098296 1.041618 0.828795 5.669049 -7.431655 4.178164 4.336872 5.525915 1.208869 4.857151 -5.007758 1.740856 -4.463483 -0.281382 -8.606483 -2.898039 8.196326 2.475789 -2.858988 9.812249 0.633936 -8.917994 2.081226 1.316734 8.613390 5.681684 -6.667332 -3.153941 7.871371 -5.123653 -8.780083 5.775263 -7.573326 -6.367507 2.884245 -2.593499 8.549986 -4.802534 6.841060 6.400046 -6.892486 -8.260841 -9.566509 1.708555 7.961053 -9.377554 -1.085283 6.509939 -7.405853 -6.031810 2.258170 -5.246669 6.513077 -7.917446 5.542436 2.548407 3.658021 6.496361 8.642953 -9.521136 4.507231 8.701743 -7.191249 -4.127644 7.182318 -9.691133 1.767884 0.300037 -4.392840 5.031850 0.448154 -6.095506 -5.351097 -6.548404 -0.048327 4.742446 7.063239 -1.656124 2.688880 3.894570 6.788464 -3.906110 -8.271539 -9.210232
-3.426594 7.900022 5.109785 -3.715919 -1.575068 9.937489 2.498836 6.051621 -6.103921 -1.613614 1.555794 -4.133231 6.254204 -4.176910 9.579300 -7.214870 9.648779 2.551999 -2.656918 -2.721628 -6.239375 -1.944720 -3.876100 1.342723 -9.151266 0.141238 -6.613315 -5.899824 -8.086903 -3.612149 9.661379 3.931933 -0.821549 -5.387975 -0.091563 3.603855 -9.046375 -8.165386 7.356682 4.737432 -6.733835 -2.995109 0.172783 5.695747 5.366505 -3.790414 5.102242 8.061720 5.543869 7.487308 4.702461 8.560755 2.348106 0.630964 8.731254 3.276447 4.947330 -2.323595 -0.155379 9.125632 8.337637 9.975800 6.948026 4.051585 0.490796 0.437642 -1.468961 -8.049139 4.121780 -5.321172 5.270947 -3.933168 -5.331532 -4.980151 2.602465 -4.981035 2.873928 -8.744147 -3.049947 -8.326132 9.055419 -1.410513 9.686491 8.318061 9.983614 4.484805 7.702203 8.023964 7.049046 -4.196306 -0.022873 7.933128 4.042083 1.238063 -0.766963 1.479009 8.564501 -8.636029 -5.365622 2.765927 2.854894 6.356830 -7.551350 4.745633 3.955265 8.809187 -2.560403 7.517905 -5.300349 0.259894 -5.635737 8.746161 7.893707 -5.646515 1.698963 7.653281 -3.356316 3.735528 -2.446017 2.537510 1.492277 -0.581266 -2.497843 5.020786 8.643103 7.925001 9.044033 -2.831406 3.297362 8.848601 1.826865 -3.336117 5.463118 -9.345658 8.947619 7.683489 6.498314 1.840706 -5.454339 -5.678250 -5.072099 -3.694503 4.547521 9.376142 5.523112 9.444092 -0.453320 -7.861859 9.523438 2.367983 5.976002 1.789239 6.041486 -8.126972 8.699912 -1.549040 -9.779255 -6.276290 7.488284 6.774387 9.509531 4.325901 2.133370 -6.633381 -3.684370 3.004445 0.978951 8.530137 5.497724 -8.410277 1.386338 -5.829601 -8.675073 -1.666757 6.439572 9.477744 7.071074 -7.022180 4.038765 7.990250 6.964413 5.875786 -3.423909 -3.950615 -1.385663 6.757579 8.218061 -1.933514 -2.147547 -3.363335 8.795171 8.469424 0.789364 5.325841 4.832324 3.208782 1.545029 -2.714275 -1.454112 4.649059
-9.786176 3.828770 -3.140055 -3.412906 -5.918274 0.413732 -4.949375 -5.025608 1.748432 8.417957 -6.564433 5.849186 -3.628176 3.643300 5.109865 8.977404 -0.287356 -3.303853 0.505644 8.944173 0.519466 -0.535512 4.025576 8.229111 6.933128 4.062308 -1.227156 -1.093655 -2.407318 -4.149771 -5.329703 -3.419297 -9.032062 5.362274 1.664759 0.058026 -7.976632 -6.276184 6.460231 -3.754812 -7.195561 2.015174 -0.267481 -9.255034 -9.832612 -2.388870 -6.234917 -8.575662 -9.942676 7.615931 -4.702508 2.653443 7.596492 -6.417733 1.269902 -1.368459 4.349458 6.485371 8.895903 1.218334 -2.679109 -5.306900 -5.875805 1.572296 7.359250 8.284181 7.725054 5.712215 -1.518294 -5.762178 -7.607676 -6.895697 4.154627 -9.339078 1.124581 3.782716 -2.737716 -9.167468 4.550499 8.982544 5.091649 -6.564974 -6.327563 -0.339814 4.000516 3.346967 -6.114421 -4.444549 4.767422 0.876156 9.042482 -6.852005 -3.646235 6.904352 -9.176071 6.635150 8.593518 -5.310630 5.050371 9.738008 2.598258 -3.560826 8.573438 3.736045 4.969784 -3.820233 7.265083 -7.995886 -9.507028 8.588573 -1.730380 4.310384 -6.817151 3.386737 -4.464300 8.511686 5.490831 4.457528 -4.562111 8.963945 -5.041329 3.055881 3.502819 -8.977962 -9.549300 3.981788 9.693480 6.620497 -0.327707 -8.864807 5.203180 -6.923175 -1.023278 8.216947 6.856055 -2.427283 -9.518812 -5.474772 2.657623 0.534313 9.269177 0.073076 7.434440 7.764662 -1.736732 -1.933589 -3.797168 2.316861 7.021296 0.910607 2.154815 8.716089 0.958408 6.907441 8.268276 7.160749 -8.116526 8.038002 6.772353 1.710961 -3.898880 3.155318 -9.750642 -5.443143 5.662632 -6.723732 3.705375 4.752538 9.956122 -1.962164 4.129926 6.807000 -1.799668 1.837148 -0.681473 -5.068100 -1.591260 1.996656 -2.944601 5.659742 -6.256362 -5.074222 -0.654892 -6.849070 -9.910189 9.381993 -2.031378 -2.530499 -4.858798 0.734887 9.729670 0.568577 9.249055 -0.424006 5.346426 3.437685 -4.208321 5.156678 -1.459985 9.676316
8.287083 -4.974958 7.457850 -1.535320 1.947995 4.788541 -5.137373 8.977303 -7.010840 -6.258407 9.019479 -6.381008 6.257233 -0.190857 -4.436817 7.447264 4.486929 8.598373 1.946120 -9.465150 3.864777 7.347623 5.974510 5.278668 1.014695 7.722071 9.226154 9.893564 -4.246273 -5.110569 2.301733 7.226388 -3.267307 7.571312 9.913423 -1.300603 6.190866 -1.983008 2.913647 -2.692312 2.741888 7.839490 4.009599 -9.219232 -9.532821 9.054164 -5.585440 0.097256 1.628444 -5.819963 1.315094 3.224627 -8.086677 -5.239962 -7.712826 8.743659 -3.258437 5.679691 -0.342049 -8.337752 -1.995540 0.493315 0.910577 3.796020 1.330928 -3.792896 1.651957 -4.098025 -0.190903 2.983343 7.206195 -3.364243 3.160506 -0.402372 5.611995 -6.612592 3.764553 5.330465 -9.383433 9.230033 -0.245806 -1.570407 8.411472 -8.486629 4.950637 -7.374550 -2.508957 -1.046406 6.833427 -8.682326 7.730647 -1.015160 -5.648003 -8.660133 2.187754 2.595398 5.538911 9.264457 -5.966877 -6.346027 -3.929146 6.615382 -4.389257 -4.729831 6.349510 -0.136895 -6.968730 2.405819 2.948249 -8.554668 -7.079470 -0.718306 -0.447298 -9.887119 4.969399 8.978377 8.800111 5.499346 7.158141 -8.389534 -7.190125 -8.246103 -7.289139 -2.843353 7.234820 -3.797719 2.489227 -4.257239 7.765246 -0.677172 3.247763 -3.645960 8.037122 -7.654496 2.636925 0.437815 9.374521 -1.427369 4.821241 -1.689147 8.239122 2.841471 -5.091574 -9.464845 -6.846371 -5.362167 -3.595280 5.374678 3.668792 -1.548900 4.467841 7.680279 0.352833 -6.339755 -5.162260 8.198992 5.134145 0.873941 -7.769594 5.747921 -5.282889 -6.228665 8.070078 5.229796 -6.510048 -9.069178 8.585460 5.361188 -8.704394 2.152067 -0.758637 7.247930 -8.950222 -3.162952 6.608314 5.976970 -6.639453 2.943753 -8.880953 3.504104 -8.794081 6.031936 5.180865 -9.981309 9.881540 0.213114 2.098244 3.635609 -6.101605 -5.872811 -2.452155 -8.281115 2.849205 -4.396397 0.037816 9.767182 -9.540277 4.382014 6.119683 0.775798
-2.297669 3.301616 4.942030 4.836392 1.098094 7.179957 3.201244 -2.209997 -7.675614 4.089980 8.893388 -3.826711 7.275460 7.598519 -8.655163 2.329535 -1.566047 -0.179064 5.143099 -9.501530 -9.365584 -9.252251 -7.443967 9.333469 -0.674854 -4.021956 4.082852 0.910545 5.030424 -3.622040 -5.748176 9.928362 9.096596 -6.253800 7.231558 9.527660 2.005849 -7.480185 4.639595 0.681649 2.591243 7.651643 9.950289 5.702721 -6.274036 -5.151730 9.130722 -2.306318 -7.837685 -7.190105 0.314165 6.673228 -9.855374 -4.103490 -9.520016 1.488371 -7.966455 1.462246 -2.694991 2.618234 -7.560766 -8.157841 -5.814954 8.794414 8.398453 1.159406 8.408386 9.224909 -5.832629 -7.798129 -9.243543 -7.377748 -8.946904 4.655189 1.679794 -1.570911 8.563958 -1.751158 -6.180255 6.000800 -1.218873 -5.596494 5.042762 8.516397 1.935123 0.936663 8.157022 -1.126618 4.332413 8.464791 8.702899 -9.858220 8.885650 9.656529 5.563598 -7.638671 7.449965 6.765804 6.473809 -4.512885 5.702818 6.193931 -9.380368 3.854533 -9.116091 3.122507 -6.394731 1.385308 3.443075 1.890442 7.409220 -2.803029 -2.528930 -7.803527 -5.808571 -1.022124 -0.941575 -5.136996 3.793081 -9.083299 4.823641 -2.436891 0.896936 1.734009 4.108661 -9.265343 -1.010803 4.750808 -0.291193 6.414009 0.875570 -3.469993 -7.369213 3.911820 -8.231792 -0.208141 1.775967 4.946671 -0.416697 -8.044811 -7.816615 -4.857139 9.809239 -3.632360 2.555100 -0.086218 -5.339466 2.105379 6.247310 9.814334 -7.803523 1.315838 4.627018 0.019827 -2.537570 7.522979 5.436086 1.832032 1.759423 -0.531992 7.711300 -1.165894 1.644768 3.080690 9.614719 -2.925540 -0.237307 6.108438 1.103262 -2.297356 -3.274379 -2.119561 1.595910 0.016804 -8.881400 -6.761880 1.955722 8.684495 7.021765 -8.532228 0.190941 7.967778 1.237014 9.073331 3.772546 -3.656038 3.381101 8.991672 -4.334165 -1.769683 -8.947687 -1.532345 -6.581776 -8.373560 -6.455738 -3.702224 -6.416520 -3.600607 -2.551480 -5.918585
-8.300928 2.039349 -1.310460 7.723418 -3.181911 1.187891 0.887933 -6.357791 -8.423286 0.189613 -2.225270 0.132106 2.314546 -8.194278 -5.012453 1.080122 -6.165160 7.400082 4.552664 7.402712 -1.734359 -0.787718 -2.372597 -4.382618 -3.036476 -7.382694 -2.868818 -5.819142 -2.471118 7.753211 -6.407825 4.061493 -1.160425 6.074292 1.964275 -2.480897 5.787836 3.323153 -2.290430 3.753429 5.424400 7.762248 -7.879079 5.059696 -7.142890 4.145125 7.452251 -9.687324 -0.097509 -1.778951 -2.146741 1.230372 -1.812282 0.804229 -3.091977 -4.365565 9.439380 -7.855837 -4.182091 -8.700553 1.376932 5.286007 0.839432 -8.936988 6.722048 4.657482 5.867068 2.686746 -9.791176 -5.193811 -9.348754 0.480020 9.566428 7.604412 -4.145262 6.198079 -1.683673 -7.460936 -7.317412 -6.962304 -0.608471 4.364741 2.058521 1.267608 -8.279397 9.015647 -9.026545 1.988203 8.727991 -3.671640 1.986903 8.710832 5.881543 -8.353734 3.286866 9.348813 -6.628149 8.882518 -5.483063 8.171215 -6.420096 -7.985862 -6.504579 3.697736 -7.091297 -3.343075 -8.220897 4.757054 0.493417 -7.396322 3.062463 -3.118650 7.182809 -3.813238 -7.322446 0.743447 -5.641062 -8.683811 -1.678899 -7.290918 -1.541990 -0.464880 -5.064877 -9.721355 2.413789 0.032397 5.994067 5.772727 6.097542 -3.669004 3.390297 -8.309285 2.038302 2.470464 4.859997 -8.391013 -0.745528 -0.894931 -8.855102 9.374344 -5.812623 -9.133141 6.724173 2.163967 -5.563536 5.122194 2.980704 3.505307 1.665738 -9.896296 5.612506 6.320070 -7.472229 3.170938 0.119457 -8.060620 -7.389510 1.738731 2.719553 4.094346 -2.571289 -8.607697 4.024701 8.571767 7.280274 -4.218190 -9.685327 3.471510 0.810319 2.518821 5.130045 3.320864 5.523053 2.993373 5.839927 1.739431 4.985977 -3.428142 -0.192173 2.271541 -9.273779 3.315243 4.251411 2.573588 3.728692 -0.884407 -6.065759 7.179773 5.004515 -7.472514 -2.642445 -3.539685 8.267108 -3.053421 4.279017 6.009863 -0.543094 -4.625724 8.946472 0.194026
-2.978030 -9.627034 -7.553319 4.498167 -8.210191 5.305303 -5.045567 -4.010009 -4.346670 -1.823911 -4.482087 4.608039 -4.377227 6.113017 -6.431341 -5.887815 -4.572018 3.286213 -8.140977 -5.871317 7.936468 -5.279853 -4.449301 4.314723 -5.196135 4.115769 6.328307 -0.183698 9.826286 2.397140 4.393072 -5.713281 7.218982 -0.067316 -8.293181 0.789657 -0.249159 -9.151089 2.780071 2.115999 5.720079 7.016633 -9.998692 -0.963816 0.806176 6.431406 -4.933912 -6.706256 -5.563290 -6.363158 4.916653 -5.756076 -3.777008 4.224953 -9.027004 7.732356 2.853473 -3.931649 6.200097 8.823164 2.648901 6.369335 9.335494 -3.072734 -6.930719 -6.470607 -8.838314 9.637164 3.328287 -2.182956 3.562075 1.211638 4.042582 -4.282467 8.156256 3.459778 1.176441 -5.499283 -3.013456 3.223198 -2.002727 -5.818718 -0.459406 6.581705 8.592166 9.811772 -8.213578 -1.017958 4.676263 5.266320 7.765309 7.889332 -5.229736 -2.304302 7.768001 -3.361479 -7.222815 -0.776881 2.002192 -0.132335 8.950964 -8.813314 0.901565 5.351011 -2.415080 8.306985 0.160533 -3.243131 -2.921818 9.144337 9.439378 -9.870622 -6.025172 7.043488 -4.798212 -2.171557 -3.456089 3.354454 -7.856451 3.256157 6.635275 -7.130144 -2.799048 1.425224 -4.101327 3.748066 -7.076535 -2.487572 -5.548742 -6.727476 -4.800258 9.910331 0.883579 -0.736728 1.217848 2.389463 -6.392255 -6.654345 1.223514 3.447859 -3.580682 0.275730 -0.893297 4.217725 -3.538061 2.446854 6.498344 -6.104902 9.246662 -2.954772 -2.055066 -9.782978 9.787138 -8.005153 -3.547886 -1.083577 6.169397 -5.616607 5.180491 4.789160 4.031920 4.352946 -9.441124 -1.836715 7.177934 -1.741880 -4.039133 -8.728168 -1.182245 0.694477 3.984537 4.696569 0.108340 -5.564950 -8.321078 -1.560993 -9.763292 -4.549870 7.986384 0.034698 2.427434 -8.443690 -8.849712 -6.626027 -1.430835 1.737509 8.887308 4.668097 7.191686 -6.422076 -1.711815 -2.020434 -3.963423 -2.682779 -8.175036 2.764020 -5.233619 -1.962705 2.426166 -3.029638
-5.530993 4.081562 8.673409 2.521651 -7.984338 -5.007049 -3.394613 1.605896 -3.062436 -7.913278 4.900787 -8.233392 -9.244061 2.802855 -1.853006 -2.139827 -1.916508 -2.141340 9.449549 2.660881 -7.890782 3.707675 -1.765374 -7.049149 -6.801797 -5.337331 -0.757588 9.815969 3.861732 5.055331 -7.139385 8.975093 -0.893307 1.720948 8.528225 3.592799 -3.141304 -4.489626 -8.771094 9.162238 -1.203832 6.548403 0.864310 5.283034 -9.093429 0.706022 -4.598651 -3.802966 1.461526 1.275512 2.248012 5.061659 1.653538 7.837858 -0.498111 3.288191 -7.339937 2.488221 -9.540440 -7.957086 -5.935192 5.747784 1.169497 -5.414611 6.482155 -4.667891 8.199694 2.180510 -5.516399 -3.891768 -8.412120 -5.607063 5.983951 -3.605385 -4.837635 7.955758 -7.652408 5.772179 5.122834 7.034391 9.678375 1.342690 -5.225654 6.397551 -1.669210 -7.535484 -0.397443 -6.395304 -6.111476 -0.836376 -5.670620 7.584671 -1.182524 4.340607 -3.882665 -1.246209 8.954351 -7.000468 -0.669866 -6.982336 -1.556768 4.006894 6.519995 -5.440328 7.731564 -4.914754 -6.941278 5.871691 2.440803 9.836750 6.758494 -1.334388 9.343774 2.600849 2.434562 2.527381 3.420794 6.309183 -9.985237 -4.058569 -7.845507 6.052990 8.787817 -0.651205 -8.799478 -6.787064 -2.430826 -9.640517 5.162222 2.056048 -2.112697 -7.293518 -5.459051 -0.215581 -9.954847 -2.233578 8.454950 -0.390622 7.799594 -9.828185 7.934194 -6.416555 8.588077 1.984709 -5.482711 7.162437 -4.223946 2.934622 -0.407511 5.780954 -7.863058 -6.866543 8.079339 -5.608648 6.238923 -4.344066 -8.678620 -6.416980 -9.494034 3.469027 0.857422 -3.785329 -2.656697 8.625665 6.003007 -5.218594 4.795749 -3.528834 -9.282643 0.480976 -9.276539 9.311702 5.793681 -1.892651 5.878969 -2.863494 6.589534 1.029889 6.104379 3.333773 8.528092 -4.333237 9.916078 9.798500 5.029013 -9.930604 -8.413823 -7.391867 -9.570857 -4.572969 1.291377 7.387512 -0.675757 1.821474 2.227714 -1.792655 -4.225153 -8.571125 -1.166544 -0.147916
9.024561 -7.491216 -7.819258 4.665038 -7.731620 3.597809 1.207633 0.202056 -0.140296 8.854792 6.949729 -8.882794 4.510024 8.930641 8.831729 -4.174150 -5.037580 6.404243 2.826967 -4.745484 1.914604 -5.575329 -4.453225 -7.347164 5.207521 -6.653026 2.493243 5.176626 -2.524997 7.091214 -8.894381 -7.414547 -3.873933 6.946606 -0.944070 2.946370 5.414912 -3.712077 -4.620638 8.492807 0.469625 -6.718877 9.503665 1.456726 -9.549125 4.612989 3.821909 6.584110 -7.994407 -1.255912 -4.524007 6.359970 -1.121129 8.681795 -8.070147 8.545130 -7.337047 -7.711104 -8.953380 -6.686433 -6.385488 -4.950166 -2.927612 -8.661744 0.087142 1.478316 -4.005035 -3.651040 8.199139 -5.433127 -7.945288 -7.113203 -3.057107 2.789279 -9.754913 9.518316 1.870347 -5.704599 -5.653677 2.780423 -5.831977 -0.766894 -3.997255 8.533521 -1.253169 5.097869 -3.833848 -7.521229 -7.239835 1.282395 0.418460 5.889193 3.402132 1.748671 -1.125374 3.423513 6.338377 0.960507 -9.840731 -9.679186 -6.890234 -5.702874 -9.506949 5.747721 -7.223753 -8.276018 -4.263142 -6.325708 -2.613956 2.182801 -8.700218 4.288662 -9.147479 -8.953223 5.551151 4.359264 -7.846265 9.736839 9.497363 9.220611 4.672122 -1.971780 -2.553946 3.317862 3.651440 7.161374 -9.914730 -2.052752 -8.182388 7.482870 -5.743477 -9.682602 7.331785 5.783283 -7.083051 -7.980168 -7.045417 0.743040 -1.696418 1.739420 8.466428 -3.754709 -1.210850 9.813390 5.077909 9.430074 7.149738 -7.303727 2.532095 5.289813 -1.602590 -1.849737 8.032415 -2.103124 4.001423 9.365026 -3.297003 -6.880536 0.600104 -9.013516 -7.005054 8.102707 -1.194918 -3.764939 5.516604 8.273554 -0.311743 8.725467 -9.308337 -9.976174 9.164191 0.608501 -5.675653 6.440441 8.664052 -3.660470 2.012063 -1.849265 -7.302745 0.282327 -0.276098 -5.448958 -6.167032 0.531477 5.394957 -1.564512 -1.340938 -1.225893 -5.614533 -9.490724 5.721537 5.364453 0.114953 -0.347503 4.074229 1.268150 9.377188 -6.384300 1.871481 7.718779
3.936157 -2.097768 -2.236211 -0.239713 -4.289834 4.290546 -3.059162 -8.638385 -3.802275 2.060510 -1.202647 -6.136147 5.859846 3.515394 2.058170 7.343717 -8.535192 -0.674232 -3.961617 -8.374576 -2.583323 -0.964874 -9.039391 1.124515 7.390399 -9.022604 -6.658577 -0.509352 -8.274879 -3.191080 7.573232 5.534467 4.618762 5.392279 4.908946 -4.744895 0.096429 -5.067876 0.559099 7.284587 -4.414720 -8.076441 -4.071622 2.774258 5.992846 -9.950283 -0.774475 -1.061666 3.671190 4.000817 1.515650 -1.483827 0.538192 -8.446077 1.201847 7.259732 3.965211 -7.583286 5.242573 -3.151384 -0.376003 1.326569 -7.268026 7.502414 -3.804514 6.241437 1.155349 -6.612522 7.600780 1.278065 -5.367893 0.636319 7.007373 -0.937888 -2.837475 -5.686004 -5.392685 9.407283 5.396736 6.279261 9.138997 6.198518 3.870928 -8.452205 2.613718 3.531907 3.467884 8.020669 5.920540 -5.483428 9.652424 5.353581 1.045467 -9.196533 -1.650533 6.736405 -3.171416 9.763963 -0.401902 5.720212 -9.929065 1.236439 7.309076 1.900789 1.641162 3.584695 -8.607671 -6.457167 9.730908 3.435217 6.824154 8.769366 -1.251933 3.355596 -4.887460 -8.589463 -0.744471 -7.175569 7.083634 -5.265052 7.246940 -6.784621 -6.639085 -3.993291 -7.652078 3.560880 7.045311 -5.478252 -3.440531 9.995679 7.617677 -7.807462 -2.486445 -5.352418 -6.174586 -6.999666 -4.842546 7.333085 8.084039 5.899239 -2.919923 -5.737887 -3.675930 4.531078 6.005499 -1.729776 -1.959169 4.719072 -1.619801 4.869356 1.045940 8.586556 5.914671 1.540799 0.295096 4.095236 2.029326 9.427492 -5.815389 5.582194 8.107979 3.556733 8.409841 4.275141 1.599015 -7.391558 -0.035259 -9.596665 1.535878 7.056822 -9.741014 8.108913 -1.397632 -6.800122 6.881369 4.688924 -5.822534 -5.255085 4.632103 -7.820876 -6.400903 0.628065 -1.800343 3.113322 3.471178 -2.725488 -4.449047 6.027396 4.468350 5.097321 3.653892 3.162024 5.035456 6.524790 -1.042018 2.065745 5.977564 -3.560925 -7.652624 -0.328980
0.350172 0.235128 6.167840 2.188535 -2.998525 4.948399 7.874238 0.475824 -9.496433 -2.944595 3.137751 -2.261009 -6.035192 4.994540 5.996572 -7.508419 -8.456997 6.789637 -4.361032 -2.320536 -2.707698 9.267872 -4.427336 5.577595 -0.799346 -7.251354 -5.793408 2.510910 6.204303 8.116273 3.507056 -6.332449 6.200693 -8.525683 3.764636 -8.471856 5.657857 -4.714203 -7.514551 1.938675 -6.202011 8.255730 8.111952 0.831484 -2.117342 -3.367135 7.491183 -3.259252 5.851297 -4.958396 2.707358 6.123297 -5.278964 1.621228 1.876342 8.268753 6.494533 2.443301 -7.167270 6.389301 -1.582695 5.994971 -6.813202 -6.149732 6.015949 -3.859286 9.241984 -6.907452 0.354653 -0.951351 -9.083479 2.177608 -6.410062 9.020420 -7.322882 -5.141331 -5.984873 6.629050 -1.280367 6.965580 2.323075 -2.395588 -0.959063 6.933824 -9.372979 -6.851827 -3.147114 6.394188 -6.513634 3.290984 9.888344 4.229617 -1.803131 -1.987077 -1.065845 -6.198252 0.658215 7.285493 3.890916 0.168744 -3.303615 -1.528604 -4.295042 5.025503 4.286702 0.906722 -6.254957 -4.585796 2.380822 0.210336 -6.936751 0.669794 5.340282 0.711588 -9.107199 2.768138 6.761801 -6.934893 5.067549 -2.601900 -5.021537 1.146720 8.524867 -8.015957 -7.454983 -2.108707 3.101570 5.063678 -7.607895 2.533666 -7.521447 6.799264 -9.636850 5.929108 -4.208681 -2.901789 5.804465 8.026599 -3.622218 4.010186 -4.310878 -9.994635 -6.140173 1.943596 -1.070009 3.589188 -0.813065 -8.834294 2.368550 -3.416394 -5.016888 -7.545532 -6.546571 -0.569925 -5.547215 -6.613313 5.054769 3.839187 8.863189 -1.267250 2.937713 1.445413 -7.010819 -3.370247 0.037717 -9.724963 1.058424 -3.364188 -8.629762 2.405441 0.832970 -7.694131 0.530596 -1.120620 0.068680 8.377774 -3.370830 -6.512672 -0.622838 -2.499785 4.144159 1.738917 -0.871616 8.022409 4.965776 -1.423864 -7.118328 -7.467432 9.676931 1.693312 -9.689147 5.722902 7.825294 -8.469828 6.354737 -5.619563 9.273852 6.972984 3.801553 0.759111
7.350498 4.422132 -5.012430 5.663733 2.105629 3.849935 -8.395101 8.678115 7.365811 5.569527 3.599218 2.217804 -3.832307 6.032266 8.331242 -2.554715 6.443650 5.435696 -2.265993 9.090017 9.713178 3.758915 0.871736 8.771720 -6.831292 -0.908950 1.081779 8.102552 -2.112551 2.631545 0.677379 -3.934585 6.393785 6.130877 3.449192 3.514451 9.872250 5.205302 -2.468143 -1.180536 -3.787847 -5.441760 -3.785974 8.789251 -3.517515 -1.396264 -7.357276 -7.448155 -2.976495 -4.018559 -1.643984 2.609815 7.999791 6.833852 2.465608 -7.878107 -3.189626 2.148420 -6.326455 4.734754 -6.744830 5.659710 0.497916 5.571702 -1.764032 2.063626 2.589459 -3.979867 1.158482 -6.859978 -2.013057 -8.554530 -5.114827 -2.809580 -2.823305 -9.831628 3.421022 2.263276 -5.609568 1.950530 -9.997306 7.402444 9.825411 -9.019091 -2.201532 -5.937065 -5.550380 8.067722 4.675296 9.990909 4.066124 -5.618787 9.922761 -8.051338 4.092725 2.137283 -7.806180 0.481796 -3.777293 -8.969301 8.570118 -2.045518 -0.408844 2.936040 4.765039 -8.957820 -6.868577 4.374614 5.132812 -6.255460 3.477436 -7.932241 6.616842 3.487304 1.184108 -8.647591 2.251269 -4.276926 1.915822 8.731011 -0.656692 -3.755793 6.709885 2.411150 2.283781 -0.392133 -2.960706 3.629543 7.878408 9.061595 -0.032693 3.197572 -5.994753 -9.039213 -6.484130 5.186113 -9.729133 3.066122 -5.174888 -4.912980 8.692356 -9.193594 -7.170144 -7.130278 9.655069 8.362228 9.699028 7.015708 -2.788187 -6.742192 1.969487 -5.515755 3.770050 3.871171 2.149398 -2.205493 7.077839 1.792304 7.570928 -6.127741 -9.661242 -2.388541 -1.634340 4.309600 0.359155 -9.032146 -4.647496 1.389965 -1.711034 1.820398 -3.018189 -7.289343 5.131423 3.040824 -1.188528 3.391928 8.074528 7.503654 6.369245 -6.818629 -4.971007 0.039631 8.515146 -7.690130 -6.986417 1.749267 -7.506050 9.691456 7.898845 5.367222 2.641077 9.342299 -2.855856 0.023953 7.721684 -8.586888 -6.114271 -2.407836 -7.762653 -5.709650
-9.895588 -0.097071 -2.717622 -6.710155 -2.608577 -3.920529 -9.628213 -8.374057 7.171889 6.292752 -5.165161 -5.836744 8.616504 2.419915 -3.040317 -9.693499 2.102873 1.005704 5.707947 -6.136233 3.603386 3.696258 -8.703637 3.978093 5.274618 -8.204865 -8.481160 -5.293826 5.602076 8.887264 1.729210 4.400271 -5.907137 8.999559 0.017295 -7.820021 8.742130 -3.599970 7.798828 -2.629475 -5.516966 7.722621 -0.379817 -7.964229 -1.838133 6.304038 2.673225 0.780951 -9.022225 0.586252 -7.984028 9.994777 -2.132926 2.915617 2.899594 -4.812640 2.765068 4.734745 -1.404306 -9.476806 -2.741030 -3.844007 4.667943 9.635016 -1.272415 4.733127 -3.331237 -7.680899 1.890086 0.334699 6.746776 -0.042115 -3.820241 -1.966889 -4.877469 -8.148526 -0.007240 -2.224297 1.171184 0.124711 0.544042 9.387426 9.444217 -0.704469 -4.487648 3.220534 -0.249239 -6.938447 -7.941777 7.334206 1.625785 -0.499111 3.964583 7.159949 -2.585423 -9.558471 -3.507140 0.515718 2.328992 9.921266 -4.221575 -9.751555 3.570476 -8.131556 -0.403676 -1.234025 -6.319914 5.241197 9.507918 -5.459755 1.362236 -6.026600 4.710685 2.375605 -4.889265 -3.919794 -7.947403 7.927564 -5.618678 -4.912421 -4.032589 -9.476482 7.272878 4.319701 -0.962381 -5.336964 7.882591 9.330893 -5.511024 -5.027902 -1.819638 -6.814605 3.950443 -5.002713 -6.951973 3.276405 2.803673 -7.481118 -5.751064 -7.311533 -1.933202 2.890210 5.171412 -8.670150 -3.150840 2.600789 -6.853103 -7.886704 -0.788569 -5.586138 3.498654 3.891212 9.465487 5.614423 -2.707671 -8.760291 3.927485 -0.665639 3.365133 4.656571 4.555202 4.812500 -4.840685 -9.022859 -9.988801 -3.305421 -9.007600 -1.521824 1.412499 -2.203740 -4.017560 5.628736 -7.914935 7.023324 2.391071 -9.863664 -0.587306 -9.072538 -9.559575 -0.207167 -9.837516 3.608760 -6.556966 2.632945 -3.669334 -6.926392 2.709917 0.074039 9.129584 -6.995510 -8.639681 -3.643591 8.637157 7.479402 7.259279 7.934865 6.324957 1.670436 1.545218 7.798617
0.582020 0.210045 -1.994041 0.661755 8.230894 6.094743 6.862770 -8.089976 8.899387 1.259911 -0.166926 4.784837 -2.153797 -7.244651 -9.780623 4.913679 6.562059 6.567992 4.333805 6.380637 -1.397642 8.853853 -1.710407 9.552963 9.064316 -1.618811 5.343000 -0.928227 -1.867655 -8.340166 -1.319068 -6.092941 8.514334 -2.483080 -7.482330 -0.390896 -4.681652 2.101617 1.614551 6.000305 6.988613 1.654958 -8.713724 6.473436 5.674292 8.903323 -4.632291 -4.150131 0.480001 2.020658 -8.885653 6.091464 -7.561920 7.668142 3.488303 -9.728742 -4.359834 -4.924525 -7.115962 -0.148152 3.064974 7.683475 9.672016 -6.248842 7.483877 -5.216667 -5.641672 -8.403878 -9.407154 -5.784168 -8.313589 -6.274058 8.401446 -9.989178 2.368536 -9.066358 1.330796 2.209188 -9.645044 -5.037588 -1.144483 -5.600036 6.226454 7.471616 3.868348 -8.258915 9.950374 -1.995569 -6.966390 -1.823705 3.885236 8.818663 -5.842334 -0.842464 5.398751 9.334978 2.180607 0.790482 8.912094 4.581072 9.906623 -0.975465 5.932145 2.544448 -7.525814 -1.897857 2.790694 -2.461641 2.087278 1.205508 9.531599 -4.070146 -7.365310 7.134000 -5.020704 3.934930 9.062746 1.233855 -6.821305 1.558847 6.222802 1.495778 8.869511 -4.669761 -0.336504 5.746527 -7.845345 -6.577524 -1.892619 -8.834563 8.110179 -9.784100 -1.888503 6.885757 7.012379 9.144079 4.057359 -7.510341 -6.625835 -0.298735 -0.226006 7.290091 9.301680 1.625326 -8.539197 6.107026 -1.864952 -1.583658 2.243144 5.171623 5.519019 -0.874559 5.866915 -9.121640 -3.727678 5.984187 3.526997 -7.698869 -7.857519 -1.886295 -0.083023 -6.329738 3.369800 -1.827262 1.493402 2.567057 -5.062903 3.176271 -8.880063 9.192823 8.781120 -9.279305 4.733148 -5.498313 -1.841832 6.570428 -8.608084 -7.304020 6.706969 -5.602123 4.348774 -5.565909 6.469799 0.407563 4.767435 8.844646 -5.560211 -6.191506 -4.754642 -2.350659 -4.982543 -8.153497 6.528912 -5.954849 -1.172190 -7.851520 5.386530 6.960810 7.498687 4.212949
-1.809716 5.918368 4.647426 -3.402592 1.614453 -1.786923 -6.117004 -2.920742 2.701252 -1.763731 6.300603 5.259088 6.982594 -1.868878 -8.379114 5.342085 -6.538770 1.572517 -0.541587 -7.457160 3.454990 3.417690 4.149311 -4.766771 2.345176 5.666073 -6.864680 -4.572160 -9.909926 0.526569 8.448832 1.585830 6.793937 3.524652 8.669015 -0.439994 2.999820 8.225577 -2.864694 -0.720514 -3.201283 -0.386381 5.719297 3.315913 6.830209 -2.425046 -2.091556 -5.112646 -1.485948 -5.818953 -0.238161 -0.852923 1.380568 6.708987 5.919523 -0.128468 0.026983 -5.849611 -6.926811 -3.392182 8.128483 -3.129908 -4.707737 -0.941077 3.560954 -1.939945 -8.773343 -4.421280 6.814438 -4.751978 1.769282 -1.916258 2.394582 4.490801 8.395174 -1.202976 5.080124 5.426816 -1.672468 -8.067847 -9.598096 0.954430 -8.317660 7.200235 -4.922434 7.914927 -5.169216 0.053402 0.636893 6.700859 6.012974 4.100850 -8.951790 1.375976 0.024166 -4.203786 7.849094 -5.594645 -9.585845 7.419227 2.668012 -1.450513 2.223176 -0.266164 0.704422 -2.886965 1.630384 8.949278 -8.894178 1.850869 3.288316 -2.416865 -4.265782 -4.306049 0.633488 -9.548273 8.324167 -6.040772 -3.010146 -0.045548 -2.896020 -7.435546 -5.990542 3.938460 2.840043 -1.397751 -4.306916 9.316722 -6.260741 7.467555 -7.963813 -5.744422 -6.732990 5.276530 3.173879 9.181449 8.936655 0.408010 7.023210 5.044277 8.959425 3.056912 6.118722 -8.597655 -2.741727 6.568068 -0.676265 -3.225383 -4.090816 -8.800433 8.505802 5.093396 -5.839350 8.305371 -7.224213 -8.733888 -2.199637 -3.636885 -8.668814 -0.986722 2.106164 2.822829 0.965830 -3.246734 1.546140 7.197340 -0.701177 -4.962968 -7.870555 4.000053 8.985460 -0.357701 1.131516 -1.433409 1.048792 4.799415 5.845362 1.528314 -1.646593 -7.007395 8.820347 -0.554663 -8.035358 -0.347147 -0.733455 -6.860122 1.399126 7.363402 7.777354 -6.964851 -6.101682 -3.688966 3.330531 3.696869 8.012192 1.111091 9.550893 -1.135931 0.605250 -3.548578
2.635936 2.259265 -1.494986 5.096888 -8.811644 4.567156 -6.344449 3.206229 -9.285245 -7.383257 -7.448703 -1.060275 -2.279702 -5.804424 -2.116290 4.497883 9.519402 5.878104 9.472345 -9.606257 -0.220643 6.076689 9.712576 -7.343775 -2.557095 9.966084 -6.648553 -2.479632 -1.055021 7.776846 5.746685 -5.837792 7.544238 3.748122 -0.879206 -2.380320 7.899570 -6.091032 3.051976 -1.706740 -7.756005 -4.786996 -2.158234 1.563216 -3.105082 -2.496422 -4.789537 -0.499083 3.482396 -5.017252 -8.208572 -0.938273 9.887899 9.077344 6.997135 -6.492108 -4.448713 7.527557 6.111197 -3.355565 4.105592 1.421253 -9.210339 6.975728 7.944210 7.965711 -1.059956 -0.814217 -2.751421 -8.653427 4.112348 6.112163 -5.822982 -3.242705 -2.735648 -2.082447 -7.596725 -4.975399 -2.888334 -9.503397 -5.852812 -2.891931 7.757228 -9.691388 4.798865 -1.942673 3.020354 -1.942908 -2.491835 6.657447 -0.583407 4.840478 -6.595068 5.004741 -9.175660 5.086880 1.333295 6.838969 -6.424134 3.202068 -7.189833 -2.600138 -2.690913 -5.893831 2.619240 -9.592717 -2.367873 -1.021880 9.389629 -1.098124 7.331975 -2.574926 -3.909306 8.270849 -5.454139 -5.993864 -6.390656 -2.823426 -1.242092 9.641739 -5.376419 7.085959 9.799316 -2.673817 -9.903520 5.574036 6.157432 6.146727 3.956929 2.297753 1.672204 4.044780 -7.272216 -3.242745 -1.357321 -7.085752 4.707698 -1.446244 0.704319 -8.286022 8.315458 -0.408156 -0.816415 -5.919943 9.171578 -5.326404 0.721879 -0.615600 -7.806443 8.169001 2.909329 -2.785755 7.761240 -0.704796 4.534664 -0.842216 3.742043 -6.841778 -0.394455 7.583756 9.372354 1.961068 -8.797359 8.962392 2.718236 7.394137 2.743350 9.550380 5.506480 -1.265259 -0.464063 -2.087564 -5.316968 2.570235 -9.793510 -6.928836 -6.091769 4.530708 2.220487 3.282090 -5.119319 6.619460 -4.569350 -9.103508 -9.180137 -4.487425 5.281286 5.551638 7.156202 -9.272294 -8.348124 -0.063367 6.301434 -4.742774 -6.267696 3.468156 4.304923 6.380616 3.255911 -3.844119
9.660166 -2.721000 1.439115 3.730165 -0.990877 -1.486905 7.033581 -1.225829 3.900185 -8.935923 -3.862426 3.337716 8.051977 2.118063 -3.824166 -9.690969 -2.335532 4.801612 8.912248 -7.287703 8.484908 -7.646798 -0.611465 8.694485 1.107859 -0.072063 4.962283 8.172483 -9.896890 -2.705291 -6.125432 -3.222967 7.803340 -2.469024 6.903764 0.936949 2.979757 3.335522 -1.256341 8.913347 -1.286182 -6.125606 -6.138683 3.982230 -3.313069 -5.034468 -7.634986 -6.149256 -4.839132 8.668148 -4.211369 2.637359 -5.441202 -9.772119 1.601242 5.488856 -5.417623 -7.734990 -1.589465 0.960902 -3.267664 2.209424 -5.615978 -5.773492 -0.885453 1.878829 -8.795451 7.310654 1.030584 -8.766861 -0.527793 4.110598 3.870265 6.569448 0.922961 3.163178 -9.725700 -8.401430 5.044926 -0.003622 -4.060335 -0.477716 6.867493 -3.825920 5.326638 4.301801 4.118480 -0.971751 -1.949284 0.211634 -7.955780 -1.189786 4.791581 3.582242 -4.410721 6.081913 -5.194353 -5.412097 2.689824 4.629850 -4.867927 0.519689 -7.067702 7.768271 6.750495 -5.646295 -3.186741 -5.127807 -0.702980 -7.782661 -1.312739 4.839207 -9.127869 4.395530 -2.455181 -7.814434 7.114519 -8.759094 0.765225 5.509406 -3.937778 -5.226399 -6.645187 -9.618894 -1.767211 -0.635411 -5.686541 -8.625995 1.561702 -6.881938 1.716029 0.914395 -7.791107 1.527347 4.625937 -4.401828 -6.887033 6.318322 -4.239106 -3.324322 -1.911052 -1.958965 -2.196542 -2.095339 -8.087707 -0.059034 4.186268 8.008780 -5.531342 0.182840 7.558972 4.968884 -0.396878 7.423597 7.043991 -8.787197 -9.923796 7.057167 -2.723665 1.211868 4.512335 -0.186155 7.150742 6.161948 -5.306481 6.810772 -8.549052 -7.439550 2.055069 3.418606 4.106252 4.259479 0.616628 9.337700 6.035509 2.046066 -7.793619 5.704733 -2.167124 -9.948297 7.295446 -0.677321 -6.010808 -8.739252 2.263065 -1.087145 -3.426103 -2.132789 -5.279430 7.950982 9.734773 1.398600 9.170781 3.484437 8.433711 -6.439014 -0.403274 7.862950 -5.089306 7.340084
-0.949833 -7.963337 -3.301567 1.579981 -5.800938 -0.859991 5.025006 -2.810611 -9.458439 -3.085275 -0.048750 0.728400 9.384967 -6.871788 3.259556 -3.917193 -3.381183 -6.841128 7.291609 1.247081 -0.229038 -7.209126 -2.136793 -9.831214 -4.868643 -5.976282 -8.713141 -9.003495 -7.469640 -5.941496 -4.402720 4.947407 -0.400379 7.703806 -2.372195 -2.437074 0.439370 -4.029832 5.925205 7.143714 6.361800 3.839674 0.758923 -5.502569 8.525685 5.750856 -9.629291 4.822688 -8.514065 9.358776 -1.665188 -7.652646 9.046857 -5.944105 -8.287280 2.733131 1.567784 3.290095 -1.349261 5.019074 -9.650068 -5.307308 -4.513926 -1.890137 -6.327583 4.001509 -8.919593 2.996599 -0.255011 -0.900315 -6.227758 5.217817 3.550636 -0.157744 -4.237868 -1.940751 -6.081942 -8.453706 2.700521 -2.998412 1.746425 -1.722539 7.911962 0.200042 9.210245 -5.889503 8.491342 -7.217283 5.178182 8.219713 -3.024988 9.420337 5.879333 1.591138 -4.837867 5.618478 7.852623 -4.332555 -5.090902 -2.940122 -9.257565 -9.542000 4.655182 3.540671 -9.867587 -5.212358 4.587220 8.756633 -5.652392 -5.733218 -6.266234 -8.260870 -9.039072 -6.589504 8.311023 -9.007191 7.956956 8.146156 0.014253 7.576289 0.379496 2.094959 6.293851 -3.048756 -2.693749 -1.911998 -4.480359 -5.191101 9.979401 5.107716 3.486403 4.482238 -4.417236 0.160145 -1.354778 4.199960 -6.175499 2.056552 -0.779811 6.850368 8.485313 -7.228907 6.134177 -5.531404 -9.413619 7.398420 4.824859 7.584933 -0.162811 8.287018 2.129793 8.514096 6.240903 0.524724 -2.982337 -4.190796 1.553016 -3.649614 -3.498610 1.061968 1.547371 8.725730 6.523655 5.787108 4.975897 0.617169 -3.853811 -4.685380 -0.896834 -6.294825 -0.050894 7.156469 9.528606 -9.122293 -8.503628 -5.572815 -3.017805 -3.557374 8.781025 -4.605219 3.420719 6.957348 3.375335 4.175964 2.435942 -1.997025 8.148449 6.834825 -1.083373 2.488662 7.745732 -1.052520 8.950677 -1.713097 4.091572 1.078689 -0.698337 -9.872046 -7.171652 -3.760476
-2.467923 -7.514259 5.872431 3.054601 2.979741 0.197089 -9.964020 2.301952 0.806201 0.000162 -8.679968 -7.701028 9.201778 -6.923970 -1.733402 6.063885 0.136709 3.646389 -5.501943 3.451481 -9.022285 -4.684558 1.869528 -3.613408 -0.205955 3.013508 -7.952007 4.643021 -9.642013 -6.246152 9.820057 4.139277 -9.359350 -6.789456 2.049530 -9.334290 -1.368898 -7.646538 9.378945 6.080823 -9.612866 -8.692878 4.231448 2.933888 4.353201 -4.184702 -8.033319 -7.066342 -4.989911 3.359456 -7.525596 -4.790020 -9.158330 0.744415 -7.717465 1.147350 1.140734 4.186120 7.615326 1.533704 1.576049 -3.450628 0.629070 -3.904081 -6.530844 -9.972263 0.493104 -8.086870 -4.903626 7.341275 4.334099 8.838117 -4.846853 -1.755077 -3.103621 -8.064739 -6.499139 -5.684176 -0.033213 -6.378456 -4.964874 -4.337399 -8.114520 5.442538 3.891445 -6.246027 4.206929 -4.014934 -7.306419 -6.330730 9.404870 -6.973261 -5.397086 5.844722 -6.610266 -4.730381 3.961606 -0.597886 1.242039 9.290139 -7.806025 7.279833 4.548691 8.556868 6.922202 -0.566600 5.560345 5.395368 -3.499677 5.105884 -1.355354 3.155088 0.504803 -1.343202 -3.142036 -6.402305 5.226871 5.611224 -7.254298 -4.081299 8.817257 -9.488417 2.454490 1.775192 -4.445285 5.412448 5.958979 7.341851 1.813618 -0.036815 -0.243117 9.921315 -0.244427 3.407273 2.286128 -1.041700 -8.762173 8.603146 4.650240 -1.518550 5.505650 -2.352664 9.895265 -2.844443 9.185661 -2.682617 -1.586954 0.678203 1.190193 3.601111 -0.130626 2.040384 -3.831143 -5.013787 -0.118948 -6.697563 6.909545 1.505121 -0.464218 -3.936079 -1.816009 0.319969 -8.464038 -1.141547 2.955276 -1.325647 9.797633 -4.668493 -3.191514 -8.421538 -6.482692 0.642685 -2.944715 -8.110154 -2.587785 2.980567 -7.032649 -1.073297 -7.256615 9.401794 1.188900 -0.524166 -0.626960 0.018515 7.706637 6.569621 -4.776000 1.539803 6.024896 6.324127 -5.122783 -1.524176 -5.513079 8.473564 7.574646 8.264906 -8.325953 1.790212 -0.564706 -7.700668
-1.647324 7.020850 5.501944 2.015507 -9.057766 6.602391 4.204048 0.811892 -9.564970 -0.750175 -2.305642 -4.204819 -0.146099 3.207065 -3.130281 5.088449 -5.633824 3.623327 3.487387 8.810593 7.283844 -7.650675 -0.329673 2.337302 3.791903 -2.829710 0.765619 8.225231 -9.697522 -6.598710 -8.888117 4.225697 -9.928497 4.108883 7.751180 2.505999 6.032512 -2.450319 -7.849679 9.474660 -6.703221 -0.089229 2.169120 4.527353 8.137365 -5.152224 7.999214 -3.072478 7.907178 -4.731021 1.129084 6.272720 -7.393396 3.633411 -8.275992 0.539189 8.353842 3.503360 2.720290 -9.059413 8.215437 4.136858 -3.397607 5.575639 5.622959 8.069484 -5.861664 0.852085 -1.279933 5.011280 0.192367 1.743486 -3.462778 8.402573 -9.445788 -9.873554 -1.383507 4.386106 -1.241838 -3.231275 -1.284861 -1.452380 1.764929 2.668001 -8.389728 2.436692 3.400997 -2.199265 9.972829 9.296061 7.840130 -4.443620 9.264122 -1.934270 -9.924911 7.401031 -3.762597 -0.298736 9.311951 -3.281816 -1.372639 -0.409767 -1.098973 -8.125438 9.027504 -0.305115 -2.283014 8.121946 -4.304056 -7.273317 -1.364353 2.454532 4.615605 8.051930 -7.604274 -5.166538 0.860709 9.856062 7.906258 -4.409382 1.121454 -9.656080 8.376939 1.655535 1.535832 3.847909 -1.707199 9.666614 4.636689 -7.793356 3.710772 7.527693 -9.577589 8.427791 -9.070974 -5.340835 -8.183104 -4.775102 -3.776537 -7.316083 -5.180738 -9.511070 -5.447635 6.138717 -5.721680 -6.422326 -9.707100 -7.990869 -3.187746 3.619243 3.340270 -5.507051 4.041779 -2.065255 4.849572 -9.040379 -0.211196 -6.050865 4.239116 -6.926041 -2.085445 -2.493558 7.951614 2.434715 -8.292292 5.277756 -0.853580 -8.437566 -5.908361 -7.532789 -8.146866 -9.112212 -1.211390 -2.512414 -3.131106 9.818494 -0.916119 8.367502 7.775845 -3.200309 8.551060 -8.772981 2.089926 -7.651881 -8.525920 -5.960414 3.629836 -8.580188 0.048386 -3.349299 -0.764950 9.160016 -5.607749 -9.338455 -5.558898 3.139749 -5.837563 0.543202 6.217048 -7.537413
9.526995 -8.306445 3.789810 0.289755 -8.703542 1.869081 0.617994 0.983412 -4.634973 0.376417 9.300501 2.412193 -7.163290 7.960676 3.167585 -2.338412 8.738516 7.391045 9.877879 -1.809216 1.887493 8.984639 -0.655618 5.553755 -7.659101 0.399826 -3.311019 0.394948 -1.659242 -8.483258 -3.216845 8.370690 2.302442 -1.182975 -1.757314 9.928134 0.066478 -9.007147 -6.803241 -6.983112 4.695852 1.682534 6.543289 1.659137 -1.358227 3.802549 -7.265412 -0.924953 2.337821 2.694754 -4.962630 7.415548 -8.967612 -7.422643 5.847258 -8.668316 6.787505 -7.485018 6.840071 6.507530 -0.429522 -9.902614 8.845849 -2.302122 -8.033387 1.126155 0.316398 -9.444639 -2.756942 5.853704 -4.496388 3.973389 -3.446568 -0.346751 -4.700642 -8.916170 -6.328221 -3.920617 1.491568 2.053568 -1.199604 -5.865768 -1.866418 -4.415271 -2.956039 -6.392259 5.835109 -7.300567 2.669365 8.172337 -5.041289 -6.642014 -2.808063 9.487969 -7.808438 -3.166930 -7.935763 2.919189 -7.284053 -1.265617 -1.025751 5.390679 -8.216339 0.505390 -0.905937 2.163386 -4.852641 9.150680 9.182725 -1.043321 -6.152830 3.584296 3.823253 9.416997 4.391831 1.224341 9.179507 0.939802 -3.757601 -6.161775 -5.201103 6.082513 4.308936 1.303680 -8.101505 1.979948 -9.849886 9.169615 2.016893 8.410523 7.871654 -5.903022 2.587836 -7.976396 4.504957 0.872996 -4.434663 -8.689277 3.478418 2.625712 7.126552 -4.087178 -0.066632 8.768134 -1.725458 -8.016691 -7.893780 -4.967597 9.504592 0.884165 2.639895 0.657387 6.181156 5.972661 -2.298164 3.708173 6.190330 5.794770 -1.951825 -6.529950 0.804145 0.885060 8.577426 6.522395 6.375351 -5.859823 -2.943392 -4.321898 3.495589 -1.321416 7.094360 -0.881846 0.000854 -5.899360 1.421541 1.811909 9.228776 5.191646 -4.236830 0.960066 0.879856 2.641033 1.834767 -7.431892 -8.712672 3.747596 -4.970960 -8.588579 3.441145 -4.579145 -6.917839 2.281568 7.171836 8.763749 -3.066238 -6.645457 8.231014 -9.483769 -6.295512 -2.986982
4.686270 -4.523613 4.061846 -2.918913 -8.141352 -7.820506 7.004615 -1.720433 2.444396 -2.729019 -1.212440 3.948578 -8.815583 6.421962 -8.185364 -6.130975 -4.302140 6.641573 1.814014 3.235332 7.352124 9.351894 -3.639824 6.944610 -4.513611 -7.875595 9.667757 5.674306 4.723707 -3.593690 3.903104 9.651479 6.958293 6.438602 9.841816 -2.859265 9.469837 8.856431 -2.878290 -9.635625 1.646897 4.340763 -1.721543 6.817539 5.800108 6.354836 -6.881563 -1.960116 -2.208158 -7.269265 3.870023 3.799692 -4.897485 -2.835655 -6.577477 -1.616527 -7.295206 4.503812 -0.034797 5.419607 -4.029359 -2.353286 -8.811873 6.166887 -6.216687 -3.414587 1.950424 -4.345213 -6.150496 -7.060191 3.759836 -8.415126 3.409642 -7.186819 -4.890634 -9.437157 -2.712150 -5.318763 -3.579091 9.625610 -3.561807 6.413868 -9.665880 -8.069335 9.835666 -6.555887 7.056374 6.032880 5.290009 9.883117 9.472318 -7.899056 -4.884266 9.335229 -5.809653 -3.141025 0.528057 -9.467194 0.068151 -6.704589 -6.149347 7.499092 7.653580 -6.449071 3.996533 -3.005688 -8.517520 6.007109 4.118641 4.982357 6.421393 -8.927307 -3.398113 -8.575762 -8.496319 -3.135409 7.049937 7.022113 0.893572 -1.250519 -0.901340 6.143126 7.274631 -5.066591 2.614098 8.827284 0.041103 5.047472 -1.708525 9.204972 2.966732 5.237827 3.571807 9.472670 -0.676425 -9.547768 9.838253 3.725283 -5.364988 -2.073228 -7.819969 2.606581 -6.212201 -4.969600 9.205126 -0.192508 0.063273 -4.145599 -1.930088 4.644323 8.180931 -7.673771 -4.294635 0.468553 5.738199 3.322726 3.365857 -1.527184 0.731186 -9.855729 -9.365451 -2.068599 6.388138 -8.332865 -6.010350 6.830052 -7.925559 2.916688 3.723810 8.554607 -9.496285 -8.362872 7.892788 -3.539091 -0.786732 -1.006456 -4.570558 -9.525112 4.092019 -8.149682 -8.230397 6.230371 0.257928 -0.595443 -6.028391 -0.522295 6.303351 1.467947 -7.965846 -5.179655 -8.281354 -9.884443 2.809040 9.003759 -6.357153 -8.918359 4.422664 -7.910012 -0.472219 9.476937
4.742163 -9.901391 -7.439264 2.963295 -2.543476 0.333183 -1.645913 -8.247318 1.439274 0.203703 0.601577 -9.750427 -9.232756 -4.075237 1.378019 -7.223086 -3.507660 2.813736 -1.945939 1.542819 4.432409 3.638939 -4.007745 9.067439 -0.583590 -8.593987 4.534047 0.780183 4.351229 -8.251862 -5.195198 0.190243 -7.846617 -6.901037 -5.600029 7.510154 -0.716651 3.272959 -2.572809 4.694032 -8.159801 0.521182 -9.256213 8.266133 -5.401158 -3.230849 4.543137 3.369501 -9.097519 5.549394 6.790953 9.699146 -5.144564 -5.914256 -2.539273 5.737822 2.596200 6.050321 9.614366 -7.981332 -2.938208 5.598437 3.308900 -5.048640 4.229733 2.416589 -9.437582 8.495620 3.421795 -2.483759 9.731490 -0.555527 2.557079 -7.944249 -8.802453 7.183526 -8.232346 -3.384418 2.560490 -2.518132 7.279271 2.128583 -4.631841 -5.246794 0.953574 5.986996 -6.287905 -2.328320 3.458624 -6.145686 8.490336 -2.996798 -3.329393 -3.897841 -7.516215 -8.258278 -9.923752 5.531435 -2.998705 1.251181 -3.895213 -3.053695 -3.274791 -0.326403 6.358548 -7.936382 -5.664383 2.398048 2.779313 6.953780 3.073521 -3.336243 -5.524634 -1.304696 2.588752 3.946220 7.510709 -6.034222 -5.457481 3.756766 -5.283652 -0.288317 -3.435849 7.587463 -3.501917 6.643106 1.234025 -6.010049 4.689743 -7.302131 -0.124194 -9.451154 -9.345988 -4.754068 9.344872 6.237630 -8.220677 -0.812384 -6.094443 -3.347465 -8.182174 -7.145216 -1.513224 0.156877 0.408524 -8.943921 -2.028582 6.067962 2.718715 8.014144 -5.346329 -8.764357 4.912592 -5.814490 3.717563 -8.720902 -9.764134 -5.582651 -9.708795 -7.177166 6.152621 0.045890 0.920654 7.114522 -0.153964 -9.806570 9.224323 2.649356 -0.215824 7.819543 -8.621307 3.206061 5.381689 -3.846686 -0.577427 6.287803 -1.937553 -2.444094 4.145714 -2.274351 8.580975 9.378471 -0.518892 8.785062 9.002769 7.664800 -8.460706 8.821049 -2.913360 7.965885 -7.406792 -8.041300 -0.619140 4.364385 0.647794 -5.004739 6.882822 -9.853548 -6.859643 9.711557
7.029897 -6.335707 -1.897116 -3.870718 5.542377 -3.386050 2.553557 7.427700 -1.502686 9.718622 -8.034024 6.907191 -3.652336 9.166739 -1.431541 5.640947 8.513357 7.695816 -2.107097 -0.819292 -5.888794 -1.086616 4.891404 -3.694275 -1.854716 3.225254 -3.072826 3.524737 3.365036 -8.773946 -8.374910 -5.897031 8.525276 -1.147596 6.613115 9.129551 8.149910 7.466293 -5.728361 -4.206887 -5.024206 5.990790 0.243284 2.876456 1.675181 -8.898648 4.544043 -7.135982 4.499987 7.369778 -9.922157 0.905971 5.745560 8.587260 -0.289087 9.362308 -8.174461 1.902103 -5.666816 -6.798545 -6.410024 -4.157861 5.074595 -5.934231 9.198262 1.478364 -3.955702 -0.282316 -3.313156 -1.566843 0.845532 -2.067787 -9.875734 1.905053 7.266365 3.588827 8.165909 -0.511641 -8.605838 -6.733669 -2.646269 -4.734300 -3.832096 2.812740 -6.015071 -2.307242 -9.760568 -3.765771 -0.469967 -3.967333 2.026069 3.132069 1.636954 -1.069129 0.716839 7.918655 -8.493032 5.100865 -3.903694 -6.836318 8.920697 3.569722 0.441033 1.694525 -2.848665 1.774652 2.112566 -0.478239 3.121296 5.695355 5.220574 0.398513 -3.791781 -2.568898 3.172358 4.687822 1.397778 7.004379 1.986860 8.810966 7.276618 1.622110 7.044240 5.472721 6.111872 0.432449 4.742756 4.998954 5.918543 -7.563839 0.900085 -9.837605 8.670498 -9.558184 -0.388925 0.081864 7.621937 7.626971 -3.926860 -7.533876 -7.084049 -4.289630 9.316233 3.275931 8.522847 -8.861685 -8.645724 -3.278662 -9.225597 -8.514080 -5.058787 7.489543 8.094411 6.702886 -6.206245 -3.736257 0.768867 -1.720606 2.963635 -9.350476 -6.684150 1.351493 9.354712 -2.224658 1.823976 -6.585213 -9.049202 -2.247495 5.179318 0.532364 5.569396 3.432859 -1.221975 9.363884 -7.741283 6.729431 0.134414 4.436221 6.675685 6.384288 -1.432942 -8.034712 -9.761441 -7.560661 8.113144 -4.044642 -5.048846 -4.739389 -8.349135 2.518792 8.579127 9.037813 -3.218265 -7.162531 2.544618 5.711601 4.801154 3.249243 -4.425993 0.232946
-4.993128 6.837309 3.073109 8.520406 -0.111245 7.919747 7.963892 -1.801604 7.075526 -6.279847 -0.979723 9.959564 7.829385 -9.607134 4.872987 -3.736756 7.126706 1.133875 -1.824853 7.318599 -5.899225 0.131238 -4.261187 -4.032684 8.652606 9.874270 8.478339 -8.317905 8.556973 9.476245 -0.908683 7.425827 -9.133697 4.159525 7.701489 0.377756 -9.946132 8.256297 -9.382904 -9.297498 6.908656 -9.651885 -8.784253 3.133634 -4.632776 7.824565 -8.543997 3.062310 -7.613540 5.025006 5.977252 6.409975 8.744610 -1.868342 1.982862 2.578723 -8.239487 -5.958946 -7.390323 6.636026 4.643281 8.472374 -7.494080 7.048305 4.012124 4.322821 4.962801 -5.275032 9.716934 0.168673 0.965760 -2.698582 -8.825339 -5.844794 1.775226 5.444172 4.615255 -0.169942 -5.676823 2.969755 -4.604785 -4.677095 8.598189 -0.026089 5.408912 1.814150 4.043841 0.045169 -4.176245 5.543741 -4.162422 -6.259949 5.054586 0.665973 2.514735 7.213021 -6.097707 9.938345 3.848859 5.398024 -0.600257 -3.281550 0.877413 -3.732513 -3.908122 -0.092895 -4.038888 -9.113127 -2.119732 8.628183 0.816415 -4.261234 -6.683945 -8.877976 -7.926856 0.238103 -5.211953 2.883895 3.426129 -0.288844 -2.414236 9.621562 -0.690794 -0.164125 -4.132571 5.659187 5.337002 8.895872 -9.920342 -1.903945 9.188311 0.971981 0.507931 5.360503 6.182322 -1.241565 -5.584147 7.860955 9.689321 -9.122766 3.152860 -4.057354 3.140116 3.634628 0.211061 -7.452830 5.566017 -0.916582 3.263108 0.591429 9.170831 3.796999 0.613164 8.635428 -7.541765 -6.052922 -3.729004 -8.860149 1.986006 7.782215 -2.965248 8.908825 2.880180 3.727766 -0.882148 1.936789 -9.518889 -1.632475 0.756094 0.361243 0.164627 -6.530500 2.519308 2.333541 -8.209686 -0.840059 3.800269 -6.447456 1.134586 -2.589134 1.872239 -4.666727 -1.158303 -1.416285 8.034940 5.598999 2.196885 -5.073581 -4.238960 5.058502 0.341587 -6.270696 -2.878060 9.799432 -5.542823 -7.219575 1.395397 -5.593065 2.425869 -5.613374
-7.385364 -7.320289 4.793452 -2.720510 1.424705 -7.889674 8.237651 9.819470 -1.614552 1.238763 -7.580881 7.907064 -8.138018 -4.318611 8.024051 -3.814246 -2.341828 -6.296580 6.769342 1.832897 2.114023 -6.758076 -3.647113 -3.857097 6.487746 -0.169861 -4.745260 8.244344 7.330945 -5.315494 -5.504587 -1.819548 6.036346 2.405039 -0.410559 8.936465 -5.088995 -7.326998 -0.860500 8.647018 8.864329 5.873835 4.625231 9.495273 0.711051 -5.278776 -2.667926 -4.479717 1.574495 -9.305354 6.450550 3.746285 8.824344 -9.948145 4.676377 5.506570 -8.959325 -9.213542 7.124621 -7.326324 2.241378 2.585829 -7.523893 1.482025 5.038312 8.770734 -9.746401 2.410822 -4.561404 -7.036592 -0.203274 9.942689 9.636314 6.176863 -1.940479 2.549303 -3.812086 -5.253541 -9.831932 -6.013813 -5.975747 -7.775016 -2.206687 -7.541555 -4.216511 8.598159 2.196680 -6.331994 4.842831 -6.915477 2.974229 -5.150011 -0.976198 3.220996 -1.479594 9.045863 -1.594993 2.560529 6.446170 -2.595556 -2.787356 4.140882 5.314945 9.888679 1.563862 2.827623 -8.873689 9.969112 4.368254 1.148898 -9.946323 -6.042532 -4.356002 -8.893517 -5.666364 4.136549 -5.486689 -2.629558 3.229906 -5.937787 -4.640990 -9.178126 -7.436608 -5.390084 -1.352480 -3.218452 -1.264082 -2.309837 7.099649 -8.637694 -3.490167 9.031277 6.244401 -6.543322 -4.540270 2.744247 1.374813 4.629082 0.801089 -4.740899 6.925283 -2.794743 -8.380107 3.202027 -1.581249 7.785773 7.914081 2.413874 8.213388 -9.053467 8.118551 0.366836 0.850679 0.907859 -4.805676 -7.450168 5.609815 -3.170109 0.102070 -0.866300 2.309925 -0.053187 -2.792684 8.362064 -1.902988 -0.632602 -0.577664 -6.919088 -4.393418 2.656074 5.112805 -8.959170 -6.249042 -8.199959 2.428314 9.907511 -5.770948 -9.651115 -1.266818 1.463337 -3.219677 5.402533 9.234876 -6.748753 1.014317 -3.254025 -0.657952 -9.938759 -6.810710 5.952926 -5.872340 -9.165005 -3.598990 -0.943933 0.409083 -6.995593 3.362117 8.676773 -7.585853 8.250128
6.156856 -0.772945 -5.351778 -3.398555 4.456952 5.698919 -0.327647 4.478805 9.355061 -7.699639 2.061407 -5.744118 8.567330 -0.427484 2.564396 -8.194171 -7.059145 5.737295 -0.191296 -8.614256 -4.946282 4.794599 3.299914 -4.399138 3.750538 7.814539 -6.695227 9.019414 8.278016 0.869869 -6.317009 3.494659 -9.694368 3.405585 -7.892503 -0.071661 9.584212 -5.742890 2.817555 6.368489 2.799250 4.653847 3.879089 5.444975 -8.696338 -7.984958 7.295066 6.624729 -8.815201 -4.107249 -9.355713 -9.109406 6.808692 9.792591 0.787345 6.884807 -0.096579 4.090291 7.683477 3.696671 -7.103471 1.010377 -4.056210 -0.506728 6.163324 -5.611015 2.192609 -6.792214 -3.982634 0.524708 5.966456 -0.006676 7.975966 -5.429722 3.192836 7.459737 8.267358 -7.468339 -2.101222 -9.932074 7.649063 -8.458456 0.985050 -2.985629 5.767479 -7.099117 -3.901312 6.147226 5.764159 6.012025 0.432955 -0.535839 9.650291 -7.416045 -3.691974 -8.626587 -5.926444 -0.703920 6.262545 7.632091 2.061488 7.497199 -4.385090 -4.820576 6.175753 4.072409 -7.978349 -5.822438 2.645880 0.596602 -2.457730 7.450397 -5.478321 2.165717 -9.505813 8.080604 -5.905095 -3.971176 -1.928460 2.359870 4.755752 0.271624 -8.004332 5.625452 3.342620 3.117304 -2.024522 -2.095720 2.913780 -2.030640 -8.379931 -9.447032 -5.126534 4.526054 6.436893 -6.603898 -7.115169 3.400049 3.334796 2.106828 -1.528691 7.285429 4.800342 -8.806851 5.452500 -4.132670 -0.734393 8.896339 3.730514 3.863389 1.281222 2.029871 1.940722 3.540157 -3.133330 -8.621504 -4.428571 6.142464 9.246725 9.085029 0.852478 -0.000255 9.034940 0.421548 -6.277002 2.815360 7.349168 7.398061 8.349399 -7.152514 -3.179980 -9.970878 -6.546540 8.498863 2.120892 8.867968 3.366900 9.877247 -7.288533 2.508646 -8.666447 -8.495700 9.307860 -0.301170 -9.086814 -7.594910 -2.506986 -4.852387 0.629343 3.818206 -2.748826 5.711830 2.523031 8.761218 0.240050 0.715147 0.118257 2.474176 1.770571 7.226439
-3.137369 4.566023 5.859366 3.323608 8.022527 8.122011 8.207423 4.322111 -0.599423 6.673942 -9.802749 -8.337036 -9.201277 7.853745 8.983332 0.393378 -6.747342 -6.160939 -1.311757 -0.024719 -9.091195 3.813637 -9.961059 7.896589 1.828951 -9.526955 2.714829 8.286852 0.060201 9.658708 0.806353 -7.594333 -4.961369 9.381190 -5.976863 5.527634 -6.320689 4.451654 -8.912838 2.061951 -2.071323 -8.901173 -9.207099 8.036939 8.341945 9.882888 -5.116370 -1.425865 -8.244680 0.025514 9.787672 5.048704 8.804475 3.612717 6.986744 7.939854 -1.732119 -2.128376 9.056015 7.216324 -1.885744 -8.657511 1.950452 6.531704 4.474713 8.273744 -8.294169 6.540173 -8.902061 6.367295 -2.640438 8.455509 -4.983651 -8.664446 -3.190148 -9.490874 1.857300 3.130879 -9.203728 4.045206 -6.714059 -5.635205 -5.824161 3.790858 3.349542 1.557511 -6.283935 1.272749 5.081817 5.133636 9.823260 -0.558892 -4.236009 4.037271 -8.662791 -7.663728 -4.664678 7.500905 -3.787384 -3.080256 3.293633 -6.298225 4.502647 -2.630305 -0.118287 -6.322389 6.778065 -5.020923 5.134216 5.322008 -0.784560 -3.149667 4.140717 7.280774 4.418996 -0.133759 6.721396 4.088659 5.078014 7.368714 -0.993363 -8.346321 -2.414412 4.789353 -1.490788 -4.096025 -2.603159 8.392632 -5.754694 9.758470 -0.787673 -5.500553 9.315986 -7.238978 2.387240 1.759376 -5.452357 6.838985 6.352383 -1.977948 -6.241351 4.647457 -6.264920 -8.683025 7.145137 7.143623 -8.370370 2.222655 4.544925 6.117417 8.208720 3.577366 -0.477019 -7.678883 -2.138498 9.527467 -6.732727 5.233402 -5.188723 -1.582898 7.641105 -6.223104 -5.048861 0.116702 3.535608 9.086692 5.165873 -8.732093 9.907476 1.475042 -6.188647 -8.265754 2.991506 9.733227 7.905126 -9.731360 -8.946114 -6.328917 6.513305 -8.067679 0.130595 0.062678 -8.876595 9.287057 -4.916908 -4.927750 4.457659 4.145192 -0.020614 6.338901 0.970985 -3.794788 8.212860 -9.469624 -5.337164 6.451139 -1.953877 -6.969707 -5.401710 -8.173998
-6.021406 -5.183738 -7.754885 -2.437756 9.166962 -4.161543 -8.688313 -7.963260 6.830328 4.327484 -2.992103 8.997457 0.465053 -3.092621 5.655623 -4.002827 0.682221 2.385443 -3.244167 5.245178 3.451904 -0.212125 6.341137 -6.589556 -5.608019 -8.447895 9.337336 6.018028 9.170378 4.275809 5.955439 -4.114043 -5.536023 -1.926538 6.722799 -5.826563 8.579738 9.590817 4.587130 -4.925515 -6.905562 0.250690 -0.264468 -6.746409 -2.464665 3.570670 -7.919744 -4.218068 -8.463320 8.110542 -4.438647 8.325829 -7.925868 -2.194764 5.156007 -6.959273 6.915535 -7.178256 -0.071658 -0.859068 8.855332 -7.953779 2.956170 6.192187 -4.568544 -4.339051 -9.023984 -9.611705 -8.135515 -4.254041 7.482630 2.595184 8.951947 -2.052308 -0.358786 4.880070 1.241900 5.147889 5.250454 -0.477707 9.291673 -0.485552 -5.093163 -4.479640 -7.740570 9.461755 4.696728 8.184392 -7.091618 7.736596 9.377111 2.574079 1.857350 -9.560465 -2.007316 -0.984533 7.010119 7.172531 5.341712 1.716263 2.048709 9.872743 9.013162 -3.360796 5.277398 -5.899146 7.165337 6.695693 1.889713 -6.861895 0.900714 9.091161 -5.622682 -0.665319 7.295417 9.117314 1.468904 -1.355261 -1.027297 6.300786 -5.320538 6.569758 0.378925 5.630012 9.118679 -0.621736 6.607662 7.120822 -2.089356 6.796771 -4.077256 1.472082 9.083506 6.575987 -1.735802 -1.914095 -5.320141 7.572337 7.402384 9.962627 6.101441 0.211205 -8.773736 8.752637 -6.074733 8.869096 3.262398 -4.028813 4.663410 -6.260145 9.549799 -0.075638 1.759039 -5.890147 -1.680700 7.044626 -8.277113 1.614625 8.480370 0.240975 8.967290 3.281339 -9.907839 7.067488 1.235474 0.029564 -7.325541 3.388072 -6.886554 -7.086972 2.868477 2.092084 8.689739 0.414806 -0.681732 9.295342 -9.058809 5.247330 8.719515 1.609380 -7.086240 3.976867 7.002951 4.151094 7.709628 1.309452 -6.607807 -9.107210 -7.815402 -1.873885 -1.761263 -3.855015 3.653416 -6.927105 -6.521800 -9.476551 -4.291145 4.510543 -0.985361 4.897201
4.676915 9.012981 -6.983628 7.222404 7.650171 -0.472784 3.834928 1.663835 0.137528 -0.139551 9.022214 4.615667 6.342217 5.865782 -3.218451 -1.388362 6.947463 7.209993 0.807790 7.092778 -0.695879 -9.994102 -4.083665 9.157422 6.560461 -6.288533 -0.251444 7.062083 1.313485 8.844594 -2.895595 -1.132346 3.859534 4.851280 0.859495 0.289394 3.665720 -6.795661 -4.910844 -9.521118 6.194332 -8.097174 1.689227 -6.157715 9.754762 -5.771175 8.368538 8.115641 7.485480 2.822093 -5.818513 0.725667 4.321855 -0.921797 -9.269661 2.439478 -8.037170 -0.382580 2.237223 -3.307365 -0.632408 -8.673830 -1.790591 1.737819 5.267899 -8.103422 -5.665125 1.154869 9.494184 -2.570296 3.896131 3.421160 1.380414 1.137054 7.090111 5.229010 -5.787080 6.150560 6.807192 5.966590 -2.642061 -9.509776 -7.915711 -8.751017 7.731175 -6.381264 5.397039 -7.151503 6.717693 8.692136 9.978415 1.752184 4.223164 -8.462502 7.087525 8.688817 2.185393 4.910305 8.361191 7.610549 -5.139671 8.930447 0.158230 9.790401 3.463394 4.332378 -8.864497 -1.791336 -6.943038 -8.226167 0.760553 0.919569 5.462822 2.117393 3.897038 -6.920399 -0.766238 -0.239703 1.345975 -9.100386 1.694918 3.688907 -6.676252 -5.509450 1.518863 6.914694 3.342353 1.189352 -9.710414 -8.034348 -8.968339 8.111637 -3.372494 -4.090505 6.687232 3.595439 -4.286388 -2.936931 -8.530365 9.402278 8.992346 -9.509551 8.825450 2.586735 -5.044292 5.545008 5.644201 -4.105468 4.280546 -7.700159 -2.256657 8.530871 5.935272 -6.154363 0.445999 0.832890 9.655791 -1.704263 -1.732547 9.991865 4.990286 5.215216 6.804554 -3.076397 0.722326 -1.438100 2.593519 -1.140163 1.278919 1.503513 -0.487290 9.790107 -5.347715 9.088571 8.470999 7.351697 -3.756312 9.452265 -9.788931 9.037869 5.583007 -9.476692 2.427061 -1.082675 -6.677588 -3.493432 4.717531 3.893955 -9.683634 -5.876669 0.520662 -4.032710 -1.182136 6.908086 -8.740035 3.219689 -9.514558 0.193257 -0.518172 -8.557789
-9.834296 -3.144791 9.074449 -3.742857 -4.726104 5.851254 2.214225 9.801765 -6.990535 -9.264253 0.226334 -6.310707 6.482405 -2.876164 1.844241 4.516467 0.953284 -1.061980 9.463916 6.736055 -3.051886 -3.046223 4.235983 -9.419299 5.288346 -0.815709 4.161949 -8.026619 8.959792 -9.055913 1.986156 9.455488 -6.709259 3.925642 8.698217 0.856088 1.424186 2.264346 2.040488 -4.021277 1.907143 -8.305600 3.081479 6.764860 0.701026 8.669851 -9.358940 -3.136327 -5.871351 -8.637585 -7.981671 6.928135 4.891881 7.945533 -8.574804 -7.090372 0.355202 8.571427 -0.013205 7.773358 8.777670 -2.768913 -4.052030 -9.393386 1.056405 -9.026657 0.697556 7.709958 1.918669 -4.986100 -7.507074 -8.669084 -5.343102 -8.555626 -0.893631 9.216718 4.742785 0.945591 0.481053 9.141032 6.930672 -3.953087 -6.199034 -4.785633 -0.570650 -7.675693 7.543726 8.254005 1.672021 -5.375239 -7.929244 -6.283004 9.564164 -4.168040 -4.163853 7.083627 9.453053 -9.061731 2.908461 8.631846 9.230873 4.078225 -6.064815 -7.545277 0.668590 3.015018 -6.992855 9.468349 1.527486 2.766595 -0.295769 -1.906840 4.450483 -6.071599 -5.778926 3.022946 -3.977118 9.311366 8.336794 -3.745205 -5.860779 -9.451820 -2.698176 6.106087 -1.558755 -9.095501 -5.730253 0.259926 -7.731067 -7.116926 4.837840 9.047607 -1.513445 -6.043512 9.152160 -0.929780 4.522293 -3.085906 1.149626 -9.956553 4.563140 -5.362674 5.589895 0.020745 4.118905 -2.680588 -7.649249 4.238359 6.446922 -4.486706 -1.434531 2.580746 4.527112 1.622117 7.967419 -0.630483 -9.606313 -6.022593 6.415088 -1.340724 4.484246 5.146168 -7.581774 7.108066 9.872687 -2.975725 0.679998 6.494008 4.391369 2.671369 -7.065114 1.340435 2.596835 3.451977 6.616233 3.676626 -8.406400 -6.806909 0.483953 0.289897 8.083483 8.259215 0.088643 -1.305497 1.603791 -0.968817 -2.976718 4.732208 -4.671611 1.577783 -6.730201 1.035169 -3.544491 -9.734406 1.642052 1.739039 1.449526 -8.550455 3.738065 -4.943001
7.184967 -6.629476 -2.080041 -0.486942 -0.148522 -3.744234 0.270729 4.495073 7.733865 3.292113 -3.758713 -7.281606 0.100640 9.766928 4.476299 3.500956 0.519120 -3.862784 -7.396820 -7.990014 -2.591336 9.150291 -8.639227 -6.445714 4.026484 4.970427 4.468559 -9.346314 9.126667 0.236737 3.343034 -5.014431 -7.755859 -5.111869 -7.709975 5.180262 -5.545046 -7.339906 -9.103266 -7.397364 -3.214719 -7.700824 5.408866 2.566217 -6.812837 9.129067 -2.458090 1.014274 2.246903 7.562495 -8.958687 -3.877047 2.691589 -7.856412 -4.925930 -3.044163 -4.726677 -1.953874 8.337961 4.660013 6.997235 3.104723 2.533313 -6.768306 -1.662093 5.263314 3.650810 0.817074 3.688986 5.507450 4.051840 1.673512 -3.794153 0.868743 -8.699656 3.013312 4.528701 3.909151 -5.769391 9.948064 -8.994500 -0.501689 3.432825 -2.547037 -3.543023 2.693981 -0.066792 2.827400 -8.730480 -9.555569 -5.786484 -4.216477 4.686451 0.674751 2.260066 2.892142 5.005346 2.050615 -7.326365 3.718194 -8.932774 3.058263 8.771724 1.666806 8.865788 0.882628 2.776744 -5.769204 -5.631779 7.324418 0.708368 7.377687 -7.775709 -9.797961 -6.399633 -9.092928 1.310888 4.824080 -1.904775 3.676053 3.351726 0.597887 -2.758946 -4.318187 -6.693862 -7.128134 -0.652554 6.448092 -4.725394 0.950364 -8.912595 0.696497 5.149070 -2.367916 4.415679 5.122808 5.601239 8.947250 -4.452403 6.206550 8.539345 8.943357 -0.516672 -0.970316 -6.779955 4.558785 -7.175706 -8.670223 1.775063 -5.128874 -1.078984 1.478211 -3.002036 -0.492554 -9.837131 -7.066734 2.715128 8.699703 4.580864 -1.585890 4.766281 -2.540214 2.676801 -8.675061 1.411558 6.251314 -4.039104 -6.129587 2.328783 -2.376073 -1.099454 -9.380730 4.145673 2.100589 -7.984011 8.621477 -3.237543 -5.433200 5.894534 -9.764344 1.968959 -0.334980 -5.130180 -6.844847 -5.545755 7.956944 1.367794 -0.487289 -0.219896 -1.088127 -0.513045 -4.042226 3.068340 -1.135764 -9.110205 -4.806396 0.358518 8.752056 8.073723 1.629956
-0.064055 2.253431 -0.495747 4.409008 8.264892 -1.442208 7.216240 -5.403836 -9.703825 -5.526823 -2.954215 5.507911 -2.096229 7.176435 7.283276 -0.790670 7.438217 -8.565558 9.091366 7.096987 -5.025909 -7.208098 3.723264 -9.399282 9.445655 -5.046598 -1.967208 4.245720 2.291677 8.673551 -4.834687 -7.598062 6.830130 2.027539 1.389555 -5.339310 -2.713594 -9.293794 2.188638 -0.854874 -9.523817 3.064451 6.278180 -6.192766 -1.608430 9.544541 1.431395 -6.418025 -9.655017 8.565914 6.478506 -7.510426 -2.121241 -9.988982 4.961389 -1.958844 -9.195434 -4.274034 -3.308737 -6.203239 5.379398 3.072694 -6.992186 1.125148 0.916361 8.483290 0.797414 -7.165062 3.638548 7.242220 -9.259925 -1.075318 -2.419405 -7.890581 -8.404047 5.278270 6.657281 4.327733 -8.808713 -3.361027 2.231029 9.619193 7.524894 -0.829557 -4.314958 4.914470 -2.080901 -4.536271 -8.787225 -5.605398 8.812073 8.017270 -5.259910 -2.015418 9.730350 6.226746 -0.346798 9.825204 5.652038 -8.739641 -1.348021 5.421749 0.792938 -4.654753 -7.124055 3.080404 -6.913511 -3.334840 -9.926231 9.880643 5.817051 4.035153 3.907289 2.135429 -1.084820 -2.503130 1.016214 1.178884 -2.457579 -3.678992 5.442918 -7.235309 8.091427 0.000229 9.882862 0.006520 -5.940659 -3.086015 -9.570803 3.118009 -8.222140 -4.131831 -6.738197 -3.619109 5.353884 -0.258104 -9.322651 9.373095 6.303077 -6.084494 -3.946261 0.177115 -8.717201 -9.812297 -8.488675 1.818633 -5.721437 -1.473832 9.722580 -4.016513 6.699615 -9.643663 9.399718 -5.768321 -5.636382 5.730352 7.494576 -2.759144 -9.587526 4.489813 -6.373809 3.203270 -1.100521 -8.887921 -2.999915 1.987281 -0.980259 -1.787878 7.820582 -0.990495 -5.522863 -7.898105 -2.784641 0.318459 2.769967 -8.913165 -8.184688 -2.053620 -9.852085 -4.486717 -0.224558 -2.952554 5.409105 8.372852 -3.077289 4.286499 9.887821 -7.287172 6.039473 4.746588 -8.736064 7.810466 -1.740396 3.984611 -5.210713 -5.157865 -5.283809 1.275258 -9.380135 -1.688255
-6.779391 -4.067764 -8.507497 -4.163454 -3.258713 -9.209840 -6.841999 1.580215 3.801882 8.617207 -8.650845 -3.757081 8.231239 4.229793 0.093168 -9.956390 4.544912 3.073217 -3.464436 -9.218959 9.089321 -7.686317 3.981317 7.140647 -8.472509 5.059274 -5.044815 8.617249 8.677321 6.887070 -5.479882 -9.179827 1.196124 2.031030 9.592391 6.856718 -3.895351 0.143981 -8.382093 6.515597 -0.575378 -2.710731 6.575747 3.560076 8.713870 2.705789 -8.900636 7.850969 5.510905 2.959540 3.206105 -1.660490 8.635137 6.824541 1.931241 -9.951477 -6.051954 0.441232 8.830063 -8.485369 1.031937 1.555033 3.458409 -9.512090 -4.333104 -2.679267 6.722067 -8.127276 6.981467 -3.015651 -9.227164 5.374574 1.364901 3.617201 7.235436 -4.573660 6.201162 3.279654 -8.490358 9.544454 -8.167816 -4.862753 4.205873 0.568523 9.649696 2.371610 3.438633 7.385344 -1.154816 8.967010 5.856204 -2.806516 -1.613431 9.898320 6.586669 9.854263 -5.566834 -5.017397 3.288888 1.462078 8.125911 6.053139 -7.556188 -2.328445 5.877973 -9.376829 -4.435330 5.700507 4.155857 3.651977 -9.864696 8.441997 6.869578 6.956314 -1.578783 8.988818 -0.979189 -9.677126 3.823573 4.063511 8.428639 -0.207267 1.610771 -0.392612 -5.258650 8.469060 -7.716495 1.562679 9.059610 -8.116347 7.593470 5.344854 0.546333 -8.836309 -2.923179 -8.266929 -5.387507 5.744134 9.321684 4.892515 3.024904 -5.207433 2.350204 0.510844 -9.840617 5.491568 0.759431 -5.960939 0.421531 7.835290 5.711358 -6.873270 -1.186924 -9.892489 2.703035 -4.133676 0.918418 8.806909 9.883267 -4.318252 2.164172 7.459039 8.813119 -0.721355 -9.900946 -4.696598 3.624809 -1.705613 4.299934 -3.762045 -7.723054 0.370247 -7.057645 -6.405261 0.869016 -0.543329 -1.478654 -3.315167 -8.866589 -3.251494 -9.698255 2.139124 6.784533 9.666686 -9.690042 4.111777 -6.250934 3.986759 -1.412486 2.747179 4.163917 0.792916 7.026785 -3.405396 6.759071 3.079671 -4.045839 1.145423 3.163953 4.704458
4.811266 4.623353 -8.556527 0.082977 -3.097960 -6.367188 3.669231 8.197581 0.390057 -9.525450 6.732840 -2.627928 -4.922958 -9.711675 1.782470 -4.090787 7.297762 -9.626207 -6.402308 6.819852 9.956504 7.874771 4.134575 -7.707309 4.380031 -3.585777 -4.723369 -5.259316 6.908496 -8.865381 6.879149 9.474167 -3.732212 -6.855111 -3.358140 -0.550525 1.159531 7.337257 8.909485 -1.367195 -4.141159 -1.748617 -2.235875 -4.485605 -9.723345 2.409270 2.770696 -3.132963 -3.064119 -2.794347 -6.559308 4.427640 -8.812569 -2.714947 0.711635 -2.666087 4.016297 5.995571 5.287281 -3.740163 -8.529721 8.519841 0.018338 -8.064197 5.882310 -7.896142 -0.406610 7.437933 -1.400469 4.167699 9.771360 2.395387 -4.255518 2.470572 7.130961 6.667638 4.988364 -1.834618 5.023089 -1.347035 9.538151 8.584193 4.793538 5.088168 3.233787 -3.004023 8.555816 9.010342 0.805882 -9.319347 0.407847 -8.276969 0.768376 -4.038708 6.915918 -1.959419 4.642975 -4.493153 -6.863402 2.600762 6.911662 0.513916 0.825656 9.035366 -5.356465 6.768447 8.168232 1.347289 -1.098221 5.381110 7.663455 -9.594004 7.262216 -3.997305 -9.273685 -5.385261 7.157912 -0.295993 9.825401 3.562278 -3.550818 -5.133305 -0.317258 -7.467245 -0.023285 -3.874241 -4.580155 7.251951 -6.250286 0.571129 2.728140 -8.419911 6.976264 -7.023364 -4.429828 -3.053159 -3.739415 -7.135853 2.860255 0.441613 -2.310799 -4.301624 9.728522 5.070872 1.329654 -0.544920 3.660674 1.239499 -1.297871 3.415257 -1.651781 -3.048318 -1.753503 2.716577 -1.562973 -3.282575 -6.895556 -9.784266 5.653492 -9.011453 5.727779 -6.378136 0.100850 -2.787066 4.219160 -3.650023 4.789592 -9.597359 -6.058471 -9.506327 -4.560000 -6.248432 5.537081 5.107270 5.551821 -8.524998 -3.234418 -4.306648 6.465586 -2.800890 1.954778 -6.264318 -2.576513 6.263786 -1.520522 -0.238249 -1.554549 -7.018586 1.111240 1.436766 -0.871829 0.776610 3.013566 2.378622 0.684189 -6.307747 -7.499309 -5.821037 -4.184191 -5.023466
1.770724 8.832662 6.914129 3.660641 -3.386443 2.138071 -2.376586 -5.040998 -4.240323 -4.254140 -5.524917 -4.074721 -8.301740 -4.353634 -8.648610 9.281202 -0.930471 -2.970783 4.483618 -4.511686 8.380417 8.656825 6.468111 1.915887 1.736762 -4.708365 -5.386384 7.394413 -7.592652 2.110324 -3.902459 2.135579 8.509255 3.543159 -3.666617 1.141879 6.127720 -3.709339 0.794665 5.902084 -4.314469 -1.479110 8.272476 -0.246755 -4.137957 -8.299658 6.377653 -3.665164 -6.774526 7.616126 -4.718877 -0.053482 -6.817039 -5.082293 -3.122494 -1.058172 8.724810 3.961741 1.605661 -1.822116 5.888836 -9.647548 1.648028 -0.316341 7.656737 5.196611 -1.568575 -3.014976 2.197464 -6.388414 -1.186738 -1.001654 2.955124 -2.150413 -7.467397 5.806277 -4.517842 -9.821337 1.817155 -2.469414 7.960626 -1.088963 9.747686 -6.033575 4.464557 6.296337 4.307915 -3.777498 8.142278 0.418358 -9.520464 3.783136 -7.279976 6.195131 6.095376 -8.487267 -1.630315 -3.750136 -4.542259 -5.623889 5.359960 -8.301850 -1.551886 7.372268 9.761856 1.694794 -3.849057 -6.748094 -3.680896 -5.310500 8.482368 6.844298 -1.931170 -6.060908 5.068487 0.252292 -4.293214 -5.274246 8.879714 1.725070 1.837951 9.524514 3.358514 4.634464 1.000322 -1.265086 4.193418 7.327653 -9.271797 -5.733635 -1.513762 -6.201370 -3.921351 7.016343 -7.333407 1.761928 4.421935 7.204138 -2.062705 2.953477 -2.284002 -5.256589 -2.600710 8.877042 7.968565 5.983943 9.441587 7.229484 -3.204071 6.665325 0.404603 -5.680791 -4.957465 7.153286 -2.176991 -9.447064 6.958853 6.060082 8.581023 7.238052 -9.355734 8.201758 -9.607727 -4.243073 -3.267312 -9.158520 -6.799423 -8.738422 -0.196333 -5.974226 7.368119 -1.927383 9.814524 -5.660884 -8.850699 2.705348 -6.698016 -8.382157 -0.278077 -4.660488 -4.851459 -7.600304 -6.321259 -6.479210 1.382629 -9.710212 -3.913393 4.143348 -3.975766 -7.918868 4.522606 -2.753707 -2.276300 -1.882230 4.743537 -3.016862 3.519642 -4.284058 1.566555 -5.280972
-6.160553 8.185275 8.152566 1.721916 -1.672977 -5.449242 2.891969 -0.834703 4.866236 -2.408212 -1.695020 0.947874 8.362052 -6.969766 1.763923 -4.525558 7.179047 -2.303373 3.128943 8.651372 7.640221 1.561558 -3.989066 1.442541 1.984238 -3.630589 9.347344 -6.534723 9.479384 1.199872 -4.411605 -8.114904 1.792496 8.154751 7.542926 -2.916855 3.906749 -3.469948 2.234716 -4.384321 1.882248 2.953181 4.833971 3.561027 7.657149 3.946008 -3.290835 8.557269 -2.002307 -2.158793 3.929210 4.411280 -1.714388 -7.341888 -2.534375 3.433238 -3.205809 -8.764587 -9.238768 -4.855138 7.598302 8.685671 3.592584 1.595304 2.949694 6.745439 3.139913 8.318055 0.556538 2.906484 -4.973790 -1.835816 -7.403070 1.173294 4.431118 -4.114589 -5.824123 -7.472112 -4.940201 -0.302498 -4.072276 -0.296739 4.972217 -6.579568 -9.108038 -5.496253 -6.094853 -2.474997 0.150740 9.332414 -9.547867 7.440624 -9.770530 9.314497 8.419020 7.267018 4.581804 -0.479125 2.080043 1.509450 -1.860077 5.610081 9.698663 -5.266305 -3.736997 5.546366 -9.692986 0.015459 6.237291 4.977601 8.289881 -1.209040 -1.741959 4.879112 8.123310 -6.493248 -3.239141 9.102674 2.919340 2.262926 -5.836576 5.157246 -2.800816 -5.431525 2.627580 2.751073 4.980021 0.220158 -8.951817 -7.565292 6.005541 0.602284 -7.263789 7.075900 6.560675 -8.110282 5.386109 -7.967360 7.832207 -7.006013 -2.173880 -5.821354 -9.761719 -9.803356 -3.343983 4.910207 -8.150379 -2.152491 4.664969 -7.572556 -2.254420 -1.209681 3.032446 -9.188369 9.778069 -2.410460 8.814667 5.283539 9.235113 -6.420099 3.559155 0.194816 4.048936 3.352974 -0.154140 7.876079 -6.248632 -3.397673 -2.105295 -6.869929 4.376631 -2.839167 7.822040 -0.489739 -3.211591 -2.342146 3.613789 -0.978956 -2.661109 0.287328 -5.128521 -8.062687 7.230868 2.411939 9.238685 -4.903026 5.867653 8.803095 8.347099 -0.774505 -8.094394 -5.272620 9.354944 8.336117 -3.649917 -2.394638 -2.211258 -5.105412 -7.055841 -8.296447
4.782372 1.498043 -4.498857 -8.497514 -8.054857 6.368642 3.462254 -5.117700 -5.048037 4.641570 4.707543 0.480421 4.849865 6.645485 -9.404066 8.172157 -0.477551 9.720362 -4.062841 -8.253057 -1.436822 2.462504 -9.985741 9.439407 -9.498339 -6.111354 3.565445 7.261890 4.143126 2.567145 -5.900101 3.395950 4.383182 6.102809 -4.524623 -5.948788 -6.328202 3.007591 7.944561 -5.996740 -2.323525 7.855265 -1.336774 -2.359851 7.869850 -7.018092 5.236043 6.163236 0.687860 -0.904399 -2.890847 -1.499209 7.234074 -9.498833 0.379125 -2.369252 0.727516 -4.492013 1.574835 9.257764 8.904817 -5.813084 -2.400685 0.966784 -5.600453 4.680538 -0.829437 -7.931765 6.623082 6.855131 6.730557 -6.467132 1.252091 -5.341394 2.687579 3.025469 -2.471652 -3.650671 -8.436360 -1.768206 9.123382 2.415288 -0.450147 -0.445297 -7.295277 -0.334035 -1.645841 -1.377572 -8.844795 -5.358228 -0.374485 -6.055264 4.899758 -4.495822 4.852787 5.484795 8.054769 -4.516419 -9.370995 3.384427 0.816339 0.527610 -2.228755 2.541595 1.485350 2.324851 -1.306921 -8.105110 -1.594193 -3.677457 -0.296613 -6.367142 2.160439 -8.500296 0.075852 -4.242863 -0.657841 3.335702 -1.914743 4.089982 -0.311903 3.632418 -1.129995 4.448154 -7.449897 8.955317 0.718358 -4.776748 -7.572999 5.649927 1.710054 -7.237295 3.360500 2.890125 3.343698 -8.318783 -7.255686 -3.220580 0.309718 5.060669 4.482813 -4.151563 6.759712 0.797619 -3.516151 0.430330 8.973587 -4.990689 0.616295 -2.180716 -8.178737 -6.483561 -1.078162 1.269267 -6.841984 -4.207501 8.290571 -2.651045 -5.028012 8.266701 5.144740 4.382499 -6.819847 9.692873 -5.112448 -7.781012 -0.950044 6.411002 -6.694003 -8.984069 9.401809 1.410169 -5.163603 -0.368253 -2.309438 0.409742 4.119762 -4.031619 -5.120199 1.264280 -2.227794 -4.031245 2.436537 -9.253238 9.717416 -6.432903 6.712860 2.895475 -0.093504 -0.314682 -0.464648 4.821363 8.312119 4.440982 4.363599 4.762357 -6.370941 1.946982 8.480287 -7.792907
-9.723042 -7.369990 -5.973932 -2.528665 6.585782 -8.455340 9.947544 -5.386071 -0.058833 -1.760964 9.364679 5.984583 2.416558 -3.624163 -6.979685 9.834794 -1.313774 7.518335 -0.742084 -1.605555 -5.959621 5.537212 1.660379 7.072777 3.668084 7.688450 -8.007530 6.391439 9.037507 -4.836743 1.060516 -8.460691 -7.418840 9.943215 -8.871185 1.586926 3.565062 9.204848 -6.344403 8.062619 6.388165 -3.924337 -7.980888 7.291612 4.413247 1.437660 8.281934 4.211726 -1.192943 5.280810 -5.722303 -9.627273 7.929887 2.286079 1.582479 -2.326275 -2.646512 -9.473625 -2.254317 2.647053 -7.226299 -8.497818 1.996537 6.269773 -5.306709 0.061172 1.664661 -4.076109 -0.608925 5.145516 -2.842624 -4.595147 -8.341171 -2.342188 -6.760041 -6.338378 2.084147 -8.329386 -4.346997 9.621619 -5.873933 -0.165896 0.850758 -8.565294 -6.546558 7.861778 -2.939918 -9.402975 5.771813 1.473258 4.499525 2.458618 -3.976941 -8.176418 4.892641 5.898619 8.899938 3.468500 -9.540978 1.645198 6.601296 6.459575 -4.775253 6.958854 -0.405642 -7.507205 -4.433671 -5.487275 0.045639 7.632379 9.765812 3.456203 -1.216959 3.743235 -7.528591 8.071194 -8.835095 4.368829 0.968562 0.675200 -4.443606 -6.938913 7.194214 -7.937055 -9.408642 -5.568263 9.518896 8.429752 8.368874 -6.510677 -6.027899 9.559911 -9.230393 -3.308882 8.203373 -9.700509 -4.140061 -2.399972 -6.235163 1.824922 1.436032 6.507448 9.258022 2.354419 7.651387 -2.489754 -1.911113 1.578187 -1.451599 1.316660 -8.758736 -9.957972 -8.691500 -0.015665 2.185812 0.835733 8.562372 -2.035028 7.236530 -2.097415 -4.632708 5.198374 -4.853751 -6.503628 -1.955312 -3.734473 -0.703534 -5.570388 3.169252 7.916404 5.099823 9.072123 9.989756 -8.282185 3.512177 8.550702 -1.688827 -7.190967 -0.231134 4.457107 0.155946 0.480900 -5.638215 8.969122 5.705199 -4.179181 1.022421 -2.858706 4.382115 2.909454 3.697400 -6.789940 -7.284463 3.924146 -9.414939 5.419221 0.681649 -6.498119 -4.853555 8.985657
9.038226 -1.498471 -8.604227 -0.346702 -9.041377 6.737144 1.628935 -8.477543 7.646316 8.445728 -9.800231 -9.447054 -0.638586 -0.466419 0.265915 -0.492469 1.854836 4.222543 -9.340186 -1.417914 -5.177039 1.795339 2.472167 -5.455032 3.831468 -4.986491 9.524324 -2.044148 -6.117515 9.612804 -3.926167 4.903625 -9.137913 5.667998 6.944651 7.189248 -9.961945 9.543821 -4.291752 -3.730879 -7.359352 -4.649572 6.273975 -1.526001 3.091035 6.377802 -7.563008 -2.238332 -1.420748 -5.093828 5.207841 4.158734 -6.022249 4.513122 0.137304 4.251221 -4.579928 0.357129 3.440381 7.249896 3.139282 3.059751 5.657815 -5.338390 6.179360 -0.323997 -0.218041 -8.798459 -5.729083 -9.008069 7.653022 -1.075871 7.074569 3.078587 1.895676 -0.672845 -8.090414 -6.291675 -7.703985 3.221868 -2.434178 -0.509474 -6.146703 -2.347268 -3.687202 -7.595422 2.699212 -9.954622 -5.603987 -9.607129 7.782279 9.182935 7.858757 -8.492576 0.181831 -5.900545 -3.798500 -2.237267 6.930298 -3.618285 9.897374 -2.402086 1.182382 3.255978 -4.194363 0.533176 0.003897 8.124646 -9.429473 -6.118797 -4.151428 -0.390996 -7.751310 4.153429 -8.483166 -7.026059 2.173049 3.315238 3.495593 -6.734492 -2.398733 7.475012 9.571075 2.024675 -1.015703 1.888130 1.194956 -0.328370 0.632839 -6.464874 -0.712570 9.858001 8.140252 3.159732 -2.077015 -5.905224 6.699893 1.952241 9.267040 -6.749285 0.557673 -9.743092 3.550469 -2.874351 4.676743 -2.080869 5.187489 -2.273508 8.264930 -6.844575 -6.657617 -4.719640 -1.544520 -4.811679 -1.647762 -5.957083 -1.046967 0.455449 -9.987613 3.240479 1.399063 1.829809 -4.152844 1.252771 6.288943 0.035253 5.220870 8.384330 6.688518 -1.111393 -8.368459 -7.582252 5.354746 7.140480 -5.236333 -8.319080 8.245855 8.000211 -4.555318 0.483364 -8.785813 6.153202 9.257201 -2.210180 -3.980828 -3.415385 -2.042094 8.977433 -9.374243 5.294431 -6.947095 -4.745383 -9.349886 0.218921 2.871164 1.580465 2.998113 1.730667 4.094952 1.274439
7.263746 3.413132 7.502671 8.667072 2.870572 -1.134386 -0.706740 8.511659 -5.461237 -6.394364 4.341964 8.613114 -5.838558 9.449165 -5.488513 4.051234 -0.894201 4.745875 -0.043952 3.558411 7.911769 6.436325 4.169386 -9.652430 -2.372477 -3.294499 -4.161648 -9.388978 2.252301 3.257775 3.106716 -8.907437 4.086619 -2.330190 -5.562114 -3.928972 -8.919791 9.431615 -9.909555 5.267438 -9.585771 8.286484 1.552935 -6.054622 2.310104 8.277312 -1.035839 2.056170 -5.866464 -3.288583 4.572122 -1.617713 2.208926 -3.250009 -1.487016 -6.670369 5.703384 -8.050904 5.738515 -6.941948 5.954647 5.041069 6.790650 -7.206685 -0.245332 -7.328570 0.108263 0.841248 -0.906063 4.480066 -5.394308 5.574826 4.806066 1.891922 0.926673 -2.835895 0.368239 -9.472210 -3.511811 -4.685321 -8.715656 7.467872 9.437272 -2.642140 4.389672 -0.965857 7.481553 3.287355 7.219900 -3.495574 -1.403376 6.772056 4.499536 -5.365025 5.492140 -9.410828 8.003284 4.471085 -2.312095 5.586887 6.207629 -9.805213 -7.317032 6.617419 -4.318549 9.055588 -9.972183 5.254493 -8.486369 2.253384 -1.329166 -4.279236 5.917626 -6.813557 -6.655199 5.451230 6.456440 6.289078 -0.975058 -4.076965 8.077725 8.873380 1.079317 -6.474179 -5.397992 4.864580 3.953073 4.282494 8.791928 -4.082857 3.963053 -4.335963 -5.242749 -5.475933 4.654090 -9.676630 -5.954673 -8.649702 3.117408 -7.107431 -0.253509 0.242872 0.141185 -3.369763 0.652159 1.124218 -3.900272 2.138804 -1.111720 4.139774 7.112889 1.996837 1.233353 7.327437 6.752830 2.308843 3.332399 -8.673040 6.649767 -5.666076 -9.202615 -7.222547 4.556670 -6.784126 8.388555 0.330416 -3.022436 -3.151608 6.523960 -4.544480 2.796942 -7.417832 6.950562 2.639288 0.706015 2.465823 6.107884 -5.747198 6.863991 -7.684401 6.200918 0.936173 -7.342739 4.150307 8.100301 6.297177 -1.783252 -8.509241 3.946120 2.353879 -7.048700 -8.513295 -6.753495 -6.014642 -9.420315 -9.596654 6.935767 -9.935396 -6.574399 2.179520
-5.037293 -4.768574 -1.859293 8.543600 -5.012004 -4.542404 -5.888613 6.962544 6.868490 3.188408 -6.206126 -8.162562 4.188305 -5.107460 -9.136957 9.735361 5.534534 -3.000949 3.323573 -8.073841 4.858744 9.593025 8.951893 7.407774 -0.854376 0.200476 -1.600214 8.408087 -2.242300 -9.040859 -4.484599 1.160161 1.123004 -3.540348 -8.118982 4.381877 4.808993 8.087336 -8.798637 8.176436 -1.877085 7.516587 0.727982 7.986267 -3.355890 7.336924 5.745229 5.367116 -1.669526 -2.919774 -5.859929 -9.332565 -9.902968 -5.109000 -0.474037 -5.058577 1.953808 4.144941 -8.130786 6.589711 -4.204291 -3.454749 -6.203638 -2.144896 -9.182492 2.561764 8.453242 -7.122168 5.149862 6.885432 0.415614 -3.691902 8.297202 9.657795 -0.790317 -5.028937 8.524258 2.651953 -8.832156 8.637115 2.323457 5.407778 7.810855 -7.666367 2.687126 5.751109 0.597164 -0.487146 -8.424088 -4.898201 5.238729 4.408605 -7.074960 -3.405923 -6.164777 -4.057031 -1.792324 5.545730 -4.771208 -1.590893 -4.940769 -3.413991 -6.924565 -4.938102 -9.805480 3.541832 1.968015 4.986030 1.046050 -1.095820 4.681721 5.771350 -5.294981 6.073320 5.072895 3.295263 -2.569780 -7.056151 7.106411 -6.510648 8.023899 5.030505 0.217466 4.285802 8.108716 -8.969443 7.551040 -7.876743 -4.591351 8.764812 7.194495 -2.018552 -6.153242 -4.151421 -3.323363 1.818756 1.382153 4.977229 -0.882223 -9.469427 -8.259824 -3.531250 0.314901 6.495118 -8.586943 2.486645 0.139043 -3.309535 9.131672 -9.071438 3.484029 6.361065 -2.562452 -8.020415 -9.018260 8.728059 -5.975705 -0.225541 6.377969 -7.091916 3.580625 -7.988261 8.995452 -6.401049 -9.997316 -5.446972 3.839675 9.627501 8.088907 2.241079 -6.462946 0.882303 -7.015797 -9.179957 5.475643 -7.705183 0.925243 -3.876436 5.629049 -4.135661 -6.523510 7.176854 -0.449606 -0.142434 3.082203 -0.727524 -8.688938 -1.027913 1.236939 7.996186 7.767524 -4.463533 3.699855 4.200407 -6.786806 -7.654332 5.077501 -1.333294 1.315757 5.684298
-9.236680 4.242952 4.176027 8.053319 0.400869 -6.041194 -0.208332 -6.645361 9.774795 -9.762419 3.351321 7.315612 9.270060 -6.891093 1.788603 -7.414240 -3.888040 -3.059452 1.848045 -5.162735 -5.811899 6.158614 0.154291 -9.124028 1.683085 8.050715 -0.061555 -8.408483 3.836039 -9.423283 -0.617616 1.841544 -7.310242 -2.255080 9.624469 -2.015368 -5.140584 -8.878449 -8.379531 -3.992924 6.772939 4.455864 6.000266 6.810285 -2.568947 -5.776066 -3.444799 7.711031 -1.697888 -6.537814 8.073082 4.190082 8.394898 1.176676 3.993942 3.988016 6.353604 -9.487273 9.393456 9.419990 6.405064 -4.280977 1.998943 -2.823024 -1.771474 -0.116175 -3.946425 -6.332079 -8.924250 5.670853 9.150664 7.655646 -6.408327 -8.624926 8.261631 9.451423 -0.692122 9.217510 -7.729412 6.175713 3.524455 8.678595 -3.806823 -6.901717 -3.343886 4.008335 -7.961416 0.358706 6.222943 4.084692 -6.368551 -4.098700 2.436590 3.312018 2.689608 6.789979 -1.438615 -2.946177 6.653605 -0.995811 -8.429307 4.075796 -2.864564 -8.684590 2.648105 -3.742140 -7.419843 -4.646348 4.394581 9.241554 -2.330189 7.060712 -2.570793 -8.703575 8.394075 2.211290 -2.030500 8.009871 4.365921 -6.473072 2.645939 -9.857306 -7.007667 5.471110 4.500922 -4.575682 6.505833 -1.416106 -3.561090 -7.895516 -9.531274 -1.394922 -6.655284 -5.609890 6.707948 -3.215029 6.544342 -5.146363 3.460160 -3.141597 3.940675 6.376729 2.343642 6.540386 -9.242800 5.734017 1.559305 -8.803202 2.990690 -1.309175 -4.752993 3.890688 6.035382 -8.884480 -1.487548 -9.084786 -6.535026 -4.363993 -3.548691 6.285763 8.280171 5.894895 0.908751 -3.915883 1.197924 -1.631342 6.641587 -9.009213 -1.948156 0.490895 -4.483564 -9.418973 -3.805328 7.218727 -3.087783 4.457815 -3.846440 4.971029 9.972480 -3.666891 -5.335783 5.867143 -8.016776 -4.745524 -6.583295 0.012965 -7.130085 -2.360095 -5.389498 -1.406308 -5.103559 0.382475 5.481632 7.270764 5.539833 6.031848 -6.314304 4.231408 3.980996 -5.952379
3.471359 -5.204272 4.987927 6.819352 -1.767423 2.619240 -2.296308 0.806899 -0.599146 6.591426 7.531485 -4.166287 -5.281699 4.001795 -1.304578 -5.121061 -5.667468 -3.715167 2.357172 -1.606593 -9.615905 -8.368998 -5.262121 -6.794676 -1.021256 -9.096537 2.855474 -2.195311 6.173085 -6.497577 7.224140 -6.665257 -9.818016 -9.060369 9.323234 1.444260 -0.025385 2.698616 -5.779349 -1.609579 6.144066 -1.460119 -1.791574 -8.005468 8.783517 9.981199 -5.222495 1.670772 8.067907 1.734853 -9.027273 -8.812383 -5.493554 -3.558028 -6.134105 7.174048 -7.719766 -8.111275 8.016020 -8.447207 -9.397999 -2.174663 1.915122 -9.201112 7.827587 -3.167317 3.393560 -4.855234 -6.368986 -7.709617 6.299549 -2.122685 7.655992 3.273395 -7.155549 4.058498 4.968443 -6.719565 8.084553 -5.577953 5.230513 -6.620695 1.277874 6.277280 -1.570527 2.018979 -2.123031 0.945687 2.081406 -6.131315 0.060080 7.121924 -4.199972 7.954733 -8.621087 -6.545130 -4.530444 -6.040750 0.087381 8.357611 8.373149 -7.874263 -1.932132 -0.708473 3.311100 -8.066376 -1.851453 7.556429 -1.695513 3.704783 -4.116597 4.109558 -1.811347 -6.696378 6.479594 -2.036515 -0.967042 8.899614 7.694145 5.542128 8.485472 -8.129185 -2.301860 4.347091 -9.257687 -4.405654 1.848044 -5.095629 -2.642595 -1.328442 -0.695900 1.139575 8.605442 7.464717 8.258980 5.444646 2.574657 2.071003 -6.244107 1.061993 -7.880061 0.115851 8.614997 -2.396257 -4.042796 -7.716722 -7.824013 3.289645 4.112756 -8.480591 2.307318 -1.115834 4.751221 5.493429 -3.162907 -8.185997 8.969356 -7.282255 -8.411205 4.164633 -4.382788 9.957755 -3.847680 -1.231733 -9.678168 9.952815 4.849790 -9.435705 9.234974 0.718770 -7.024868 -2.240068 -8.238277 -0.434712 0.089588 -4.419322 2.273419 7.348706 2.049100 -7.591555 2.507313 4.223488 9.826208 5.600058 4.742933 -0.568169 -1.253688 -0.406974 2.707231 -9.541887 6.588743 6.809756 -8.060300 0.543727 -6.694311 2.484012 -9.445531 5.389242 7.290222 -4.640140
-2.026647 3.365366 -0.220021 -0.192218 -9.003732 2.126623 1.901186 -2.201333 8.871473 3.570317 7.408997 -9.893495 1.797832 -5.798254 -3.789359 -0.189692 -8.206612 6.285548 -1.310474 -2.725801 0.893611 7.721603 8.831201 2.353316 6.672337 -1.546987 6.697899 -3.737822 6.471367 4.375671 -7.225656 2.555418 -7.808388 1.293239 0.451173 -2.356969 -7.648984 -1.958451 4.008309 0.603767 6.295273 3.047617 2.118636 -2.116301 8.998267 -3.132413 9.051668 2.655554 0.207789 3.424520 -9.714858 -7.328256 -7.205714 -7.865805 6.665014 3.817600 -2.362109 -0.633283 -0.510488 -0.943585 9.587596 3.390874 8.316168 -9.211258 5.338759 -2.981679 -4.229431 5.390381 -2.994761 1.496441 -1.607589 -9.254245 5.824124 -6.147480 3.503517 -7.758586 -4.782910 -3.654628 6.630749 6.617979 -3.354614 -1.304702 5.500917 -1.212206 -4.493598 2.456908 -9.022136 1.394616 0.389094 -8.691202 -7.373398 7.770374 -9.090185 -7.382416 -0.524748 5.584455 3.833980 -0.535361 -5.078154 4.163804 6.768864 -9.163859 8.424124 4.997532 -0.404100 9.753985 -1.111348 8.726054 -0.656658 -3.111461 0.268406 -7.636466 -7.581019 -0.792891 0.694823 6.868189 4.330375 8.498768 4.334986 2.535631 -9.406146 -4.083062 0.231928 -4.142646 9.320151 -0.673506 -8.710180 5.477827 5.386445 -0.326472 -6.647357 6.026595 -6.303553 -5.402847 -3.505863 3.994316 -5.583358 -4.374829 1.643606 2.075858 -5.692954 -6.878218 8.971751 -8.680171 -3.163428 -7.908279 5.728547 -4.505402 -5.869303 -3.549090 -6.868231 7.929309 -5.247452 2.046163 8.162355 9.191911 -1.169246 -1.323662 2.941383 7.703271 -9.540462 1.324849 4.611720 4.932857 -9.448231 -0.794410 0.652367 5.959236 1.444943 9.363457 -2.227185 8.346962 4.890556 2.693022 -2.640285 7.381334 -6.266336 4.428304 -6.515459 -1.026655 -9.950863 2.571225 0.847355 0.359858 -1.254347 -0.541928 -5.707924 5.287381 -4.078904 6.078615 -2.304453 8.387254 -6.656581 -0.792629 6.093799 7.580985 -8.513576 -5.211680 -6.020122 6.828468
-1.501542 -7.649317 -9.880355 -8.440991 -8.394079 1.244977 -9.808616 0.014518 9.845666 -5.717624 -2.199086 7.361124 -6.568953 7.151389 1.443373 9.373287 -7.215947 7.776124 7.076704 -9.733220 -4.530092 5.352670 -9.700192 -3.412862 -2.746177 8.476958 0.461918 -9.277508 -6.166347 -5.905980 -1.820305 9.880587 2.186505 -3.271769 4.591578 -0.330667 -9.760132 -0.400526 -2.282639 -4.231428 1.283279 -6.023059 8.903796 1.167457 -8.420446 -4.636094 9.066364 3.159240 8.725995 8.245093 9.271785 0.435259 -7.282292 -8.212736 6.282148 3.107731 -2.458200 -4.352036 -6.750643 2.331722 0.632607 1.120713 4.108787 -3.068938 9.542644 -2.264345 8.322611 8.128611 0.697205 0.758143 0.870594 4.926542 -8.693072 -4.355926 -8.080560 6.666933 9.269040 1.580086 -3.162715 6.485188 -8.730143 6.323768 8.087716 -2.037485 1.291560 4.801802 -0.469289 5.967239 -7.510140 -8.603197 3.177540 -1.976278 -0.528116 0.968743 -9.638183 -9.638331 4.586479 -9.646617 -8.485499 -0.750411 -8.825825 -0.650948 0.361542 -0.419854 -7.030786 -5.970776 -8.169507 8.346133 5.431545 -3.772959 -3.276045 0.813909 -8.053477 -4.393846 8.207768 2.044733 -3.144828 0.953953 -9.884542 -4.810037 4.960797 -5.976588 2.253191 0.102572 3.483773 -1.779718 3.149549 -7.150689 -2.294494 6.851527 -9.664237 7.711089 -6.193824 2.574199 7.598951 -7.110741 -6.087235 8.865949 -8.856604 -6.030016 -4.713221 7.105889 -0.922281 -6.520721 -0.224213 -7.264617 0.646261 -5.384194 -0.711196 3.322429 9.687788 -9.356327 7.874552 -6.289884 0.914984 7.095781 -6.473983 5.978385 -9.246075 -0.649842 1.394503 8.979448 6.309020 0.963186 -9.168668 -8.394388 -0.868761 3.151759 -2.445863 -1.304025 5.333038 -4.304376 9.637918 3.329934 2.747424 2.945783 7.114168 -9.003031 7.751819 -0.272001 -4.695160 6.063936 3.453915 7.939275 -0.135209 1.467941 1.174323 1.527249 9.131353 -6.006761 -9.265379 -9.356118 2.665620 -8.680943 0.357994 6.304535 8.127655 -1.434143 -2.587749 -9.716227
-1.321776 -9.767853 0.362606 8.107579 7.546821 5.597825 -9.236535 4.699556 -9.441812 0.831530 -5.847852 -2.432490 2.518214 -3.454368 -0.943217 8.095569 -9.215123 6.338905 -7.206824 2.038581 0.385064 0.806309 -1.315463 1.956396 -9.672948 -2.036413 5.682116 6.313059 -1.432313 0.435404 1.255097 8.402033 7.473134 1.682452 3.534298 7.185815 -7.561733 1.867208 1.215424 -6.349037 0.232432 6.278029 -7.126490 4.986976 8.182459 -3.017246 4.564821 -5.658357 -9.873021 1.665034 8.133405 6.733172 -8.571368 -8.503801 3.207858 -2.694132 5.167171 7.052715 -4.508852 -8.942900 -7.601855 4.781102 -4.635537 -6.424030 -3.526970 3.814791 4.490718 -1.268732 4.925570 1.978027 5.081598 2.881740 -6.370912 9.277541 -5.160852 -3.743345 9.670448 -2.721154 -0.959360 8.581437 -9.422164 -0.230371 -7.855974 -9.151363 -2.523978 -0.913863 -2.349668 -0.301192 8.639410 -8.426411 0.459022 -6.554362 2.503085 5.493562 -8.620489 -2.147768 -7.083153 8.880688 -5.187757 5.053425 -7.780606 7.481687 -3.552528 -6.615094 -7.127369 7.310273 1.050465 1.278169 -4.757643 -2.693263 -8.761758 -3.309376 7.740309 4.569593 2.004695 1.260928 1.473582 -1.916564 8.037913 -9.500025 -1.642459 -5.306542 2.938907 3.478236 8.501867 -3.863577 7.414596 -3.455215 1.572424 -4.234130 5.004009 -8.369436 4.356734 4.023666 -5.805230 -4.062473 6.107906 2.161764 -2.922027 -5.644068 -6.831155 0.353086 -3.715336 0.711285 -7.824517 -5.557463 0.067501 6.952832 -7.967134 0.905440 -0.678998 7.498884 -7.443750 -5.960958 -7.406199 0.429645 2.162176 -7.032576 3.451059 9.451398 -3.794172 0.723461 8.914202 -0.802405 7.800707 -4.643911 3.384025 6.485732 -4.609356 4.913694 8.394750 -2.127778 -5.284659 -8.924045 -6.512792 1.812236 -8.421105 6.433137 -4.366381 3.568612 7.130452 -1.427526 0.911284 8.706036 -8.346180 -7.435987 8.500468 3.185545 -5.864107 -2.759737 -5.227720 -8.099489 4.346688 -9.216764 1.363790 3.617607 3.328775 6.041155 -2.260504 -4.791409
7.164155 3.268359 -3.372041 -1.594779 9.272393 -6.043044 -1.572197 -0.378628 -6.334167 -0.281827 -3.571900 -3.783735 5.631860 1.665939 2.343047 -3.200797 -1.396270 -8.935876 -3.143723 -5.638308 5.719981 0.454856 9.109006 -8.095981 -9.686440 5.244982 0.330553 8.860577 5.978819 -3.037908 -2.071381 0.343468 -5.311631 -4.718471 -1.708055 4.113525 1.261522 -7.552763 -9.183275 -9.668211 -8.455682 2.227020 6.172596 9.866796 7.964808 -4.643202 1.997851 9.560233 7.113537 7.065120 2.851353 9.664860 8.673069 -4.038861 5.532477 -8.653232 -6.386111 2.102804 -1.455835 -7.948783 9.943999 -6.222758 4.449139 7.489263 -9.515958 3.616532 0.183904 0.673296 4.023328 -9.106648 -5.524952 9.794590 -1.921994 -6.203345 1.139644 -5.947418 -1.682510 -2.222659 9.633013 -4.277194 -7.338864 6.778340 9.566112 -8.135346 9.921290 6.305239 5.415077 -8.957006 5.400702 -7.884779 4.580717 -2.141509 -2.771188 5.919795 -1.411615 -6.471190 -1.558914 -4.069430 -6.593733 -5.865771 -1.053338 -8.048302 4.769629 -3.518421 -3.790748 3.904788 -9.285391 6.011156 -5.271399 7.417954 8.218921 -6.971339 5.640467 -7.346826 -8.456679 5.789053 4.039681 -6.533169 -6.302588 0.638460 -0.599126 -6.155298 5.359475 -6.354098 4.977061 -9.866845 -5.310406 7.551895 3.610230 -3.468139 2.276762 0.869281 9.657078 3.840969 -5.862773 7.535530 3.261315 -9.521467 -8.761233 7.637793 4.001720 6.227148 8.245311 0.074189 -8.614760 -6.731036 5.577848 -9.304528 -5.940221 9.535190 -8.235333 6.940067 4.340024 -7.542833 5.082060 -8.042597 1.291515 -7.001303 -6.469653 4.204476 3.181034 -1.973549 -1.085034 -9.468607 2.290638 -7.839057 9.172685 -8.733070 7.157892 -6.992569 -7.598284 4.896437 8.900416 -6.040640 2.327025 -2.717326 9.269573 -2.407138 9.474292 -6.894333 -7.835607 7.903958 -0.167697 -4.426188 -6.995272 -8.306438 -3.486766 3.540004 8.612933 7.403840 4.175894 -5.755125 8.185250 -5.308351 -8.835872 2.778545 0.907640 -3.338848 2.046668 -6.384894
-1.631679 -3.354809 -7.252953 5.793766 -2.530916 -1.902516 5.171396 -7.714966 1.473975 -2.127407 -0.319074 -4.121817 -0.601864 -4.082532 6.711312 -5.737675 5.381240 0.471086 0.737123 7.399166 -5.169826 -3.268310 -2.509187 -7.770162 2.232094 1.258524 -5.809251 7.902845 0.139976 4.873138 -9.365615 -7.110464 5.989798 1.837033 -1.391835 -5.926435 -5.312433 -8.640533 4.796759 2.624678 -2.030289 -3.328569 -3.100235 -8.409180 5.039870 -4.131413 1.269148 8.279001 -5.258704 -7.518391 -1.702038 8.114022 2.916115 -6.342660 -0.571338 7.189262 -9.419646 4.716386 -2.334260 -1.431042 -1.468771 -5.334067 0.689847 6.950686 3.876065 -0.056753 3.244457 6.090508 0.424889 -6.654508 9.026874 -9.784123 1.170108 5.841879 5.148753 1.781675 -7.464167 4.531558 1.926820 9.959437 2.259453 -2.254441 5.717715 -6.966604 -0.645500 6.473945 6.294292 6.210905 -9.190049 -0.775704 5.595666 8.607363 -7.545144 -4.612021 8.624653 3.767124 6.705258 9.108048 -8.088420 -7.811835 -1.528977 -7.881822 -7.574867 -9.233070 1.406283 -9.665989 -3.407057 7.743361 0.280227 -9.600872 6.684794 5.867674 -7.014328 -7.637991 -3.003545 -2.518017 7.390607 5.990512 0.242338 6.406514 -3.216935 3.168170 -3.718882 -3.954316 -4.618382 -1.643349 4.942440 -2.594367 9.396468 -2.471854 8.210334 -0.580163 -2.306403 5.174433 -4.102353 -3.104651 3.099120 -3.262496 5.711263 -0.576923 7.740782 8.782597 -0.982514 -2.114277 -7.466380 -6.050661 6.431049 9.564930 9.646911 -1.141561 7.745171 -8.574863 7.329068 4.903560 -2.112929 9.305380 4.229564 8.811769 -0.556970 -8.666542 -4.699019 4.303311 9.028174 6.189435 9.422480 -0.614466 3.314109 3.621916 -8.931223 -0.048300 3.928001 7.552336 -7.422104 6.550758 0.753588 6.654503 -3.678249 1.587179 6.131570 -5.544278 0.874630 -2.629464 0.710711 2.108302 -1.658541 5.218894 -1.973494 9.113875 1.803331 -4.724785 4.954005 -4.165230 -7.075321 4.791369 -7.526809 0.834078 -9.348996 -3.402694 -2.313164 -3.968772
1.238112 -4.432418 7.948701 -0.187833 -4.362557 8.464422 -2.258781 5.772664 -1.246158 3.573473 6.530817 -4.774609 0.922556 6.684766 -9.003069 -0.182917 -6.451408 -9.809360 -6.222617 -9.317509 6.507115 0.503675 -0.908384 2.651614 -9.839180 -4.702395 9.804600 -7.054960 -7.690020 0.335647 -2.261479 2.688546 1.229632 1.311655 1.876037 9.726192 -8.416434 -6.781345 3.596108 -8.786180 1.001246 -9.887242 2.020230 8.569580 0.671432 -2.591691 -6.418201 -1.635463 6.254981 -1.870155 5.328577 7.528066 -9.343804 -9.918973 -5.716523 2.060349 6.265730 -3.757521 -9.620680 -8.233859 6.196535 7.633331 5.765604 -0.292658 2.183516 7.836737 5.460756 -3.245335 -0.787975 5.591910 -7.060094 1.301943 5.540584 4.745409 -2.561102 -0.780396 -5.184299 -1.886219 -0.635568 0.308910 -0.296771 4.837794 6.656393 9.056048 7.722960 -6.183443 -1.601891 -8.426255 -1.444672 9.090466 4.553494 -7.067518 4.902605 -0.058409 -6.579318 8.726238 4.032013 5.327267 -5.462620 7.674849 9.923519 7.025896 2.348421 -3.410129 1.931706 4.718218 5.372536 -9.699798 7.626126 -2.401469 7.736108 -1.524676 2.192339 6.822472 8.633506 9.485152 6.123146 7.704223 -2.009524 -0.507907 9.471274 6.162104 -2.781391 -6.756711 -0.881543 0.343594 -6.514033 0.587139 0.109013 4.943090 2.971384 -3.978690 -6.770837 4.448394 4.483569 4.307077 0.607170 -8.693864 -3.408160 7.278881 5.850939 -9.064475 -8.934636 -2.555837 7.581105 0.692477 9.912964 -7.804080 -8.616639 -0.345619 4.364448 -0.865981 1.939645 7.055202 0.997221 -1.846347 -9.461047 0.093331 -5.650338 -0.603513 -2.889444 -0.878704 -0.768413 1.085378 -9.711275 5.179466 7.429677 1.763620 -7.464690 6.690614 -6.072876 -5.049701 4.899797 -8.296971 5.716177 2.298566 -2.324493 1.306966 -5.573705 1.383501 -6.250917 -4.026242 4.763746 -0.934504 -2.882853 -3.684320 -0.569426 -3.020394 -2.673011 -9.272979 0.964744 5.033424 -8.760367 -1.100500 6.992931 -6.475471 -5.648486 -4.304395 2.291165 1.480513
6.430697 -2.781784 -5.317874 -3.620727 2.530627 -3.069881 7.745166 0.324980 -2.792063 0.269166 -0.132594 2.124147 8.677214 5.307035 4.340202 1.034074 0.478532 -7.830711 7.330239 -6.491181 7.706219 7.069073 -4.817031 -7.953937 1.098877 9.145087 -9.374473 7.355338 7.739325 -7.116735 8.430165 8.445193 4.610771 -6.796406 -0.360109 4.004176 8.180464 -6.472022 -0.747856 9.970446 3.073516 -3.136729 1.544159 -7.384405 -2.099716 -8.696925 -6.809178 -6.797344 1.037933 -5.268728 1.622090 -3.097800 6.633995 -2.703608 7.593216 4.571860 -4.469894 -1.489551 -4.736428 6.674567 -1.418170 -3.694151 8.089707 2.901672 -7.500805 -9.048069 -0.903749 5.592036 3.579043 3.403338 -6.558964 8.966175 5.071066 4.896991 7.573391 7.902602 9.601172 -0.417820 -1.318109 -9.951085 -8.433222 4.230687 7.911182 -3.471837 -3.271101 4.308768 6.906994 -1.407552 -2.292787 -1.628651 8.392551 -5.405904 -7.911882 -4.244587 1.809896 -9.503182 7.982536 -6.517504 -7.412581 9.217090 -8.537041 9.061722 -1.681742 1.546907 5.279096 1.130746 1.286896 -9.456842 -8.045642 -4.660227 -6.329620 -9.994694 7.475484 -9.718952 4.418049 6.346334 0.507226 6.932569 5.417339 9.968769 7.974925 -6.547441 3.314184 -1.032505 -6.764881 3.972377 -9.464131 -0.407638 3.910650 -8.816512 -5.386738 -2.945848 2.464828 -7.772310 0.033971 5.674587 4.915182 5.177297 3.079295 -3.258681 2.932171 5.511977 6.667522 0.158592 6.892295 -6.357647 8.137096 6.314407 4.760880 -7.589788 4.850614 5.459865 2.489659 -3.592754 -7.301371 6.984251 2.649462 6.813771 1.412814 -9.463673 -7.186325 -1.792335 3.418919 -1.863836 8.519676 2.556023 -3.033804 7.636188 -0.753414 -8.545032 -1.174855 -4.387910 -5.044472 5.958746 9.451131 -4.016300 0.669623 7.509035 0.147535 -3.117926 -7.353051 3.133839 0.792193 8.755519 4.430861 0.087185 1.629440 -8.226890 -9.869882 3.343325 -1.482550 -6.205093 -0.649309 -2.145891 -9.133358 9.124822 2.189797 -7.609329 5.692797 2.265652
8.205524 -7.551296 -7.039653 -7.946065 8.475519 7.302071 -4.660796 9.991882 4.578315 -5.720516 -3.164766 -6.374643 8.731532 -2.985866 -7.895609 -0.790758 1.970525 4.085353 5.543589 -3.745871 4.627086 -8.314453 4.492993 8.357684 -8.646941 3.354055 -6.194156 -9.395743 7.358745 8.914940 -0.081334 -7.488704 3.467416 -3.091608 -6.399937 -2.980626 -1.608370 -5.114160 -8.525405 -4.075441 -8.133518 -4.850907 7.126008 0.486428 9.533976 3.080753 4.621421 2.430397 -3.212525 -5.430873 -7.161220 -0.924829 3.285991 -8.797983 -6.186828 0.872783 -3.475308 -3.661409 -8.980981 0.413908 -9.931654 -3.789082 4.353341 -8.363929 -8.804362 8.404166 -2.787272 5.310183 7.889068 5.650889 1.092009 3.057349 -5.511471 2.276981 7.159124 3.077663 -2.449820 -7.198068 -1.141707 -6.563718 -3.269456 -7.647305 2.891535 4.306382 -2.010398 -5.162228 2.439408 -7.003336 5.286449 7.453175 6.565546 -4.683815 -5.510362 -1.405547 -6.019281 4.787470 -5.091749 3.370350 -4.801427 3.892532 -1.582483 2.073241 6.123641 -7.515932 2.931505 4.984451 -0.724420 5.250096 -7.098689 4.084353 -5.917735 3.247664 -3.411468 -4.795648 6.404853 -8.783276 1.977181 8.403624 -1.921851 -6.178143 -9.043402 1.416892 -9.295595 -6.453028 -4.471196 -0.240596 -7.218577 8.101800 9.467279 9.765275 -7.152679 6.484079 2.236036 0.889619 -1.587361 -7.560627 7.132827 0.099652 5.378005 2.847470 8.022912 8.487883 0.774573 -0.810620 5.083431 6.638773 3.210187 -4.984816 -5.879205 5.128397 5.119457 -3.986814 4.986328 -1.722237 -7.581637 0.036813 6.431585 2.966929 4.097910 9.898720 -6.059425 3.957499 4.282020 8.417552 -4.525321 5.872239 6.767106 -4.590364 4.166176 -5.684320 9.068499 2.935189 -9.769893 9.820608 9.924007 -9.213197 -7.171191 2.461834 4.371725 -7.831051 6.095107 9.700350 -7.734339 -7.949913 8.984399 6.011177 -2.064270 6.863939 -8.739215 8.298181 8.454188 -5.494242 -1.051534 -1.739271 -7.612110 -9.637870 2.386696 -8.204072 9.613825 -6.933637
-4.388548 -8.957475 2.625863 -7.245585 6.029022 7.590655 -4.111888 4.552905 -7.765542 1.416125 -8.496051 -2.173935 -4.292247 -2.260898 -2.886669 -4.335113 8.727490 3.856834 -9.051605 8.037083 0.954177 -8.421908 8.628296 1.473419 7.192664 -5.639107 -1.089163 -8.517966 -9.992710 2.790016 -8.814700 -3.520187 -0.056082 4.116877 0.396140 -8.985283 -8.881151 3.167565 9.782600 3.416671 6.879258 -2.618987 8.641864 2.812770 3.997554 -0.039104 7.327893 -7.855904 8.136222 -2.931759 -3.459284 -5.988771 4.039670 -8.395054 7.193452 -6.819448 -1.346265 9.569969 -0.438158 9.583851 -0.266389 -6.364359 6.322145 -1.805929 5.165948 -2.414456 4.785996 7.796071 4.783733 0.202094 -5.255763 5.706398 -3.538802 9.887346 9.245171 -8.707366 7.719052 -7.359136 3.658362 -9.707256 -6.776345 0.578624 -7.395223 -2.705174 6.069125 -3.604433 1.142834 -0.122821 4.562034 0.327292 -0.980994 -8.060400 -6.911076 4.059984 -7.464110 0.190476 -5.045053 -5.760720 7.358209 -9.972450 9.290512 -6.270982 4.822610 -4.486449 -0.498649 8.650088 6.549538 -1.795729 -6.630617 -1.754392 -9.463199 1.452600 -8.965972 -5.203265 1.169079 -1.079027 -1.208874 -5.047693 -7.653793 -2.830761 -8.665764 -6.819132 2.951417 1.124706 0.912470 3.772673 8.664908 1.904233 -7.599158 9.951636 -2.870184 -3.703380 2.794766 -3.290250 0.540600 7.495299 1.971485 -0.004942 8.827010 -2.730024 -1.128297 3.151702 -1.895670 -3.919926 6.080268 -5.351987 9.405571 1.864743 -8.069378 9.822808 -1.047556 -7.263623 -1.072636 -6.533470 5.605197 -7.303134 -5.171311 -9.308396 -7.154801 9.911404 1.441869 7.405529 0.355119 6.036918 -1.350090 3.825016 6.287417 3.708893 6.202403 8.830703 -5.331504 3.923830 -8.589684 1.162869 1.379058 -6.907975 0.049265 1.691153 3.497322 0.711417 7.282512 0.037585 -5.441348 8.555979 -2.611058 -3.106416 -3.386844 1.243368 -1.751318 5.234802 -9.824031 1.399446 -9.292175 -2.060074 2.978950 7.301897 -4.740030 -9.620213 -9.408996 -1.827849
