200
2.744728 -2.270741 -5.233787 6.558623 -7.122462 -2.727150 4.763360 -6.897004 5.335741 -6.132980 -8.840148 -8.576013 -1.381381 -2.255399 6.568704 -4.963725 5.230559 6.892206 -8.812848 8.565526 5.322667 0.654547 -2.207107 6.840246 1.324498 5.596695 -1.588807 -7.682998 -9.972673 -7.393614 9.678844 4.921086 -1.754989 2.030398 -5.695905 -2.744582 1.376644 5.252278 0.823690 6.582330 -7.888298 6.930410 5.146784 0.780752 8.689489 -8.172903 7.330130 6.769838 -0.114132 -6.508712 1.097337 5.464366 -9.999185 3.993531 -9.764046 -7.759667 -9.557417 9.724095 -8.509086 0.790313 3.532841 3.804988 -0.248598 -4.148312 4.077146 -0.873673 2.531928 -1.091885 6.171687 -8.880265 8.609501 -3.687618 -8.878442 -2.176892 -1.137335 -1.809300 1.889542 1.777953 6.212041 4.753961 9.182373 3.375351 1.850072 7.540533 5.362815 -6.537009 5.329972 5.650580 5.032858 7.724763 8.565632 -9.231680 -6.515572 9.142655 7.652788 -4.922809 -1.527574 8.098150 8.471480 8.756480 1.661181 2.133045 -0.186059 3.440522 3.109190 -0.472300 -3.901778 3.180164 0.690115 7.380426 -5.631512 1.849876 0.943435 -4.754899 -4.209086 -8.308907 9.998342 -6.100146 8.697225 -8.756167 -9.457865 2.353204 -0.885337 6.859680 -0.266862 -9.820140 -9.856330 -1.946623 3.266600 0.505903 6.714273 7.309857 2.852344 0.578747 -5.070373 6.174049 5.728786 -9.433351 -1.757240 1.311519 -9.246503 -2.331971 4.664882 -3.997244 -8.542038 1.220947 -4.502115 -9.154753 -8.239743 -5.675502 -6.097473 -1.240178 -6.132083 -3.067273 8.377332 5.720923 -6.162072 3.682080 -4.696667 1.346383 8.373681 3.233237 -2.466479 -4.271262 -5.021058 8.031989 -2.916320 -1.113044 9.576131 -1.299299 9.491087 -7.332970 -8.350227 2.645585 3.726474 1.632302 -5.214920 -8.092280 -6.337993 -7.559473 -9.924748 5.901569 -4.040485 -8.824559 -5.003081 -8.783182 1.516506 2.026909 0.322888 4.551471 9.444710 -8.554535 7.377007 1.993670 -2.744080 -7.366373 2.250418 -3.382359 4.735831 2.837574
-4.595227 -9.512624 -8.839236 -8.735544 8.660656 0.361891 -4.050982 -4.981380 2.101264 7.819841 -1.929584 2.736127 -1.980428 -8.041669 -5.015050 -6.491574 -4.262076 0.907446 8.302047 3.536927 1.529233 -8.018818 6.458003 5.659276 2.743309 -3.744660 1.022768 5.266785 -0.313196 -9.647276 -8.518317 7.625213 -4.984845 -9.090615 6.372621 5.519673 6.577067 -6.930953 8.513404 -6.787056 -0.834989 0.714440 5.716968 -5.590624 2.005098 3.326422 2.045366 -6.094065 5.546804 5.107468 -0.256545 -7.646718 -8.150904 4.805525 -8.642232 -3.919828 6.543388 8.676051 -9.349431 -1.137294 0.640452 3.746045 -2.214113 1.444999 -1.676740 8.226983 -2.395855 -5.004798 -3.998406 4.007124 -8.984071 -6.337422 5.227095 -2.119278 -9.317062 5.418789 -6.608188 2.847060 1.893797 -0.548865 -2.607800 -3.845456 2.205348 6.837087 4.045079 2.320313 -1.442268 1.343078 9.215947 -8.145534 3.700425 4.932278 -8.220143 -5.584619 0.965584 -0.904987 -1.315307 1.763764 5.432213 5.612758 -6.477008 -8.649236 3.508740 -0.958932 -1.712351 -5.398859 -1.316654 -7.211810 9.105937 -7.954190 2.259794 -8.553818 -5.937911 -9.955993 0.416071 -4.024394 4.380423 7.423805 -4.170101 -2.813170 -9.799216 2.766297 6.404981 -8.539331 -1.481261 7.215504 -3.162949 2.432612 -5.285586 3.937079 4.898128 8.238004 7.100799 -6.073713 -6.185308 0.182683 -0.909759 -3.042233 -9.661270 -5.086154 -4.808236 5.573800 -8.068429 5.436017 5.422432 5.328600 6.079410 -0.549317 5.905177 -0.288623 1.910434 -8.156856 5.712960 -8.548952 8.167799 -2.669598 1.262455 8.329603 -7.182418 7.316122 -3.800693 -7.103081 -9.403204 3.236676 4.435439 5.601218 5.604521 -8.246484 3.361765 -0.952349 -0.598142 2.930386 -8.841776 2.456523 8.578277 0.031735 9.615511 4.095084 -5.450726 -4.448888 7.977778 8.370652 3.821678 6.752357 7.861622 -7.818416 0.809378 -1.088646 -2.246738 8.284976 -2.684294 1.658475 -1.333040 -4.706761 -6.052917 -3.404900 -9.494666 3.468891 -2.207124 6.197474
6.926228 6.269507 7.409020 1.082013 -3.534447 -3.007436 8.085610 -7.729859 -9.270279 -5.396346 5.116380 -5.125001 6.124303 -0.739161 -6.203505 -3.895150 8.943550 -3.448658 -5.497582 -0.568392 -8.426870 3.949030 -9.185678 7.489494 -8.631048 6.272099 -6.987906 6.475052 -6.526038 -0.512899 6.011362 6.372350 -2.158634 6.083857 -4.509863 -5.311842 3.780419 -3.549901 -2.744065 -3.539761 -7.014520 3.898562 -3.991008 -1.772981 -8.395502 -5.413591 -7.495568 5.349955 8.990121 -6.415505 6.532625 5.972992 -6.183409 -5.234759 4.906504 -0.420280 6.938917 -8.316290 6.377820 -9.564471 -9.967045 1.744386 -9.867164 2.739810 7.884169 3.681434 3.878214 4.063641 -6.941757 3.906140 5.392917 4.585727 6.223573 0.011499 -0.021621 -6.251627 -2.309285 9.243372 7.355012 9.361182 -8.398840 -4.614096 1.136531 5.280509 0.950668 -0.652044 0.373701 -6.457872 9.589777 -8.913797 4.248128 -6.236075 -5.591656 -5.767703 -4.805193 9.363760 0.668513 -8.819097 -5.227782 0.752750 1.301513 4.168934 3.001569 -9.008180 0.237599 3.854051 -4.509585 -4.561497 9.505314 3.762383 8.541715 5.669853 -2.232275 3.138375 5.105878 5.138742 -9.240676 4.762216 -3.407203 -8.524630 -3.886413 -6.354701 -6.638011 1.987191 3.124813 -0.455311 -3.243915 5.748847 8.913960 -5.169811 9.023003 -6.053369 2.816287 -8.525770 8.033716 -8.793995 -7.627880 -9.137612 -5.262272 9.930413 -9.127784 1.426199 -1.063973 1.466338 -9.505069 -3.150302 5.279932 -1.710300 -3.422960 0.270285 -1.535251 -1.618959 -2.411638 3.482444 -8.835353 6.552575 2.304496 1.497995 -6.109517 -9.444633 2.286288 1.352904 9.695433 3.682371 8.450874 5.199044 4.244773 8.056636 -0.752259 8.736534 2.974232 0.887056 1.642377 5.869763 6.658163 -0.097833 8.104358 -3.587751 -7.485192 -6.338834 5.389138 2.992172 2.671163 -2.689405 7.508336 -3.763610 8.716280 6.737299 0.331907 5.217671 4.620268 3.578544 7.753251 0.197511 9.505387 -1.584273 9.840259 2.983817 -3.914223 -8.205975
-9.226767 -9.959258 -3.058819 -6.272539 8.038767 1.131128 -3.350333 -1.993466 6.921006 7.394757 0.596492 2.913105 5.253096 -4.942235 0.018007 9.874497 9.822178 -6.933528 1.978344 2.360175 -0.462878 6.336415 -6.709403 -6.439422 2.900415 0.274549 -9.241767 -4.832232 -5.793842 -6.433439 -6.163549 -4.646569 -1.180456 -3.547516 4.506589 2.258027 -5.966416 6.182511 -8.960542 -5.397445 0.391862 3.854132 -4.744263 -8.025952 3.341564 -4.121266 9.852021 -5.768793 -3.719219 -3.020662 2.646514 -7.922695 1.551062 1.030208 -9.553419 2.319212 -3.354384 8.720752 -0.446879 -0.909832 -0.430263 1.014532 -7.876122 8.544563 -6.072075 3.402099 -9.013380 1.893559 3.056647 5.330352 -2.633429 -1.606942 2.743772 5.449383 7.974421 -7.671945 -4.170337 2.607041 4.868867 0.043968 9.169611 -7.475247 -0.156667 -2.373935 7.935340 -9.008895 -4.091158 4.097517 -7.884711 -7.571115 0.985817 -6.187446 5.180007 -9.276431 -2.963470 -2.410430 1.507352 -8.594828 5.929968 -6.977250 6.962142 -3.564279 -3.824363 1.390880 1.565674 -1.916260 -0.069158 -9.925678 -9.194221 -6.461303 -8.331169 -1.154025 0.438839 8.094087 -2.194530 -5.477058 7.797029 -4.457687 9.172640 -0.596910 -7.811231 -9.607076 -8.697347 -4.323358 -2.523910 -5.658307 6.722099 2.945357 -4.140935 7.541634 -6.254928 -6.072958 -4.156721 -1.698907 1.382894 -1.832454 -4.734663 -7.543723 3.057776 5.667301 -3.357173 -7.697050 3.228081 8.170652 -9.480663 -0.715670 -1.516790 2.503138 -0.419415 -1.599536 -8.472047 -5.932788 7.839520 1.530736 1.809381 9.861273 -1.089165 3.524792 7.853992 1.981636 3.834628 4.706594 -7.373462 7.959311 7.106411 -4.380745 5.100874 -2.693844 -4.624383 -3.417707 3.592311 2.267065 -7.151441 -6.151100 7.778478 -0.821318 4.263433 5.542011 -7.917518 -2.006501 8.556316 -0.359279 9.504190 -4.029452 -4.417581 -7.856483 8.915505 -1.591955 5.718354 -4.617708 0.691162 7.970981 -7.200545 4.277510 3.800785 0.665862 -8.274795 8.011873 1.409327 -2.463783
-5.271794 3.729505 6.982281 1.501131 6.411364 -2.876406 5.884923 6.733255 0.255433 -9.316061 0.808946 -8.361926 9.581106 -0.094988 1.756067 8.389967 7.774547 3.585356 -8.316073 -3.310938 -8.760008 -5.509663 -9.302292 -2.096033 1.935893 1.027537 2.102821 -1.894465 -1.584415 1.100846 7.952742 -1.348786 9.621095 5.071882 8.651896 4.728621 -5.282730 3.665203 6.874674 4.418360 9.573063 4.666455 -0.643675 2.708108 2.688513 -6.940325 -8.879634 -1.954358 -9.354228 -7.754923 5.393656 0.457295 6.652542 -4.441275 -4.001805 7.917609 9.020308 0.064569 5.866330 -0.382521 -6.466637 -3.890772 -9.252327 -9.474851 -9.130340 -9.982655 -5.227200 5.855825 -6.290025 3.842502 4.755725 9.603077 7.057902 -1.334862 3.279027 7.313758 3.324810 2.155394 -6.438429 -2.304878 -5.670929 8.912233 4.189610 -4.398904 6.614803 7.844454 3.961848 7.374816 1.215035 7.745889 3.823576 8.748832 -0.342365 4.446231 -1.133568 1.770647 -2.757889 2.733707 -2.267048 -1.494547 0.435345 -3.491196 -3.357205 4.093515 -4.818515 3.897874 -6.696603 4.781143 -0.249389 -3.874716 3.901520 3.690021 -4.934895 -7.852327 -9.346751 -7.580273 0.283010 -7.990266 -2.975201 3.263661 -1.531648 6.960188 -8.367189 -6.354619 5.811878 -8.957684 -8.189155 0.054211 -4.954207 -2.343389 6.146813 6.589574 7.416182 1.508250 -9.208704 -8.285877 -5.220452 3.525549 3.305194 -8.306004 -7.615785 4.044072 -4.247535 -8.279306 -0.284658 -5.120785 -4.433198 1.428026 -6.555817 7.990741 1.763181 -9.610315 9.092685 -3.371937 1.391392 0.473234 5.782017 5.218900 2.705839 3.754839 -1.995818 6.953601 -2.708324 -4.487485 0.588695 7.099432 0.467674 2.854549 1.437170 -8.019031 -5.656710 7.045972 -5.068689 -2.400429 -0.808689 -8.538011 8.724435 0.202454 7.087116 -9.313789 -7.292921 -1.020282 3.737072 -4.948307 4.246648 3.679065 -1.182195 -4.937996 8.000961 -2.364323 -0.529677 -7.221214 5.666059 6.462669 -8.945464 9.987528 7.728751 8.974155 8.742637 7.009616
-7.094127 2.657328 -6.442940 3.791307 7.206539 5.382969 -7.939349 -6.496327 -3.439085 6.078676 1.475236 -5.809829 8.030790 -1.832974 -2.088263 6.326851 -5.923906 8.014807 6.004098 -8.960437 6.628406 4.466581 9.828126 6.640221 9.793396 8.551686 2.671959 -5.678282 0.790561 6.539504 -3.234283 2.471343 4.122464 -6.161018 5.180923 7.273139 -0.712637 -7.367815 3.884444 4.125001 7.104144 0.011970 -0.187054 6.140599 9.793446 -2.339570 7.792630 -0.806937 2.500007 -6.978310 -1.249180 -4.300848 -1.237961 -8.083529 -8.813306 -7.319006 1.848669 -9.232888 8.815508 2.421758 -1.545612 5.352644 -9.189019 2.490104 -2.832902 5.705994 7.914688 -8.324877 -3.569071 3.194061 1.489047 5.106602 6.600872 -6.797498 9.407353 0.991948 -8.305094 -4.747707 2.174635 -6.801537 4.848702 -4.059492 -3.035703 -6.222411 5.135375 -3.267618 2.761640 4.253032 -6.832599 9.343206 2.447219 -1.418010 -0.071897 -7.824344 -1.977378 0.101696 6.949656 -7.535585 -6.790213 -7.168324 -1.575208 -2.272739 9.882834 -7.847226 9.231377 8.552450 8.584450 -2.099200 4.391099 -0.217131 -5.924741 9.551498 -4.634977 -1.770916 -3.219340 4.381771 -4.206302 -7.024544 2.426446 8.572830 -2.861259 6.347752 -7.270659 0.462491 3.622734 5.905929 -6.293926 6.191445 1.740758 9.802494 4.830869 8.287077 -8.824815 -3.493342 9.499706 -5.374338 0.712510 6.547986 0.610124 4.951227 3.390253 -4.183956 -1.282893 4.364704 -1.336486 -0.206911 -5.103422 3.698954 -1.772764 -0.131095 2.141563 3.130727 4.535422 -6.532372 -6.837962 8.339197 -1.188170 2.708211 2.515280 1.844396 -4.106386 -3.403902 0.345464 -0.889321 5.717423 4.213723 0.683278 -9.690588 9.999719 9.621589 5.977649 2.793480 9.391828 9.750028 -9.119545 -5.250617 3.204750 -1.337066 -0.476780 -2.021374 9.867489 2.722583 -8.801447 6.306498 -8.249989 1.551699 6.589164 8.269657 -1.587156 0.950365 9.208819 7.482664 3.798408 -8.697359 -7.666396 -3.413372 5.452358 -8.517806 -5.937545 5.971249
-9.794403 -8.954344 -2.656599 -7.289275 -3.700334 5.804821 7.554896 3.419686 8.775815 9.275441 -4.957720 8.547995 0.749845 -5.633924 0.233926 -7.060997 8.036800 2.926605 9.703009 -8.838777 3.512915 -4.958977 -8.720263 -0.099164 -6.490067 9.447782 1.184411 6.919820 -5.382804 6.841531 -9.531832 -7.542991 -5.915108 7.454704 -5.270717 -4.233604 -6.897450 3.554393 -8.681877 2.704780 -0.373321 3.485761 7.975745 5.611173 5.931226 -6.860684 6.196909 -9.056522 4.523991 -9.453887 7.393133 9.562781 -4.097447 -8.170840 -5.666687 3.007649 -5.366572 -1.771643 -0.210595 -1.306752 -6.338827 -3.399591 0.203773 -5.030341 9.822420 0.959745 8.455559 -5.568457 9.260090 6.403417 -1.231677 -0.304572 5.266920 2.060534 4.754140 6.208941 -8.493497 -9.801285 5.209951 7.368175 2.195920 -0.712993 -1.869610 -2.023066 -6.846103 5.810939 5.474533 -7.102045 -5.435333 -6.385623 0.839369 6.532467 5.416985 7.275300 -9.647665 -3.686676 3.064247 -6.098452 -4.769960 1.795670 4.059882 7.203924 -3.779815 9.241195 7.047227 -1.984979 -4.158256 -4.542789 -6.213186 -3.447995 -7.450160 -2.471948 -7.467339 5.802023 -8.251542 9.874472 3.843153 -7.903373 -8.285038 1.720756 -1.189970 -8.121641 -2.538233 2.285086 -4.894706 -7.826296 7.661688 -0.760780 -4.215592 5.278199 8.713300 -3.907776 7.798794 5.561701 -4.464106 6.342430 7.996374 -7.819766 -9.841050 3.506543 3.619223 -0.351066 -9.692367 6.235263 -6.233652 -9.294298 5.157215 -9.887374 1.953699 -1.110407 6.608774 -4.794272 4.263463 5.785761 4.849755 1.748539 -9.062303 2.579372 9.897019 6.234038 -1.082418 6.285044 -5.305730 -0.000540 0.781381 0.084141 0.140266 7.211170 -4.275774 8.633874 -2.153433 0.984285 -5.930083 3.232960 4.324532 7.488434 7.224634 2.171875 -0.821113 9.369243 -0.731066 5.289996 6.253328 -6.136821 0.337271 -1.102981 -0.089484 -1.799640 -8.162666 -8.751143 9.109962 -0.085199 -6.109450 -4.730442 2.537907 -8.506031 7.290230 4.665373 9.805845 -1.432565
5.659009 -2.122665 -2.349515 9.297949 -9.320143 -9.643714 -5.372676 8.121264 -1.146685 -6.086978 2.943036 9.713875 7.132839 -3.420176 -0.163429 -5.453724 -2.834179 -0.471688 7.484910 -6.165958 2.318117 2.619394 4.581869 9.719173 7.835329 -2.026068 9.246658 -3.900364 8.145801 -8.995527 9.973023 -3.338637 8.962458 0.008470 4.147059 -3.531906 1.260358 1.311551 -2.144855 5.781392 -3.075012 -3.675045 7.817633 -0.289964 4.308871 -2.076818 8.265111 5.887516 -2.380301 -8.821787 9.563062 7.476084 -5.735364 2.476425 -8.775585 -3.721096 -7.829113 5.334876 -9.048309 7.635506 5.157960 2.538590 -2.863158 1.218528 4.407585 1.177367 -3.562764 -2.452052 1.609133 -7.973696 -4.477874 -3.943312 3.794478 -2.611059 1.890842 1.294073 -5.317566 6.114472 5.453665 -4.036864 -8.818458 -7.480837 2.167061 -9.627210 -6.181162 7.149496 -7.936798 -7.949826 -7.799593 -6.958036 -4.677038 -0.572865 3.050372 1.078344 9.925982 8.268812 -6.072175 9.648392 -8.247894 -9.207567 3.657612 2.644034 -8.757374 -9.855972 9.355055 1.244153 -3.948178 2.874859 0.729794 3.292162 0.782168 -2.058032 5.498641 -0.702706 -6.169272 -1.390119 -8.198310 -3.450099 8.468282 -8.930758 6.666798 6.204666 -9.805439 -6.619440 0.600812 -9.648791 -4.803284 7.681761 -4.876322 6.688934 0.572335 -5.959825 -8.138497 -3.583142 1.592877 7.888284 6.461457 6.071878 9.071714 -7.756467 -4.284706 -7.540237 4.784437 -0.402349 2.766895 4.031050 5.066545 0.599756 5.592393 -0.270153 -5.854766 2.880456 0.505030 -1.782907 7.235902 -2.661581 -6.938630 1.519943 9.910815 0.906649 0.491146 -7.685662 -0.953827 4.717922 -1.911923 -7.914767 7.714070 -4.353095 -9.412561 5.037659 5.465207 -0.160455 5.239212 -0.342408 -7.790637 -0.609754 9.989161 7.877407 5.052093 -3.235668 -9.759550 7.218844 -2.528972 1.942004 -1.197404 2.375341 0.625596 9.288963 -5.447028 2.774513 -4.925965 -0.736981 9.376264 -0.006364 7.684725 -0.570057 5.463228 6.294198 8.170140 7.323373
0.358532 -5.047431 9.657024 -1.124756 -3.286877 9.736167 -6.931139 2.868986 -7.533989 2.063358 6.509779 -2.333315 8.765275 -6.698911 -7.761808 -9.320993 -5.975198 -3.295652 -4.614396 -4.352807 -0.663101 5.423588 -1.833054 0.553566 4.198868 7.923643 -3.011068 9.570692 -7.691494 2.437647 -7.836977 -2.559669 4.488740 -8.141164 -6.189675 -0.049025 8.297110 -2.211744 6.534381 -7.243119 -6.634848 -8.227170 8.571030 -3.202424 6.589791 -0.071307 -1.240968 6.592220 -2.888471 -7.883475 -5.412376 -4.182737 2.625481 8.732839 6.418819 2.793164 7.820788 -0.706845 5.885906 9.008643 -1.070339 6.140329 2.958734 8.018663 0.030797 -2.948492 2.002137 1.981393 6.931778 6.496405 -3.738742 -2.241000 9.118985 -9.803080 -9.820104 -1.796453 0.731618 -2.705038 8.778743 4.341314 -1.127937 -2.904561 -9.465909 6.960751 4.291371 -3.673781 6.908412 7.894842 -9.621242 -0.438260 -2.542039 -5.054684 7.691014 -1.663861 -4.787727 5.146165 8.153928 3.922150 -9.541302 -2.937726 -0.596860 2.530445 0.469225 0.759306 2.129533 5.003430 -2.406913 5.877374 -3.905818 -9.953722 -9.090257 5.036353 3.997528 -6.203770 4.994031 -1.942668 9.960653 4.165746 -9.493100 -9.724969 6.874486 -2.342532 2.752333 5.114908 6.231383 3.042189 0.893028 1.314026 5.440558 0.053334 -8.878880 -7.785136 9.821619 3.617029 -5.785603 9.626212 -6.949391 -3.950399 1.056015 8.987894 3.557223 8.154081 2.168872 -5.615504 -5.561940 -0.491253 1.154799 -7.360600 -8.148057 0.344124 -7.041712 1.984751 5.864653 9.896562 3.534189 -4.394626 7.465600 1.001290 7.067239 6.367039 9.536654 4.419131 9.950740 8.602825 -3.533592 -0.189054 -7.208224 1.949120 -4.838237 6.278599 -4.176407 6.844873 -1.282394 -0.735408 2.328530 -9.142108 -5.651553 5.832109 9.970628 4.480671 7.940365 -9.188804 -1.422232 -8.358710 9.924954 7.940905 -9.407613 -2.184713 4.756323 0.120082 1.668638 7.367325 -4.138898 8.683948 -3.251060 -0.327707 -5.470892 6.802823 5.766509 6.667941
-1.027876 -3.339372 -7.277865 -0.536607 5.140137 -2.370882 -6.104886 -1.897659 8.381745 -2.899468 -1.244007 2.652569 3.412129 6.062236 -8.315979 -4.329876 -7.086575 -8.915058 7.548520 3.607018 -5.163238 -4.967180 -4.784035 6.281617 -7.938875 4.183073 9.052604 5.093603 8.095374 6.915062 5.777557 9.610088 8.721650 9.480531 9.575368 4.604790 9.470149 -1.872565 -0.595676 -5.315687 8.531296 -2.253138 -2.065462 2.646215 -1.365108 0.303105 3.975847 0.132547 -2.239539 8.251975 -5.850774 6.807145 -7.550719 -4.752791 3.844348 -3.387904 2.342487 7.611713 -6.426718 9.748439 -4.060103 6.828797 3.759452 -4.630521 -8.848698 7.414520 1.791915 -0.568723 -8.027548 1.586769 4.028116 9.131306 4.588568 1.908824 3.684995 8.545065 -7.501825 7.919480 -2.278190 -3.638321 3.163127 4.532555 -4.963570 4.073295 6.916253 6.188619 -7.259268 7.072009 7.942765 -4.636294 8.083275 1.298369 -8.695665 4.490589 -0.045035 -2.310005 -0.770505 -3.876135 9.322852 5.367043 8.582804 -2.786991 0.592270 4.101837 0.738821 0.058936 -4.326311 -5.967082 -0.156831 8.856906 -6.204671 5.665295 -1.391464 -2.977816 8.132913 8.757928 -1.366015 1.177352 -8.874327 5.913397 -2.295850 -6.018079 -9.533967 -8.806695 6.551200 -1.422547 9.403804 9.675552 -0.872725 9.976516 7.610356 -3.583646 8.374280 6.660962 7.191420 6.652483 9.709663 6.376873 4.772770 4.835289 5.514712 1.038774 -2.173238 2.315806 -6.571219 8.843402 -0.875690 -4.523926 -8.640968 -2.621284 -7.310639 -1.454538 2.257019 1.593286 6.548411 -1.354603 0.866835 7.274589 9.399460 4.738016 -8.391575 -9.583474 6.833928 -2.480482 -2.636875 -0.646776 9.223616 5.817770 -1.073712 6.757121 6.593905 0.657334 -6.665538 -7.973839 -2.797241 -9.686501 1.151538 8.831627 6.627358 1.893139 -6.252617 -0.715620 -3.074314 8.426166 9.231760 8.148239 -9.480454 -3.580597 5.539819 8.761958 -7.499472 -3.087854 -4.524299 -7.678002 -5.576991 -0.393295 -4.005309 1.517714 2.015926 -0.014504
9.389248 -9.054700 -2.847842 -5.356905 -1.007229 -5.440285 0.409218 4.135637 2.813704 -9.173123 5.774501 -4.678934 -3.753597 -8.456413 1.107620 -4.442343 1.350934 4.879108 -9.206006 8.864789 -3.966172 -6.678743 9.841919 -4.084722 8.761957 -5.991255 -8.210810 3.004951 3.800103 -4.957544 -3.667642 4.175500 -1.424483 -1.150984 6.791467 5.368701 4.603126 -1.466092 -1.634669 -4.041125 -0.260206 -1.940685 -5.703505 9.588254 -3.107470 -4.754045 -3.259225 -7.648246 -5.331443 -1.925513 4.550658 7.660689 -5.866802 -6.809372 -5.546824 8.219810 -0.327276 8.759293 -4.101545 -1.874207 -9.782636 6.895037 6.328793 -2.980391 2.445497 -9.450775 7.866603 0.932253 -7.347000 9.233488 -8.284403 -8.697334 -0.598014 5.685820 1.202588 0.178179 -1.037561 -6.183194 3.374105 -9.833257 1.160201 -5.425668 -0.764356 1.941209 -9.424371 -3.582544 -4.785947 2.581880 3.511319 5.200824 -6.497809 9.085780 5.170908 1.112099 -9.760875 7.110931 6.962067 -1.741147 0.760551 2.131748 5.133890 -9.936396 -6.105250 2.873856 1.729501 -6.470633 7.570998 4.387538 -6.821687 -3.103445 -3.017655 -0.771687 0.036233 -7.416353 5.148384 2.948083 9.851396 -5.924616 -8.727914 -9.251260 8.273143 -9.760216 3.680581 1.607313 -1.798608 1.414106 6.844177 4.973546 0.268255 9.728595 -7.336031 -3.088663 -6.876498 -9.755378 6.807522 0.954232 -8.550746 -9.391660 -5.649861 -3.939477 -9.642644 -9.875677 -7.945348 0.317776 7.389491 -2.938470 -1.668889 -2.424676 -4.030804 0.134537 4.636747 -8.015129 -0.980420 -6.850572 3.123378 -7.983582 1.508708 -8.590536 3.004212 7.970113 -6.837660 -3.079398 -9.784693 4.589971 0.457757 1.907687 3.930026 0.424627 -7.411715 9.027267 3.636833 9.632588 6.188712 4.266714 6.691783 -1.869662 4.622283 -7.192662 -4.993134 1.999990 8.763131 -5.208655 -0.428829 -1.390580 8.783316 -6.519152 7.727399 -1.798353 6.550330 -0.577458 -7.866738 -4.566321 -4.396313 -1.083820 -6.844619 -8.000679 2.037909 7.884631 -1.632464 4.200667
2.107334 7.864788 -6.458033 -8.563892 -7.460413 -4.205739 0.450289 -0.791399 -0.791808 9.040006 -5.015295 -2.385846 -9.360297 -8.384002 2.327794 -2.975309 1.463236 6.086590 8.207481 1.106644 -1.623606 7.061178 -6.594516 -9.605784 -0.123835 6.536352 4.137449 5.638513 4.944124 -5.722223 6.543204 -9.273923 -8.039375 2.831699 -9.078649 -8.393520 -2.934951 7.849162 2.820757 7.472638 8.700057 -7.682193 2.520329 9.010817 -3.395037 8.367451 -8.596755 -4.136934 8.257875 -8.393995 8.971577 3.357881 7.458296 1.819711 -4.322460 -7.247505 -9.565558 -9.119656 -0.992907 -7.479714 3.784550 -8.414612 1.090417 -1.891993 5.031313 -6.687395 4.445109 -3.006953 -3.979543 -0.799653 -2.094977 -3.629337 -0.649598 3.674236 9.328241 -5.874190 -9.056007 -7.862190 -4.601183 -2.829003 -1.551162 -7.090574 -3.607496 -0.322572 2.819014 8.495988 8.198269 4.557838 -9.292983 -8.955186 -8.286619 -6.795642 4.696309 9.730896 3.484716 -6.032000 -7.334454 -6.646589 1.244413 9.348106 2.432340 1.546157 -4.079122 1.206164 5.034366 -8.374426 -1.810650 0.229742 4.525676 -3.993264 6.335378 0.173668 -0.784197 -0.733426 -1.734741 7.761156 1.557599 3.001319 6.641767 -4.693421 1.224248 -1.624900 -6.105474 -2.791828 -5.086702 3.161563 5.861908 -7.880517 2.652926 -5.169344 -4.365763 -7.921503 -5.416429 -6.938918 6.010235 -7.727001 -8.377539 -8.084272 8.911050 -4.744314 0.392816 6.721083 -8.420745 9.919692 -8.765153 -9.776337 -7.659036 -9.443822 -3.386585 -0.722277 -6.518755 7.930634 0.805131 -3.035089 7.635187 4.741153 2.468770 -5.885351 -6.626016 -9.872554 4.645455 -8.985648 0.791834 6.580001 -2.414816 -4.997488 5.244042 -1.161086 -0.322373 2.083000 4.358816 -4.392304 -5.707091 -2.846360 -7.451414 0.035229 -3.387996 -6.520262 7.505728 7.114175 -6.409528 7.159204 -6.294061 -0.853970 -8.666234 6.129685 -5.346869 4.005354 3.186471 -5.054976 -1.840903 -5.753302 -8.242720 8.600313 -1.625577 -8.094648 -6.434350 3.565889 8.126014 3.378918
-1.191665 -8.063069 8.786011 -9.859129 8.240108 5.422895 -3.208470 -2.091326 -1.697321 1.213581 -2.153213 5.840774 -9.620573 -0.039847 -3.988988 -8.769138 -0.959120 -0.054892 -3.577643 8.828484 8.551909 0.899590 -5.266286 -3.795316 -4.879964 3.913999 -0.174037 1.960076 -1.462652 -0.310076 -4.364650 9.435509 -0.695449 9.224608 1.828051 2.716651 8.274528 6.306156 9.472965 1.626052 5.570118 -3.189262 3.579479 3.739669 3.389931 4.798860 -5.258928 4.004066 -1.198537 -5.517233 -8.472757 7.107360 -1.245957 -0.746299 -9.920538 7.856026 -5.948623 -6.463235 1.893613 3.854253 3.029195 4.509471 -8.610078 8.781430 -2.592700 -5.393446 -3.491605 -5.115878 2.876450 9.610163 2.545078 -3.896186 2.819200 0.372018 4.808443 -3.750626 -1.575822 -8.881152 -1.190253 5.521079 -4.932667 0.954279 -6.564539 5.342058 -8.123074 3.053433 -7.588724 1.774918 -9.927093 -5.021885 -7.305567 5.136734 3.064334 7.148336 8.456094 -3.938320 -1.526070 5.124358 -8.914200 5.391548 -9.004095 -8.674070 3.719145 -9.227383 4.068868 5.931777 -5.423830 3.266075 -5.106293 -1.120216 8.611643 -9.898289 -0.650794 -1.143757 -0.433982 -9.107253 -3.756253 4.602899 8.612001 6.539641 -0.912111 -8.372109 -3.708592 6.328814 4.649936 8.684167 -1.372897 -5.016986 -9.803587 -4.195876 4.463291 2.670082 -1.086749 -4.096853 2.507656 -6.261190 6.202452 -4.615385 9.626984 -1.380239 6.540356 -7.113914 0.135804 -8.885684 -9.750403 -9.607616 7.195646 -6.560558 2.481715 1.856460 -4.057436 4.450541 1.267346 2.436725 -7.868798 8.299787 7.893086 5.679866 7.001524 -2.244869 2.469355 8.541506 -1.481865 -1.958830 3.994027 6.313961 4.164239 -9.856030 8.072255 8.276717 -4.479442 0.899412 -3.027261 9.257572 -7.216172 9.733677 8.896679 -9.217625 -2.444182 4.904328 2.365152 -9.712200 -8.060043 0.698606 -5.209016 -7.074651 -7.908560 7.407876 -7.946097 -4.537665 -7.297488 5.209326 8.810572 -2.906984 0.739446 -0.841015 9.058318 4.270093 -8.730235 9.913471
7.403944 -3.065700 2.743575 -5.971000 -9.319766 8.896122 -3.667930 1.776465 -5.061440 -6.174219 6.879767 -5.093367 -7.218889 3.821250 9.802942 -7.101986 -0.377609 7.165774 -4.997316 -4.912714 5.468775 -3.192923 -0.481581 2.874369 -2.112687 -0.980406 6.762580 9.761266 -8.463228 5.092986 -8.471095 -2.723790 2.607963 0.082215 -3.944816 6.806067 9.912632 -6.474598 -0.506929 -0.025977 -6.804866 -4.618801 0.082234 -4.426769 -0.972154 8.793890 -3.473120 -1.688521 -7.666240 -4.704808 0.170147 -6.454517 -5.386953 -3.990150 4.853913 -6.200339 -2.549681 5.959192 -9.834369 2.487862 -2.134859 6.232759 9.908813 8.750804 -5.786651 -1.739728 -8.501447 -9.491039 -7.487479 5.779773 3.181303 -4.150935 5.218041 0.032444 5.922829 -0.008691 -7.822299 -8.774953 7.518191 9.504758 -0.589353 9.958498 7.435166 -1.705005 -0.122243 -6.091051 -9.264420 2.885288 0.384094 -7.256559 -5.127730 0.783939 -8.683598 -2.086171 -0.191677 -9.240349 8.265103 4.778067 -1.153149 -7.010484 -1.480003 8.839607 2.459649 -3.525333 -4.681703 -8.721311 -3.068955 7.050879 -7.892798 -8.258191 -4.097224 9.309563 -7.741461 -7.015776 -0.080051 4.842237 7.650574 1.462497 -0.538639 -0.592715 -0.290922 -6.359395 8.920598 8.889184 -6.116154 -9.086718 -3.617495 7.806102 -0.778323 7.751627 7.873554 2.127907 -8.731157 -1.881304 -3.847745 3.194410 -7.219060 4.677029 5.419746 -1.764785 -5.751750 7.049049 2.168875 -9.754247 8.044028 5.035470 -5.037590 6.881353 6.597754 3.710820 -3.448137 -4.341723 8.172068 2.273860 9.945726 3.095666 1.618169 -8.657059 7.264175 8.458215 -3.882928 7.572752 3.162655 5.112711 1.438868 9.949594 5.268106 -5.967638 5.231117 -9.820360 -4.645154 8.056379 0.178460 9.147452 0.272881 -6.998857 -9.495820 1.365161 -4.401648 5.601410 -7.166233 9.801216 -3.254590 -9.099136 3.888867 9.160840 -6.609548 -1.476054 2.610893 -6.187205 -9.330586 5.634729 -0.450965 0.427163 2.116603 6.288506 4.701687 -9.391872 -2.745043 4.813433
-5.751770 -0.757115 -5.767715 2.218311 -1.218506 -9.280012 1.342411 4.858920 4.708174 3.341798 -3.418711 5.916813 -0.643162 5.706259 -7.666287 0.775081 2.338774 0.644079 -6.566280 1.261529 -8.202908 6.046369 -0.325088 4.424233 -6.153322 -0.840890 -9.758072 -8.948698 7.585454 -4.768851 -0.166927 -0.912034 4.299805 -2.357163 -9.124924 -3.012176 8.235308 9.866850 -5.416033 5.289219 -7.861360 -9.552034 -6.492853 5.353671 -7.242149 -4.854555 -6.424202 0.911181 -5.189399 -1.066024 -0.568383 -1.828123 9.402714 -2.165723 2.972017 -7.845661 -0.244454 -6.325705 5.869702 3.700460 2.295590 1.061115 7.248264 7.843217 7.237634 -7.835659 2.114463 -3.758153 -9.836784 3.681247 5.879871 -3.604163 1.526260 0.328414 7.419795 -5.925508 2.726074 -9.813248 -9.209664 1.609580 -0.239488 6.109557 7.494071 5.301391 8.352836 3.755440 -0.637044 -9.703870 -3.727787 2.876617 -3.327508 8.173789 -9.584596 9.730327 -6.417508 -1.540431 -5.299487 6.047470 -1.616983 -5.382433 -1.719671 4.924954 -1.562228 -4.690186 2.744897 8.825134 3.326744 -7.987053 -0.239311 -6.836866 -3.955914 -7.876948 7.971534 -6.873069 -1.860812 0.572026 5.749081 -7.849882 -1.328308 4.369194 6.854472 0.695033 5.573423 -1.916213 2.827546 -4.816537 1.300564 -7.308979 5.837544 8.056384 0.956721 -7.736740 6.116064 -0.403878 2.536349 3.817171 -9.954457 5.110917 -3.154363 6.905827 -2.670027 -6.612130 -9.928402 9.183811 -2.167509 -8.430233 5.951160 9.281596 8.598480 -7.144480 6.440306 2.124075 9.148113 -0.097235 -7.107161 -0.563866 -2.438578 -9.907795 0.777628 -5.635684 7.589705 9.749734 -4.846306 -3.496913 -1.808105 3.489688 3.988694 0.139867 -7.291993 8.845551 -2.729259 -3.350530 -2.030320 -3.669196 7.587297 5.027187 -9.655428 4.966320 9.731847 -1.252846 4.477260 2.010902 -6.862885 -0.285858 -1.135136 -0.197560 -6.905126 -9.928616 3.228224 9.116171 8.600417 -8.837228 -2.738406 -0.360375 0.523917 0.179081 -0.917765 3.451991 6.766570 -7.437992
-4.470005 -0.216689 0.130754 8.001987 4.098511 -0.388861 -9.859034 -7.030965 -3.978832 5.893612 -1.436277 -0.467315 -2.879799 -7.075606 5.493634 -3.021318 3.663361 1.147128 -3.503493 -9.808131 -7.599189 -9.633310 7.095565 7.579549 -6.379984 3.723110 -6.884110 -7.383786 9.347334 9.793547 -7.165037 -1.205304 -0.170621 -8.578217 -9.509401 4.243989 -9.547085 2.723043 -5.975860 3.915954 -4.222216 -6.187766 -5.431300 0.313875 6.360317 -3.214490 -4.422961 -5.579946 8.782480 -1.244526 -6.985445 7.145384 -3.057348 8.536191 5.601535 8.929547 9.713826 2.599464 -5.559062 -3.854823 -1.548142 -4.364949 -1.922415 -3.795075 -5.095485 8.140795 -9.617910 -8.627427 1.437668 -5.522288 7.208105 -5.370525 9.614472 3.350225 -9.237403 7.778486 -1.997541 -0.332391 9.374264 -7.743266 -8.371550 -8.581860 -3.361070 9.974827 2.284839 -4.472911 -2.967990 -1.688600 5.221015 -1.561888 -7.783090 2.271704 -4.362877 6.172806 5.181434 5.098977 1.418661 7.080041 8.093638 3.984190 2.927517 -5.666741 0.020666 6.562648 -4.871062 8.046546 2.889386 -8.627508 8.215656 -1.135408 -9.659840 1.843013 -7.411376 -3.840316 -6.909480 -5.152951 -3.853901 -3.914788 1.547065 -1.273445 -8.146166 -7.579752 -8.982538 -2.644289 3.617917 5.709138 -1.547721 -5.624840 -9.003865 5.691866 1.661564 -2.985333 -8.748087 5.439419 5.950084 -9.958316 0.999106 9.495720 0.485819 1.515793 -0.441594 -9.549299 7.919916 6.075997 -6.392494 -5.547008 0.362596 2.513759 -1.004527 9.907670 -4.468386 7.710790 1.482444 -2.031825 -5.717866 -9.225464 2.042968 7.318247 5.213221 -1.057998 -6.893060 6.377075 7.147100 -6.915139 -5.270056 9.681442 -0.996502 -9.232289 3.504337 -1.032660 7.426031 -9.625060 4.023185 5.485589 1.443414 8.187377 1.979288 -4.481190 1.886221 8.602839 0.204736 -8.503903 -0.868580 1.401012 8.013976 0.398527 -6.132003 5.045108 -5.142074 -1.950545 -0.271090 0.272165 -1.565939 7.715080 0.907383 -9.577448 -5.131546 -9.265262 5.985678 -5.507380
-8.407082 -9.841295 -9.330108 -2.705826 5.590048 -1.051081 -8.609500 -4.615183 7.483340 8.310647 3.552291 6.444710 9.125408 -6.389166 6.818004 9.195138 9.732147 6.099244 5.567732 -1.650052 -0.170350 -2.432706 9.805301 9.413182 7.191661 -2.543938 -9.324071 -0.994947 -6.433170 -5.810244 5.053241 -3.671245 -9.121610 -3.669862 3.165759 9.156602 8.703677 -9.061271 -4.288510 -8.750965 -6.837662 8.243325 -8.888333 3.438221 -8.036568 4.135767 8.871377 9.740772 -9.716476 -0.256440 5.930344 4.299699 2.084838 -9.677405 5.269580 -5.126002 -8.211331 2.333018 9.078391 -2.475280 -5.179620 4.194804 5.236897 -3.817863 -1.832313 -2.048415 0.114989 -0.348083 -1.192315 0.265301 -9.845367 -4.673375 -5.164841 8.058267 1.511839 6.288196 1.803753 -3.917386 0.753340 -2.343600 -5.214605 1.028204 -8.918616 -0.763712 -1.050199 -1.736107 6.119419 3.708155 2.046463 -8.257406 -4.828493 9.781304 -8.909381 -1.107785 0.604587 1.273858 -8.404965 9.641182 3.564031 -0.030162 -7.026138 -7.166343 2.570729 3.743422 6.097157 3.767910 -6.459548 -3.570836 -9.407771 8.864140 2.753950 8.437132 -7.836220 -0.876924 -5.883064 8.331988 0.024229 2.979143 -7.017559 9.868355 3.929106 -5.786691 8.100980 -8.481430 0.614888 3.271722 0.028598 4.302099 2.908560 -6.216147 2.166200 8.803051 0.016441 -5.387949 -1.250760 8.722654 1.465502 5.952902 7.726253 -1.531256 -9.646448 5.356841 4.164433 -9.033764 2.310126 -0.253047 3.903386 -9.566536 4.320730 0.171716 4.539375 -9.190864 -6.133982 7.917712 9.482978 3.951638 -5.646978 -4.578063 1.418169 6.374900 -3.310119 -3.653222 2.328845 4.882638 -6.224551 2.141515 5.443794 5.724083 -2.389207 -2.251913 8.035335 5.200971 -2.084301 9.057060 8.483455 -6.364345 0.402697 -3.741532 -3.051165 -6.384241 -5.024669 -4.366540 -0.963033 8.036557 3.947350 -9.296996 2.583401 -5.740618 0.388204 3.105601 6.879904 -3.353089 9.866043 0.989828 8.301198 -9.230947 -3.993031 8.139061 9.980538 -0.666936
-9.156021 9.826936 -3.134782 -6.914228 8.973467 -0.614889 7.281260 1.546535 6.134499 -2.575168 -1.935910 -8.916469 9.853323 -0.522358 3.594195 9.644940 -3.909527 1.113734 -3.632919 2.762540 3.919950 -2.787427 5.270949 6.294245 4.423057 4.472675 -3.755310 9.072044 7.581011 0.063280 0.704658 -8.973326 -7.011992 3.130608 3.260678 5.217198 -8.412190 9.557613 1.490396 5.751224 6.507710 8.274874 3.081238 -8.677034 3.562540 7.445662 -8.989252 -6.815520 0.414915 9.886160 -8.619378 -7.991387 -4.648249 -6.448462 -6.156596 -3.939087 7.612384 -5.324859 -5.423141 -1.714073 4.612612 -3.316933 -6.609787 -3.343288 4.080923 3.664404 -0.179241 -9.688267 -1.402825 8.074660 -7.101125 -3.738377 7.657681 -9.169173 -3.240270 5.192801 9.847133 5.470935 -8.783042 -1.426305 -2.073371 -7.335639 7.303783 9.644902 0.052720 -8.835453 5.022370 2.056762 4.924881 2.021480 -6.355014 -6.287346 -0.590980 5.893056 -0.694258 -8.301540 8.946847 4.992692 -0.047195 1.652321 -7.243498 3.854689 3.664005 -8.937686 9.347388 -8.787201 -2.049849 2.797809 -3.789378 1.259055 -9.564149 9.819782 -9.703584 -2.283722 -2.744013 -4.528288 8.222665 -7.040341 -8.457237 -4.700768 6.096333 -1.959320 9.493745 9.109121 -5.108774 3.214784 -0.883795 3.753542 -1.374734 -0.553976 8.866881 3.058335 9.252560 -3.170053 6.943011 -3.150784 -4.400062 -9.954663 -4.589489 -3.316908 -4.589532 -9.028040 4.519871 -6.476858 7.265556 -1.544953 7.042383 -9.177899 0.596562 -2.246380 1.778419 -2.828376 2.666552 0.853977 0.084100 4.090813 7.526236 5.667486 -5.773942 -9.186579 -2.995042 1.731270 -4.059339 -3.471857 5.832282 -5.531771 -1.073494 -9.062278 5.464836 -1.703558 -3.882796 -3.825214 4.460152 9.418153 -4.470593 4.523199 9.017557 -5.736937 -5.136428 1.389176 1.143808 -1.914481 6.596562 0.372071 2.080412 8.159252 -5.476690 8.587297 -3.926510 -1.279674 6.837903 -7.866054 5.363794 4.290395 -3.284379 7.475339 -9.075975 5.275266 9.886504 9.584690
-9.031557 -9.543623 -6.682693 -7.519304 -3.438897 -6.443007 -4.840217 -7.550065 3.764777 -6.707957 7.396093 -7.054288 -5.658882 9.713030 5.313122 7.034988 4.610210 -7.924420 0.194245 -2.874201 -8.356456 4.019058 7.733064 -1.509932 -3.782257 7.721467 7.621398 -0.570344 -4.950511 -3.911281 1.098909 -8.212989 -0.685284 -9.062207 -8.557298 8.993154 -1.148292 8.255461 -1.751736 -8.894080 4.249676 -1.587311 7.709863 3.426374 2.880276 -3.045237 0.539167 -4.964054 -5.419817 -3.161406 -1.760727 8.293831 6.894034 9.575901 9.980275 2.964558 -4.618875 4.244453 -4.488753 -3.013356 0.524395 1.821982 4.168330 -9.865565 -1.402313 7.757885 -7.253112 5.179361 3.390880 -4.750497 -6.983505 -6.927917 -8.890790 -8.743582 -7.465716 -2.243323 9.908884 5.887216 -3.527579 3.768204 8.885406 7.552557 -0.432568 0.567404 0.974600 -5.753370 -8.168089 -5.431915 2.392828 3.893022 0.513660 1.876337 -0.690357 -8.119102 5.838915 8.151158 -6.621964 -5.603113 -1.746098 -5.533742 8.153357 -3.735159 6.753074 7.779999 -7.873695 3.358698 -7.944827 -7.565884 2.434456 2.479432 -7.443637 3.867523 -4.526474 -0.786750 6.299875 -5.958219 -4.755706 3.766461 5.756515 -0.713935 -7.354244 4.440077 1.238460 4.946198 -3.752305 -0.377809 1.674760 0.450592 -3.080358 -8.591191 0.570639 6.405566 -8.579702 7.280311 -8.089245 -1.008334 2.700931 -9.616947 -9.396901 6.586332 -0.000031 -3.835696 -0.193515 -7.538356 2.369890 -6.364726 9.265966 -2.478178 -4.440153 3.218395 4.439661 1.921904 8.734811 3.572124 -7.600290 7.188859 9.416315 6.366343 6.300806 -7.579343 9.818123 2.833978 1.791950 9.068369 -4.286143 -2.316654 1.919698 -0.493972 2.180023 -0.644136 6.943752 9.208106 -9.350682 -2.179649 -6.856482 -7.448548 -0.140376 3.653182 6.441555 -5.700920 -9.521498 -6.461844 -4.743138 -4.422937 8.254902 3.408858 -1.929483 6.466213 -7.798240 6.828026 6.496271 -7.222280 -8.837448 -2.497804 -7.811629 4.154888 3.729691 -0.674062 -3.346097 -9.203183
-5.918788 7.214544 -4.056999 -3.347633 -8.835334 7.875510 -7.036812 -1.207541 -6.540419 -3.564802 7.001367 -8.465986 -1.058865 -8.087066 -4.573210 -7.557319 8.993457 -4.056927 -2.522290 -1.175302 0.062614 1.304756 9.173655 -9.771526 -9.975967 1.298772 1.145598 0.841981 2.608774 1.699257 -4.136877 5.773858 -9.359645 3.331128 -4.297275 -3.919130 5.750292 7.613865 -8.088914 4.783718 -2.725797 1.527190 3.562690 -7.459752 -1.318065 7.804797 -9.846236 -0.175970 -8.305324 8.952288 9.704460 -5.696958 -7.572344 -9.530196 -4.946413 2.551728 5.628237 3.731928 -1.959535 5.333331 -5.648507 3.944326 4.165716 4.583883 6.072163 -1.912212 8.386784 7.135367 0.069361 -7.898347 -7.189919 -2.623444 6.247644 -8.106179 -9.810307 -4.396363 6.397896 -3.098016 -1.836920 0.004604 -4.346144 -6.718456 -0.353267 3.253446 -7.981040 5.257386 -1.898814 -0.512443 2.466788 -5.380380 -6.690737 9.667754 8.397778 -7.748878 -3.687049 2.854636 -7.284688 7.788205 1.607486 6.913439 -0.821775 -1.088199 3.555119 5.203742 -2.213868 -4.563519 9.074444 -1.488528 -9.542896 0.661457 -1.822584 6.801746 5.476670 9.204652 7.492099 3.450896 7.500680 -0.133715 -6.067423 2.144185 1.500534 6.336912 2.269211 -6.608776 0.737794 6.227031 1.141038 -5.121885 -8.799044 7.689478 5.474715 -4.839366 -0.947904 -8.132944 -4.366384 -1.264851 -8.013701 3.661904 5.047862 -7.409628 -0.397191 -7.172122 -1.543894 5.931179 -0.128751 -6.474989 4.513672 3.103868 8.655033 -8.171729 -1.079711 9.090194 5.864472 3.592312 9.701918 -4.967883 2.594803 2.762503 -6.188160 -9.184315 -0.304826 2.760810 -4.232730 7.655435 -9.067329 -3.686933 4.501277 1.171643 -7.960404 -1.595981 -5.251309 -6.640067 -8.481014 7.650692 5.410359 -3.549037 4.912771 7.908128 -2.084765 2.085828 -0.937205 9.243143 5.203771 -2.860564 7.064811 3.484556 2.897162 4.471619 9.199876 -9.271034 4.342212 -9.755420 3.406835 -5.703246 -4.119653 4.810630 9.952676 8.211269 3.976165 -2.841076
-7.967286 0.413969 -4.856090 -7.857512 6.996925 6.151625 4.847583 3.503622 -4.554309 -2.267244 -3.758249 -3.970334 6.050076 -4.381647 -3.688739 6.869588 -3.551202 0.240319 -1.790137 -9.313549 3.806945 3.100105 -1.087809 -7.765961 -0.758591 -4.317415 7.094116 -2.776412 -2.376506 -1.217336 -4.851298 3.196562 9.339396 -6.372296 -8.618592 8.188916 3.660344 4.680434 8.082162 -5.261070 -0.711256 -7.258925 -0.303213 0.576312 -2.349083 -3.309528 4.341160 1.345109 7.783778 1.338976 0.764938 5.949089 -9.777252 1.326574 -7.721128 2.861145 6.948020 -0.634403 -8.409183 7.900855 2.427808 7.468549 2.322252 -1.341514 9.861843 8.321672 7.865100 6.038208 -2.802791 -6.547546 9.253908 -4.633525 -7.985060 5.389454 -3.783468 5.861749 3.680570 -3.026072 6.297003 -7.564123 1.215200 -1.124001 -3.066139 4.802623 3.256338 -7.298466 -4.966090 3.572952 2.959274 5.527977 2.838887 4.882840 -3.828095 -8.632978 -8.769676 4.592562 -7.595373 -8.243321 6.473670 7.714322 4.510348 -1.787276 -6.059581 2.454966 -6.298738 -7.281554 -5.341043 2.361325 -6.317943 1.436478 1.153132 1.336416 3.260686 2.184111 3.556838 1.581166 -0.949300 -6.316115 -7.970485 -2.061789 -6.093999 7.102259 -0.394984 -0.931946 -0.549604 -9.478673 -8.365132 -7.551251 3.174670 7.982836 0.885832 5.238135 -0.636991 -6.409439 -6.401690 2.651802 7.139549 -2.414150 -5.561007 9.270594 -6.387491 -1.638888 -7.363610 -2.254321 -4.636643 7.274537 0.484387 -4.800453 -2.520916 8.041932 6.207896 -1.746909 -3.825874 2.423955 8.721809 -6.411541 6.545454 -0.595223 -2.959598 -7.405903 1.002167 -6.603478 5.328261 1.785211 -8.600900 5.454075 -5.506945 8.438247 -3.688389 -0.345237 1.834638 -0.499661 -5.249836 -1.244282 -5.898479 -8.076626 9.471818 2.648091 5.051841 9.244236 4.291103 -8.987603 8.657928 -4.961706 0.445067 3.780630 2.458865 -7.843785 8.563010 8.546153 -7.240818 -2.646881 -4.106965 -1.643048 0.857941 -7.463520 3.743964 0.824142 5.081870 -6.565366
-2.265625 -8.932523 4.867768 5.338515 -1.227230 -9.562668 -9.084866 9.141865 5.833807 -5.580314 -6.002067 -7.063541 1.264813 3.944677 -1.191243 -7.079085 5.280135 6.610150 8.435826 -7.232502 -0.999866 1.703421 1.618630 -1.058040 -3.105609 6.577461 8.232837 -5.853240 -4.385094 -1.327534 -3.565304 1.196397 6.064732 -2.002074 -3.217711 -8.090564 -6.605571 -3.934440 -4.756162 7.042772 8.600618 2.679951 5.787098 -2.038709 -8.070454 6.154715 5.905651 7.586063 -7.645588 1.759618 -9.796470 8.976572 -5.118242 -0.811481 -2.450424 -9.576599 -1.750442 -5.530307 -0.925099 8.420750 8.580620 8.053528 -8.717430 7.422779 0.305073 3.315980 5.531956 -4.157157 -1.314199 -4.075841 0.207850 -3.912558 3.434018 0.030704 5.778091 7.456196 -8.767502 -1.475850 0.423733 -8.825274 -5.080329 -9.010885 6.234845 3.451637 -6.260929 9.586654 6.892668 6.028549 4.614072 -6.885009 5.413741 -5.301012 5.115466 0.685741 -5.345350 0.258639 6.602984 -5.149454 -9.813535 0.423580 9.739530 7.737660 4.724268 2.093083 6.399548 3.259427 -7.828989 -2.103749 2.541869 -0.724226 -9.837289 -3.091943 3.335705 7.360834 -4.005662 -8.625271 0.682478 -9.138067 3.608753 5.847827 -0.275712 4.060509 9.393224 0.488645 -3.973722 -5.398469 -9.820384 8.218090 4.455685 1.809627 8.489815 1.007687 0.450704 -6.913598 -7.841070 9.601676 2.505777 1.144822 -0.216369 -6.799439 0.093093 0.628429 5.325560 -1.999059 -3.228452 -6.536295 9.297932 -0.055719 1.280629 7.551032 -1.017888 -8.687130 -1.379219 -4.477883 9.791816 0.370955 -7.173151 -4.920465 5.486262 0.699417 -0.383450 8.110657 0.940835 3.677948 7.733958 0.869365 -6.891995 9.220940 -4.359848 5.962489 -6.068836 7.923252 -2.617089 5.111714 -2.943617 -6.806285 -0.309603 6.692609 3.615450 -0.245169 8.361467 -3.168827 6.345001 -9.265281 4.429383 -8.808947 3.485681 -7.512713 2.016489 7.957272 -8.287909 -5.353366 2.129514 3.401400 -0.826471 9.919961 0.289377 -8.897656 0.485679 -3.069827
0.473603 -3.203205 -6.802185 -4.309047 6.976667 1.099451 -7.130729 -9.394661 -6.058047 1.287618 0.646470 7.789393 -5.373954 -0.470140 -1.879537 9.910541 8.639321 1.450614 4.906222 9.320583 7.749607 8.919742 2.655013 -9.142891 -6.126980 -6.767996 -9.160511 2.907513 6.488447 -1.870075 -7.398668 4.002114 -0.949484 -8.048947 -9.741566 -6.527542 2.136643 5.838053 -2.314935 -9.637798 3.063807 2.271666 4.523473 7.626168 -5.733844 6.813595 -3.442765 -6.610101 -5.528021 4.727175 3.816065 -8.046169 9.944027 1.804292 -2.925217 0.844356 3.629694 -3.291757 9.538634 6.213248 2.943030 1.176098 -2.241054 -1.534269 -3.953253 9.849758 -5.372160 -5.825026 -2.149444 9.556741 -3.979948 -0.817970 0.063457 7.594008 8.095883 -6.955912 8.900951 6.107405 -7.131608 9.250907 -8.622171 -5.337666 3.231834 5.725295 -3.351469 -2.897132 -9.977050 9.909884 4.006530 -9.766299 -1.734529 -9.458148 -3.169230 4.137430 -3.606701 4.506158 9.676540 -5.916118 5.336915 1.596037 -7.900866 -3.305306 -4.775277 -1.317366 -3.457481 4.487285 -5.010180 7.419453 3.373740 6.919680 -0.721250 5.097998 -0.909779 -9.159644 -5.179480 5.305587 8.226879 -5.159363 8.349554 0.082308 -4.221457 -3.707567 -7.590459 -6.935311 -1.531827 1.783562 0.848568 7.372008 -8.338651 6.784650 5.178403 8.799660 -8.994289 -7.726107 0.620623 -2.522539 3.494971 -8.422625 -2.679925 0.756438 -0.211982 -3.617023 5.504763 -5.569976 -7.431922 -1.301599 1.058178 -8.240912 9.895644 5.578766 -4.285761 -1.717606 -8.520748 0.089758 3.150189 -4.471699 -1.902751 5.048041 5.829132 -5.147515 1.756342 -4.798048 6.650479 -6.709122 6.230045 -4.378621 7.910427 9.025810 -1.328514 9.893512 7.585184 -7.762631 5.462147 3.633772 -0.470561 9.608815 -4.456902 7.011565 -1.319503 9.766416 -3.006483 3.606255 0.649182 -2.006821 8.614736 2.703460 4.806213 -4.667642 -4.954518 5.955007 9.870744 9.904988 -9.075070 7.789634 -1.923932 -8.660920 2.819479 1.665842 2.331657 1.989970
-7.996243 7.538329 -8.450147 1.206805 5.715684 5.397638 -3.248263 4.376830 -6.150004 -3.494111 1.829988 1.967361 -7.361684 -7.703722 -1.553163 -2.735174 -0.442667 -9.950078 -7.053285 5.529340 -6.021132 2.226683 6.891166 -3.882994 -2.477747 4.086929 9.291640 -8.831971 -3.759272 -2.921687 1.715187 -7.663189 5.658051 2.720040 6.727895 -4.936037 9.611083 -7.858320 -3.564642 5.815536 -1.446404 -0.102189 4.046342 -0.880349 -2.449496 9.065320 -8.889065 -1.572764 -2.469657 1.715090 7.196241 4.164998 6.396411 5.492144 4.043206 0.713227 7.555729 1.731138 1.410333 8.818369 0.337366 3.954261 -9.926011 8.558431 -8.684870 -0.894627 7.069752 7.650377 6.052110 -4.267918 -8.066133 4.458108 -6.276238 -6.340449 7.838751 -8.455375 -9.914985 -3.092551 1.446373 -3.470253 -5.610285 -1.316207 9.843654 1.893331 -1.453500 8.230529 -0.413005 -5.844238 -9.043991 5.570581 2.796371 7.012927 -9.787646 -7.199771 -9.465119 1.552189 -6.208446 0.409967 7.754732 -4.273595 6.736084 0.962222 4.225174 4.267816 8.561512 -9.010659 0.515782 0.792921 -7.439549 8.542482 -4.560050 3.772261 -7.171338 -9.935099 9.217798 -8.553726 -7.207631 6.992832 -8.393206 1.547147 -8.636112 4.690498 6.739506 -6.444744 -9.333768 -8.975354 3.749201 7.013418 2.842325 -6.974536 5.986795 -3.679261 -8.158412 2.021478 -1.291445 7.274846 1.439065 4.554663 6.486773 -6.219940 1.819099 9.959804 3.953224 -3.799994 8.745583 0.900643 -5.162497 4.922891 -1.700563 1.884663 0.601110 7.235948 6.437749 -7.372333 -7.232545 1.609020 0.619513 -8.827038 -8.616707 -6.809163 7.316094 -3.317568 5.339701 -2.228574 0.033337 8.155735 8.290324 -5.338426 3.825843 -7.895586 -5.058624 -5.162723 -7.595279 -6.814555 -5.408065 -1.392396 8.494242 -4.908038 -5.363752 0.216845 1.569727 -6.102049 4.545526 3.554187 -0.965535 -3.550900 3.599649 -2.092904 0.627693 -9.463402 -6.821941 -3.057687 5.070310 5.423846 3.537348 -0.439029 9.480892 3.297842 -3.686262 0.755713
1.950653 -4.173830 6.696423 -3.988032 0.971967 6.831639 -0.745787 -7.285513 -8.860218 2.129042 0.083309 -9.516605 1.199379 -6.932537 -9.570111 3.547872 3.655717 0.422027 -9.065786 -6.677838 2.917377 -6.898303 2.267193 3.027724 -6.375897 -6.686310 1.900154 -5.767197 -2.700585 -7.604711 4.642933 5.573929 -6.093740 -7.296426 -3.482719 8.027944 8.954821 8.756307 2.136603 -0.108910 -3.834724 3.334831 8.606835 9.915918 -4.130884 -0.525932 -5.625840 1.081899 5.337345 1.287383 6.132592 -1.654562 2.124476 2.569157 0.973535 6.483950 6.268148 -8.743220 8.333442 -7.352036 8.470072 -8.970558 -5.348062 -0.432112 -2.873104 0.419852 4.731128 -6.836233 -4.200179 -7.621838 -9.537703 -5.983024 4.980402 6.943236 -0.870738 -1.995360 -7.851608 -7.857741 -2.400680 8.426683 -1.267070 7.122240 9.337707 -2.725217 -6.812250 -0.394910 3.140555 4.699810 -6.464916 -5.243173 4.916377 -7.521278 4.926775 -3.134122 -1.457629 6.756261 -1.260661 4.717456 7.323188 -1.203342 -7.993325 -6.157180 4.429345 -5.740011 5.611920 -3.898820 9.821934 6.096504 -4.439942 1.377899 -2.972127 -6.319447 7.692269 -6.702845 -3.997533 -6.837425 1.495940 6.127529 -1.658355 2.811613 -8.069273 -7.006642 -3.934410 -6.017766 4.810355 -7.463296 5.733273 -5.477162 -8.931220 1.666632 9.370154 -3.091758 -2.969076 8.351213 4.110861 1.550213 -9.547019 -9.686896 -5.961992 3.656498 -6.107281 6.331838 -5.009859 8.513205 8.069466 -7.627848 6.867340 1.616711 9.566969 5.976243 -0.974174 -7.380892 -2.758140 -2.132027 8.234296 -6.962601 8.719214 4.078250 3.548312 8.142652 -3.230564 3.815935 0.666539 3.307141 1.986077 -6.817828 7.947450 4.062675 5.126491 3.472357 -8.330079 -8.198729 -0.854545 9.547833 4.294984 -2.635054 -7.620030 6.949261 4.901401 3.072339 -3.803105 0.729066 -5.048776 1.306049 -1.710944 1.384586 -2.397350 2.163112 -6.840494 5.510253 -5.777672 9.683457 3.499623 -4.992147 4.349859 5.604639 5.532943 4.985454 -8.048595 -5.839050
9.316381 8.453208 8.453262 8.062847 7.649523 -2.941200 3.173110 -5.828139 1.741295 1.788099 8.689144 -4.580052 4.457662 -0.315806 -4.745672 3.123689 4.076340 2.086350 -8.682943 5.680442 -5.965964 4.707852 -3.412613 2.125399 5.361390 1.301120 4.427219 -0.835630 -2.709318 -6.748231 7.352684 -3.263404 -7.977111 7.762681 8.280832 -4.972465 -2.441325 5.072391 -5.513649 -7.051993 3.880868 1.257447 3.221995 -7.275364 -6.550497 6.432253 -4.974321 -9.026555 -6.654187 -8.827515 5.851199 3.442034 7.726489 9.061929 -4.087135 -6.130333 -9.678577 -8.207336 4.183909 6.301692 3.758544 -7.729762 2.676939 -9.082843 -9.335874 -3.675265 -6.557686 -9.716739 6.087939 6.600668 3.464027 -0.900544 8.812262 -1.158835 -3.889669 -2.351534 1.048726 8.790556 8.032105 1.318081 -3.462600 9.982793 -5.416833 -1.021435 -7.926776 5.151114 -8.351687 -7.974338 -2.275340 -3.974824 -2.613018 3.875238 -8.414979 1.046851 -3.449956 4.559428 -9.652394 -6.384375 9.332887 3.054858 -7.006874 5.894699 1.952338 1.100638 8.220679 6.656819 -7.806534 4.942425 -3.036452 -2.709122 -9.641973 3.081016 -3.358965 5.097009 7.876855 1.948459 -6.052972 -0.025488 0.251177 -0.987721 -9.827320 6.641781 -1.028774 4.350581 3.608162 0.760146 1.961597 5.183231 -2.865193 2.394151 -0.208914 0.111080 6.299664 -6.057858 5.368988 8.400265 8.790890 -6.393321 7.300574 -6.536083 -4.052285 -5.048120 -3.386533 -1.654791 4.370941 -1.235109 3.503597 -3.645101 -9.846836 -7.946596 8.844277 7.280321 3.807105 2.977809 -2.310848 8.471361 -1.946545 -1.054973 3.272435 -4.090917 -6.086714 4.660388 -1.433413 6.596742 -2.678278 -8.968201 -2.264027 8.080067 -7.758793 2.360543 7.989746 -1.783548 3.109601 -1.634824 1.330877 -1.562996 -1.011243 -4.562536 -7.933877 -2.335775 0.572571 -6.834113 -8.272932 4.517072 2.870605 5.007430 1.184427 -3.153691 -2.702265 8.374756 2.121581 1.789661 4.097722 8.880047 -4.460316 -9.012502 -4.924439 7.324161 5.066939 -3.890411
1.650411 -5.433002 -9.714502 -6.407027 2.084018 9.327901 -9.987605 -8.128247 3.017187 -3.376470 2.556074 3.049754 0.726278 4.054543 4.237353 -6.332560 -0.684940 -6.773200 0.069256 7.989471 1.016843 2.290456 5.556543 -5.289987 -1.669580 9.160780 0.258091 -9.350717 1.654434 5.236628 3.648909 8.085881 0.596982 -5.322528 7.186538 -2.387399 -3.832931 -0.361013 2.865280 -2.816800 6.139489 -4.942843 2.812072 0.229872 -6.270098 -0.513754 -4.531016 -5.027231 3.706279 0.897006 0.550392 0.254906 0.117975 4.697588 -8.780973 3.257882 4.767693 2.309646 -5.638334 -5.463340 -5.015387 6.177118 -7.819938 7.526442 3.578333 -5.414960 9.643856 4.855957 -6.022004 -0.982695 6.647240 -0.393589 -5.035539 6.336666 4.185136 -8.709416 -6.510309 -8.446128 6.587227 -1.166183 -1.944290 5.658609 9.081765 4.117375 7.522669 -4.813777 -1.532939 5.311397 2.136291 0.864368 7.269307 0.093300 -5.794338 -3.499152 9.087178 -5.671592 0.926188 9.497064 -8.768527 7.836428 -3.681119 -3.878017 -8.897075 2.449553 3.843886 -0.084838 4.845310 -4.128461 3.012073 2.261380 -4.443567 -2.595776 -6.280907 -8.748272 -5.654969 -7.708356 5.534701 5.278452 7.682852 0.910850 5.859778 7.631202 7.430054 -1.851813 -0.054338 -0.708088 -0.167490 -0.988136 -4.016893 7.930746 -9.969046 4.814700 2.873871 3.822871 -3.247574 -4.114829 7.824380 -6.071683 -2.560301 3.637298 1.162609 4.110398 1.601726 2.194634 9.528780 -0.331146 0.392223 -8.694891 7.047650 9.509074 -1.904092 4.517922 -0.804435 4.607894 0.553155 7.233596 4.679293 7.886538 -4.318897 0.599698 -5.789222 -8.646530 -7.961539 -4.862464 -8.405609 -3.823527 6.798461 4.243162 -5.561877 1.076845 -5.476905 9.900927 9.591636 -6.281868 -0.114821 -2.130287 -5.867731 9.918969 -8.849460 -0.143992 1.164036 5.944391 4.359743 9.805648 3.185142 -7.949079 -9.900220 3.333807 6.573509 -5.828466 4.257867 9.775704 1.681665 6.173990 3.823669 1.202834 -5.330737 -0.067586 7.864716 1.677289
3.407557 0.912876 -7.244766 6.176987 6.033908 4.815842 -6.722726 9.131611 8.304369 -3.355146 3.895539 -2.567931 9.099750 -1.299372 3.022073 -4.208326 8.286903 6.418755 -8.994068 -1.189285 8.827130 6.069942 7.703298 -1.450919 3.453904 -0.902400 -6.053497 -9.223175 -8.385005 -6.541971 7.762822 -3.056419 7.157937 -5.351669 -2.335894 1.530498 0.074172 -5.291775 7.567175 4.910156 2.501542 -3.174591 4.620368 -5.480958 -2.451021 -2.590602 -3.006131 6.178561 2.111374 4.188067 -2.154064 -5.389274 6.699501 -5.194790 1.861355 -8.323784 -6.686001 0.984358 4.261606 -9.324926 8.776684 -3.524659 -4.278811 2.222417 3.358694 7.374651 1.211505 8.307970 7.205228 0.568794 -0.233890 5.799187 2.536467 -3.144144 0.296136 -7.949594 -7.876654 -9.037203 2.853897 -1.367982 7.250690 0.214302 7.334066 -2.952033 -5.286079 4.567413 7.662519 -1.918910 1.301196 5.150111 -4.685263 1.037370 -1.703979 -5.770988 6.494358 -0.311692 9.774745 8.748578 7.529016 -0.834003 8.625032 -1.302448 1.500825 -5.452117 -8.163090 -8.828628 -6.392250 8.929946 -7.921377 -9.870555 4.140963 -6.366034 7.396572 -1.544600 7.732539 -6.267532 5.110019 -6.005235 -5.771596 -7.796235 8.978461 4.661009 -4.120866 3.949032 2.155276 0.876385 4.778420 -0.089989 -4.429766 -0.977440 6.791527 2.752378 -8.129408 8.905303 -1.341984 3.204844 4.798309 1.104744 -0.401855 -6.178512 -7.262004 4.616475 -2.276359 6.366479 -3.563475 3.703040 -8.118688 -1.099997 -4.913632 8.396361 1.273433 -2.635579 5.081347 -3.865225 9.971728 2.979775 -4.296322 -4.067640 -1.086959 6.120332 2.999922 4.942195 9.795690 2.614243 3.719841 1.727196 -7.089063 3.414914 -8.765082 -4.381709 9.570240 -4.062417 -7.286680 5.664605 -7.930285 6.260801 -9.591423 1.284660 -8.951611 3.247674 1.028706 -6.139317 -7.831935 -9.453977 -3.288448 5.190271 -6.007885 -4.402901 3.059733 4.935464 -5.466137 7.163613 4.508635 3.570731 1.810825 -1.370347 -0.888245 -6.761497 6.348516 -6.232976
9.084066 9.725608 -8.930243 0.615393 4.481866 -3.383233 3.567323 -6.594055 -3.761626 8.731780 -5.395874 -9.735813 9.708836 0.932060 -3.475659 -1.955324 -3.697685 3.007516 2.209651 -6.119224 4.850526 -6.996002 0.759508 -9.596215 -7.089690 -2.525369 7.399965 -0.753282 6.259722 9.581775 6.773094 -5.915173 -4.923566 2.309262 -4.820235 -6.546997 8.743350 -9.601270 -4.910930 -8.677920 -8.491424 7.255568 7.583821 4.799017 -9.746275 7.121179 -1.092817 4.981730 8.533207 2.312159 -3.761039 6.409466 4.154419 4.655640 -4.393450 -8.977907 3.403732 -9.608262 4.433905 -1.926393 6.049899 -6.837586 4.013899 -8.181152 5.666678 -0.727985 -5.290390 3.962408 -3.711058 6.637738 -7.943638 0.803358 -6.504672 9.455002 -8.607367 5.737545 8.669584 -7.223874 9.647904 -8.475331 -4.375488 4.859740 2.800012 7.570218 0.268192 0.351057 -0.467137 -7.139857 1.121407 8.664219 -8.582219 -9.200111 8.913599 -1.199949 2.820777 -6.835483 -6.581400 -5.349044 -6.146481 1.502150 -2.984013 8.564487 4.921482 -8.626407 -5.145614 -4.935123 -1.636118 3.915624 -3.915172 -7.120930 -1.948953 7.778520 -3.047142 8.766474 -6.274166 7.340206 5.148603 2.934396 4.171773 8.118995 -4.447907 -0.892924 3.009119 5.694688 5.984482 -1.414061 -8.044493 -1.829829 -6.485936 4.923350 0.645419 9.076089 9.472304 -9.749998 -7.739576 3.002329 -6.693621 -7.538676 -1.937578 -1.780766 6.718480 5.445217 8.581278 6.850333 4.930980 -9.064674 -8.596122 -8.007774 1.870229 -3.578334 5.855767 4.036153 -2.214335 -3.602054 4.841978 2.330945 -0.414417 -6.884198 1.942018 2.056235 -2.942962 3.118309 -8.700650 8.215332 -6.218219 4.478086 -1.049118 6.479515 2.574143 0.313362 -0.249443 6.768686 -7.089995 9.475457 0.787101 -0.915817 7.189902 4.884838 -7.352122 -6.166122 -8.896808 7.019996 -4.390046 -6.369832 -6.662705 -4.792334 -1.797428 -7.372854 -1.685783 -0.963932 2.559430 -5.508207 1.906100 -1.257488 -9.136136 -9.988580 -4.932837 5.718699 4.911778 4.122277
-1.243929 -8.749069 -0.191405 -3.711444 -0.391897 9.493225 7.622453 -0.244829 5.855875 -7.327716 5.611494 2.342640 5.339166 -2.132037 5.520837 -1.656784 4.412030 -5.076725 7.490187 -3.975774 -1.572855 8.690918 9.558378 1.729162 3.856460 3.279170 -4.339129 -5.761203 0.112958 1.798006 9.556534 -9.305741 -3.101759 4.193364 1.552016 -8.930414 -4.369624 8.483074 5.988398 4.154994 4.654173 8.140708 -1.880908 0.916353 -7.684408 -4.788630 8.007231 8.412761 -5.702572 1.311914 2.431065 -8.852427 0.594022 4.130332 6.004472 6.804069 -0.509888 -3.205175 -2.180231 -1.355213 -2.007258 0.745350 8.386932 -3.294992 -6.213500 -7.732635 -1.969466 -4.581216 -9.893400 -8.025136 0.003818 -6.109056 -0.754207 -9.939673 6.776546 -2.467793 0.233971 -0.778277 2.954493 1.086055 -0.589759 -7.061844 -2.034421 -4.692208 1.169535 9.963224 -1.014426 -7.597438 -7.594820 -3.469639 5.358246 4.576727 9.387131 -4.524524 -6.218522 2.409995 -1.861543 -5.046872 2.771081 -1.006639 2.661219 -3.253635 4.077510 1.480423 3.219881 4.698055 -7.082938 -5.642548 -5.051403 9.585951 9.212046 6.972362 -9.322153 7.239964 -2.769945 -7.742812 -2.169596 -8.617877 8.824451 -6.412497 5.621070 -3.061910 -8.502823 6.192351 -9.866060 -0.676978 -6.037929 -4.221621 9.249226 -4.925378 2.345646 1.719320 -2.525462 -4.779869 -3.012921 -3.133650 8.568384 5.764374 -8.477000 3.152694 4.334077 -7.433455 1.869672 -9.432295 -1.688950 -2.040556 -3.529489 -7.244058 -8.831728 5.271307 -4.743126 -0.462320 6.436175 -8.904610 -0.299938 1.025808 3.192414 -6.195661 2.933794 9.453724 -2.085446 -1.230571 -9.796134 8.550223 -1.110931 -4.669488 -3.435728 8.067687 -9.233252 7.202209 -7.194673 -9.803512 0.677541 0.953418 8.247332 -9.754123 -0.699831 4.960729 2.264292 -2.537146 3.418844 -9.589703 5.352802 2.664041 2.457194 8.995666 4.976161 0.952303 2.058431 -8.746891 -0.031778 9.525060 1.430196 -0.759972 8.188948 -7.690215 6.946070 1.236546 4.185171 -5.284888
9.880964 -3.729153 6.756032 7.083923 -4.809428 5.602242 3.629141 -3.683042 1.527272 3.347606 -2.179307 7.904369 4.052522 -0.288630 -6.975348 -9.798182 0.672889 3.922181 3.415458 7.270854 -3.668405 9.239001 2.921085 -2.495595 -6.147775 -8.774775 -0.991858 5.764691 -0.057936 4.508671 0.701428 5.714804 7.295647 1.216948 -3.772908 -4.070300 -0.855557 -5.945438 6.170737 -4.490316 3.352033 -7.901732 9.114186 -2.347538 7.615132 7.675711 -3.353183 6.638958 -6.224415 6.811542 -2.177097 -8.692501 -6.065975 7.326016 3.249253 -2.633027 7.267075 -4.787967 -9.552489 7.675653 7.006299 -9.092246 5.754945 -1.393946 -7.579547 -9.306824 -5.095868 -7.653235 -7.580240 1.190241 8.210093 -9.214153 -2.292607 3.495330 -3.717725 -4.578107 1.924242 4.665910 -9.614508 -4.279451 -2.753573 3.497076 -5.707406 -1.374056 -9.011213 -3.934926 3.567146 -8.412648 4.944409 1.526482 -2.019711 2.464206 1.104631 -8.815757 7.279624 3.772193 7.557166 7.164473 5.551329 6.667489 -2.529967 9.781655 -3.003740 2.052359 1.661377 -2.890576 6.825913 7.595819 -6.121959 3.792585 5.836607 -4.151223 -8.595051 -0.414536 6.212568 6.933337 -2.871211 -8.244247 -1.288210 -9.609049 -9.023791 -4.117677 -2.043158 1.930805 4.761453 0.978136 -5.158372 -6.183798 0.990090 0.670648 0.867910 4.958094 3.476593 2.392291 -3.343564 -7.125673 8.527071 1.774820 3.364161 -5.340160 -4.683516 5.429966 9.372757 0.672494 2.513300 0.457016 -1.930153 6.873341 -1.412022 9.600970 -3.945960 0.064691 4.277836 7.587387 -0.126823 -6.034288 3.142478 8.760635 -6.086470 8.747710 6.992765 1.408517 2.780773 -3.501912 6.240154 7.001430 2.729295 -9.504775 -3.830946 -6.624357 -6.705572 5.785252 7.685228 -2.230840 -1.131877 7.685820 7.004279 4.274617 6.344886 0.955637 -7.829664 -7.600327 -7.080416 5.252279 -9.439108 -0.727331 9.872104 5.950397 4.205529 -5.730991 0.494812 0.885747 -6.619616 -8.950656 -7.273604 -3.759029 -9.849483 9.784584 5.759633 -7.384679
5.004504 6.468356 -8.633093 -2.822827 3.557942 -9.421603 -0.713475 1.304656 -9.394329 -1.609976 2.731548 -6.571027 5.116532 8.185132 -6.320639 7.506686 -5.871865 1.739731 -7.854854 6.489860 -6.279043 -0.197119 6.363722 -0.166106 1.926453 9.797041 -4.852040 -0.585626 -8.929600 5.740278 -2.676454 -1.845370 -2.401015 -0.705429 4.904922 -0.211787 3.745263 -1.824271 -1.737889 -7.180363 9.930350 -6.285461 9.644879 4.482462 0.619212 -5.759044 -6.563855 5.106309 8.376429 -3.337734 0.844080 -4.721872 8.143882 2.540624 9.310585 2.444633 -2.902816 -7.107993 -3.141703 1.819017 -4.860541 -6.478108 2.336917 4.509396 -7.599724 7.938901 0.615110 5.204237 -1.196672 -1.870348 6.693858 4.160732 -0.744423 4.275528 5.290742 5.907102 -1.340544 -1.339725 2.840064 4.300657 4.602593 -6.628706 7.854333 -6.886464 -2.552658 0.510079 -2.554708 8.187893 9.293857 -1.302068 -3.898764 -5.141553 7.960174 -5.310513 6.531688 -9.474249 -6.222500 -9.986351 -4.313987 2.345547 -8.045129 7.633042 -3.916953 5.595639 -0.008888 0.674695 -0.222437 1.135431 -6.175369 -1.239552 8.066575 -3.990587 -0.297349 0.380612 8.479259 -7.746374 1.984467 -1.628011 -3.228734 9.890423 -3.800028 -5.020388 1.073378 5.695712 2.422367 2.015046 -8.614038 7.336532 -3.928185 -8.550188 9.481906 3.425256 5.983390 7.846398 2.008846 -2.047949 -0.830807 -7.507584 -0.520915 -2.015679 6.098331 -0.679193 1.018066 -5.040502 -9.966894 -6.644179 5.179331 -4.064517 -0.394759 6.832015 3.126085 4.345521 2.875524 2.329287 1.216044 8.521395 3.670217 2.127106 0.063524 7.774300 3.822049 7.806553 -7.239185 -3.401659 -4.935997 3.018937 -7.152165 -5.565348 -9.482231 4.876315 -0.092300 -9.976361 9.334016 -8.967181 -2.380046 -2.175810 -7.441825 9.140417 -9.533375 1.182572 7.817284 5.045816 -0.867192 5.346062 8.796173 -5.830086 -0.782519 -8.057827 -4.415546 8.061101 3.086032 -6.274720 -1.190560 7.081144 -4.984213 3.284624 -0.734229 4.902516 1.972199 -0.113631
-7.196854 -7.632148 2.626193 -2.722519 -5.200283 -1.255725 1.056893 -0.147950 5.097738 5.334642 6.827247 -1.962970 4.403485 1.395036 -3.746698 -8.817309 -2.074921 0.380499 -3.495399 -8.148560 7.985084 -0.116836 9.597005 -4.826199 3.521519 2.187890 7.318576 5.977758 -2.315162 8.752637 -7.916392 3.033308 1.638199 8.605812 0.603436 9.567278 5.915598 -8.566297 4.888040 -6.240089 6.109360 5.302970 8.586089 0.023190 8.912913 7.525005 4.443657 -1.438226 0.095342 -6.164481 4.701674 3.265487 1.648432 4.179240 -4.235465 1.073541 9.454296 1.624544 -2.879064 -2.270823 0.718768 9.138799 3.039906 -4.915555 -9.517825 -9.663776 1.464690 7.253382 -1.265580 -4.708406 0.681017 -2.987358 -1.254274 -5.283878 -1.853515 -8.763930 6.114746 1.687586 -0.548895 -8.991189 -9.268134 6.983126 -4.799814 2.850300 5.411737 6.600102 7.659072 -9.639967 -3.531910 3.051336 -8.650872 -3.089481 9.325936 -9.315784 6.253465 7.538658 -2.199067 2.716263 5.114064 -7.614565 9.585320 -4.023563 5.090819 4.638788 -6.386240 0.227959 -3.523278 3.165532 -7.787760 9.874185 -2.188762 0.709179 8.521608 -6.946450 8.424010 -1.293398 -5.596256 1.464808 5.012155 -9.555498 8.530545 -1.448825 -3.532397 4.024323 4.096223 -4.549795 -2.406143 5.460176 -8.601401 -0.348349 -0.118109 -1.120513 5.452689 8.998840 -3.715400 -3.450663 -4.006793 -4.326403 -8.122282 -4.098962 3.721015 -3.116982 -5.947487 7.954607 1.277928 -2.514209 6.613210 4.976961 -1.937250 3.382205 -5.360718 -6.517634 -4.981466 -4.208815 4.060273 1.042357 -7.875221 1.856233 8.573631 -4.545128 2.666972 5.520067 0.320588 2.754213 -3.781358 -7.903071 1.104106 -9.450748 1.630296 -2.810520 5.232196 6.691774 1.397595 -2.436838 -7.317770 1.930036 8.320743 0.090138 -7.538445 -6.127834 -8.388988 -8.744040 7.305558 -4.484876 6.104106 -8.392231 6.233678 -8.121540 6.950323 -6.540448 -5.490283 6.509271 -7.331227 8.239866 -1.637569 -5.844741 -5.535093 -3.500704 1.399841 1.555589
4.825592 1.892718 2.251570 -3.939885 -1.744553 6.385792 -2.940868 -1.102697 5.199010 7.837514 9.898856 -4.496012 4.370430 -0.286211 2.103232 -8.128516 -0.514339 -8.872134 7.236523 6.416936 6.175703 -2.843618 -9.989114 9.585572 1.016088 5.041282 5.269676 -9.987922 6.347588 9.259708 6.522567 -7.228450 1.391152 -2.551604 -2.693107 7.587511 5.717327 0.782411 6.078979 0.100528 -1.272896 8.758850 -6.403306 2.974646 0.878455 -8.120536 4.753328 6.816612 -4.166555 7.148545 3.166917 -7.071015 0.539101 2.159131 4.099499 -6.286868 6.322197 -0.927846 3.168879 -1.797848 -1.855594 4.836210 -2.212557 8.323234 -5.349699 -9.971235 7.249353 4.718701 -8.724797 -8.194095 5.129880 -2.607720 6.831412 -9.812514 -2.795828 2.814540 2.246916 -0.741254 -1.934535 0.584390 6.572172 1.532991 -6.669732 -5.233782 -4.034774 -3.467460 -6.835799 7.874009 -8.253582 -3.004794 2.179709 -7.117340 -0.198249 -7.748505 -3.832821 4.677627 -4.869693 5.000201 -9.954136 3.447058 0.434873 -4.914934 -9.968171 8.441247 -1.536612 3.627761 -7.679782 1.981159 0.102930 -8.154718 -9.502892 -2.424795 5.210210 -6.183337 -3.006365 -3.201047 -4.401006 -4.566894 7.548199 2.618920 -5.132374 -1.407128 -8.054942 -6.589510 8.383593 -3.390355 2.455049 -4.823292 7.401424 0.255611 -2.107468 5.470749 -7.178444 -4.338631 -1.146421 -0.118182 -4.367165 -7.415525 -9.782413 9.402160 -8.447701 -8.094708 4.172962 2.934155 4.622707 -8.816110 3.261832 -9.097192 -3.260065 0.625823 -1.223998 9.161788 -8.551000 -5.706947 1.814609 -4.407209 9.863351 0.178724 -8.154679 6.205656 -7.418148 6.132811 5.819694 -0.898207 -3.088055 8.534240 2.772607 2.078291 3.280828 9.897913 9.408431 2.551272 2.492865 2.961133 2.716598 6.138949 -0.750819 9.988134 3.925632 4.084173 6.409551 4.094779 -4.609533 6.435750 -2.253963 -2.267692 0.543784 -7.766885 0.954360 -6.962365 -5.740936 -8.473730 -8.215335 6.809843 -6.011932 -2.609359 -8.907845 8.425082 -6.268961 6.479190
-9.798743 -4.916595 -0.699173 -6.018711 6.281899 0.809888 -3.217644 7.880225 -7.036234 -6.351280 -5.025822 1.419857 0.356253 -9.107308 -8.712656 2.538668 -1.095879 3.740679 5.302354 8.278772 6.924479 8.054703 9.985319 1.987094 2.237068 -9.606309 7.648322 -9.890319 -2.048270 2.537052 -2.569654 -5.357433 5.678982 -5.201069 5.093181 -1.418963 -5.838517 4.118868 -4.579364 -7.763773 -7.272990 -3.528631 -3.187316 0.441697 1.931576 7.343787 9.925425 -6.503287 -6.609600 7.872921 2.626060 5.377675 7.056786 7.100864 1.201841 -6.091650 -9.379191 -3.917819 0.069397 -7.788560 0.783640 -3.173689 -6.818498 -1.398141 -5.701135 5.323338 6.464001 4.458790 9.007385 3.208289 8.843849 1.317257 1.617859 0.499432 -2.400580 3.593253 -9.655085 3.709330 1.357085 -7.932768 -8.347667 9.600588 6.068551 6.846132 6.377920 9.029666 7.606931 6.623588 -1.303512 9.549784 -2.161424 -6.249163 -0.355429 -8.103920 -6.445404 -7.204308 4.412362 -9.879585 4.152342 1.148893 9.893987 -3.883217 -3.847645 0.502869 -1.863765 -7.532123 1.962265 2.345872 1.125417 9.293618 -8.542878 -8.555035 -2.157271 -3.448683 8.283549 6.093442 4.587317 4.623397 7.822479 5.106972 -7.690116 7.894606 -4.013841 -3.444653 -0.516622 -8.730486 0.365955 -3.349082 -4.341261 7.248599 8.499219 9.671882 7.186933 8.693383 4.657025 0.781069 -8.380248 3.432743 -5.201928 -3.546288 -8.210159 -2.987017 6.863211 7.844072 -1.163955 5.949858 1.584949 -0.018521 -1.381631 -6.174098 -2.002646 -0.283077 -6.298716 2.352880 -4.621821 9.985484 -3.528843 -3.986708 -8.094746 -7.572019 1.309820 -6.855622 9.427217 6.839254 -6.031766 8.851755 2.080757 -6.705016 -6.768388 -7.921231 -9.412351 -1.024746 -4.463008 6.545469 2.457566 5.231476 -5.327686 -0.497417 -4.933212 -9.856431 -5.485419 -1.665128 -6.369306 7.001099 -4.707144 2.309933 1.569593 -9.783690 1.443755 -7.710575 -2.606862 7.912083 8.176590 -7.511264 -1.251870 5.627263 -3.950016 -9.448708 -6.864491 5.247706
-8.615367 0.167688 5.401480 0.361244 -9.004213 -7.254113 -3.531847 7.788792 -9.395279 -3.141912 -6.681962 -7.272063 -3.434809 -7.486228 5.054061 -6.927427 -6.218043 7.029279 8.954126 7.738206 7.525182 2.724702 -9.914972 -7.471815 -0.322691 2.628649 -9.174337 7.038104 8.763166 -6.723031 6.525661 -9.960338 -4.145028 -4.594554 0.423078 -8.458341 6.981013 2.840036 5.511105 1.520735 1.123320 5.084577 -3.951748 2.273976 1.239591 -8.564180 -1.564105 2.533076 -2.139122 6.608536 7.374327 9.732844 -6.453936 2.029929 3.663068 -4.761054 -1.466560 -2.651125 -9.774928 5.176828 -8.471131 1.710361 -4.621579 8.523542 4.404463 -7.073299 -3.621573 3.194845 -6.594159 7.163179 6.383243 -6.062896 -0.605809 -2.620915 3.133229 3.032517 6.356760 1.955951 -9.681440 6.718547 -4.681865 7.918272 7.072411 7.811580 -6.737797 9.087944 -8.742726 2.131184 1.860181 -2.458823 -5.255008 3.062693 -0.472372 6.473253 -7.503694 -8.536636 8.798395 6.604727 1.385629 -5.173904 6.606346 -5.620625 3.443718 -1.949174 -7.758547 1.492245 -1.367024 7.469253 -5.307962 2.407902 3.871181 5.974612 6.527355 -1.108107 -1.368166 -5.115004 -7.466023 -7.974484 -0.037599 7.623724 8.417161 5.401728 -2.804159 1.423091 1.003734 8.039728 4.156332 5.942905 -3.459297 7.661397 -2.374791 7.434832 9.974722 3.788537 4.515780 8.059588 7.362332 -3.517524 7.135424 -6.019055 -0.534448 9.195367 8.533402 -2.876750 -1.103116 8.958555 5.956636 9.090823 3.801753 6.241291 -6.110023 0.801757 -7.700089 -6.521797 -6.088266 7.278950 6.408974 -9.629423 -0.840880 9.555991 1.704630 -1.798716 -9.509361 -1.959974 -4.900041 6.320244 -0.847729 3.117180 -0.424889 -1.689398 -3.981261 2.921170 -0.150849 0.981180 0.650555 7.280932 -2.453374 -1.671740 8.872524 3.103982 -9.390367 3.730405 1.122822 7.398702 -7.438041 5.734237 2.316023 -2.589661 9.901365 -3.034424 5.541354 2.875487 2.999641 -0.637762 4.846751 -8.018288 5.746898 -6.626788 6.469556 -6.151791
-4.191347 -0.769875 4.433345 -6.803173 9.962169 6.876321 9.923008 -3.833824 -9.362799 -1.643299 0.042037 -4.424131 -1.636549 7.679655 -2.892564 8.080973 -2.040046 6.710181 -8.999150 8.415817 -0.537354 -9.860003 5.840036 -5.684882 8.868670 3.380183 9.076798 8.456145 -5.915482 9.628632 -7.846179 -0.266207 -7.546756 4.334893 -0.356629 8.493390 5.211838 -9.645644 -9.242645 1.596706 5.816320 -4.060377 5.477147 8.080202 -3.425000 -5.545513 5.624171 7.761360 -2.104961 8.411030 8.586529 -8.861860 5.792011 2.166641 9.600181 3.364272 4.868446 -7.420382 -7.150167 -9.461094 9.609534 4.549010 0.693452 -2.642234 0.130439 0.487409 2.881001 -3.635647 -5.104551 2.706900 7.372407 -7.167804 6.910501 -8.064987 6.231632 -4.136523 -3.654251 5.073072 -0.844512 -7.082352 -9.814841 1.024721 -6.570342 6.328029 -6.279036 -7.614552 -9.118689 -0.985024 5.469366 -4.146351 -8.824216 2.162319 -4.701670 -3.880866 -8.508918 -9.172972 -6.505220 -8.712081 4.009433 -5.452103 -7.443385 6.522395 -4.994007 -1.039700 -5.594865 9.035521 7.311017 -5.053922 9.758823 9.557795 -5.728641 -5.989693 5.151376 0.537031 -5.616712 -4.985182 -4.121895 -6.767651 8.589831 -8.040130 7.898468 1.380411 -6.227876 2.287652 2.961700 -6.957010 2.066366 -7.955862 4.209649 -7.707380 7.449946 8.463890 7.859251 7.918102 -6.185148 6.404050 7.015832 -1.883228 0.322490 9.223453 4.204806 -8.310779 3.029244 -8.527731 8.601005 4.524315 0.770180 -5.436821 8.678421 3.511002 9.048055 -9.643980 -9.260925 2.437252 7.341649 1.290154 -8.953629 -7.449243 -7.330863 5.044209 7.806664 8.984353 -7.945131 8.965234 -6.734749 -5.045529 9.015284 8.997035 9.543433 8.672719 -7.074770 -9.950307 7.630928 -7.074419 0.285653 2.943056 0.030940 -3.818465 7.080890 5.455542 -8.682071 2.022701 -3.912206 5.464222 1.975331 -2.526714 8.034507 -7.013666 -2.635644 -7.258759 1.247167 -0.259415 5.960228 9.147312 -0.095484 -4.560745 6.312370 2.226227 -3.955338 -4.642837
3.987792 3.185829 1.746976 3.056049 9.256159 -7.122489 -8.805861 -8.587139 2.151570 4.298829 -5.722362 -5.324236 -2.153715 -4.683201 -7.469432 -8.002448 5.585469 6.992538 -2.242149 5.130164 -6.468610 4.946952 3.779775 7.867952 4.305547 -8.564462 9.370609 1.662376 4.310622 3.377749 -9.044964 -2.932108 -4.879406 6.054072 0.656388 6.757161 9.889764 2.797359 7.381467 8.590437 2.983467 4.842877 -0.309069 -0.100731 -3.778103 5.507978 -5.905194 -1.435563 0.751224 -4.977462 -3.411854 5.707815 -5.558060 -9.037008 3.836721 3.709329 0.084787 8.198704 1.937104 -2.609683 -2.498443 0.181832 9.262550 1.847034 -2.457295 8.681181 -0.485323 3.781788 3.993149 3.870994 -7.760065 -4.632019 -1.189406 -2.998895 9.720873 -1.093565 -7.897192 -1.106191 3.383709 2.586233 -0.962745 -0.919579 -6.001062 3.898250 6.417797 -9.262373 4.661626 2.717573 7.408911 -6.123222 -5.188117 -6.889112 5.512320 -7.277840 -9.926101 -8.074290 4.403537 -1.973068 5.648554 -3.118016 -2.428200 -6.775781 9.505207 5.870315 9.416334 -5.773875 -0.038347 4.081838 0.035808 7.757382 -8.565341 5.380940 5.895831 4.033999 5.800816 -2.346907 -6.185838 7.155551 -2.348948 -5.060311 -0.362007 7.282579 -2.204314 8.844749 -2.012141 -6.948177 -3.337486 0.285602 2.761610 7.376859 0.507310 5.231898 -1.832612 -1.274288 5.094184 -7.476645 5.885223 3.113474 9.700982 5.080561 2.707547 -1.440726 -4.175956 5.091910 -8.607375 4.550610 3.416478 -6.505860 -0.956182 1.024955 -5.951469 -9.131104 7.442301 -6.897445 9.025322 1.970667 9.374347 4.351114 -8.501128 -8.273562 6.722873 -8.848313 4.315317 8.382421 7.823864 -2.056938 -2.051751 3.057910 0.183653 2.118689 6.596349 9.364385 -3.751805 -0.941785 -7.640721 -4.001141 3.189071 6.589026 -3.500196 7.592033 6.332374 -5.473031 -6.779636 0.162815 -2.997032 -3.236195 -8.912797 -3.111949 9.403665 -1.173055 -9.503187 6.021089 -3.557134 8.132596 8.518345 1.733402 0.376598 0.163560 -2.600154 4.178710
1.196711 7.562246 -5.363173 9.398938 -7.906010 -2.010388 -6.684926 -8.448447 5.046675 0.084611 -0.378656 -8.961456 9.492486 -4.148886 6.246536 -2.322593 -8.177045 -8.862944 -3.683479 -6.590666 9.071797 9.931079 7.995835 -6.900270 -5.384036 0.295536 -7.701677 8.620484 0.944889 -2.750948 6.969477 4.906907 -3.273948 -8.747676 -5.937102 0.357248 9.011428 -1.762191 -1.308127 -3.539244 1.282069 0.582643 -8.071476 -9.985376 8.600434 -7.204649 8.547543 -7.061669 -7.405491 -8.813005 2.652339 4.131617 5.119066 3.402278 -5.149805 9.173715 -6.190430 -0.081596 -2.551523 7.497509 -3.460614 1.966010 9.662476 -8.473100 -2.273252 1.270180 8.570595 -8.458332 0.617859 9.401307 -4.843855 -0.986073 -0.442647 2.320752 -6.714471 9.120449 6.101175 9.663584 2.534223 -6.402649 2.312625 -5.996096 -4.977417 2.713076 4.810989 -9.186179 5.871001 -0.009558 5.451675 -1.613832 -5.676187 -9.218547 -1.883160 -9.405559 4.756916 4.242091 -6.565476 1.808876 -6.199598 -7.136472 3.408086 1.364969 1.790826 -1.356144 -7.038486 2.259071 4.674682 -1.570144 0.729329 9.549085 -7.478963 -6.982346 -2.575632 4.282216 1.365665 1.926679 -7.671170 3.105504 1.793349 8.720840 -3.213200 6.155585 -9.298493 7.283170 9.199322 -9.212947 5.465316 5.540326 3.545858 -3.793798 9.140015 2.255262 2.507205 0.364455 -1.394483 -8.005968 -4.721076 -8.058874 -3.506177 8.853751 -8.359223 -8.407329 7.513144 1.319836 -6.999745 4.017721 -4.605909 -7.349532 7.335936 4.619847 -5.038560 -2.615738 3.300166 0.786086 4.831726 -7.068983 8.662080 -8.386184 8.544846 6.327052 9.170756 6.813913 8.101205 0.156041 -3.560069 -3.681561 8.600287 9.119267 -4.655608 -3.913863 2.831654 2.391463 -6.732401 7.451298 3.900439 -2.147428 3.042377 -4.999771 3.589935 2.740592 0.026800 -2.484541 -2.937834 -2.074807 8.563846 -4.328169 -9.891961 9.210323 6.475040 -3.603270 -0.606538 -8.083879 -5.723026 -7.256153 -0.415715 9.026637 -6.458993 -3.119746 -6.735753 -1.966861
7.601701 2.013485 -2.726893 7.911464 -6.033433 4.612026 6.624851 3.351945 7.137280 7.359469 -0.331662 6.860155 -0.301124 9.688835 8.541406 0.742328 -3.801962 3.116522 3.384201 5.379648 4.611632 -2.288497 -5.395172 1.676369 2.573162 4.883700 -8.405037 6.635934 -9.170440 -0.056820 2.453729 -4.631500 -4.815639 -9.446598 1.825955 9.608362 8.820110 -4.914914 6.741029 3.677356 4.876829 -1.740370 2.384652 -4.829891 -0.249528 1.745509 2.332736 7.786336 5.282959 -7.320086 1.587938 1.234563 8.478076 5.873086 -1.873238 -6.396495 -8.364713 -4.630744 0.537329 8.864444 -8.199690 -9.938212 -4.799615 -2.268689 -1.859490 -5.716114 -8.211734 -3.000938 3.240931 -6.965883 -1.665195 -3.430293 -4.167064 -5.393532 -0.513683 6.411910 0.180305 0.189519 -3.865508 -4.971029 1.741831 -7.799040 -8.511820 9.699320 -4.886095 0.332753 -0.531203 -9.650102 -4.512234 -9.685396 -5.314046 -2.432828 -0.241939 8.169656 9.228742 4.626483 -5.079293 0.135955 7.891514 5.130566 9.278487 -0.876347 1.022579 0.520293 -6.427010 -6.883594 -5.455480 2.752269 -3.015033 7.715931 -3.060369 -4.980444 -2.574489 4.370951 4.304815 -6.206704 6.778243 1.434056 -0.184564 2.162714 -1.064522 -3.327315 0.486079 -7.947732 -3.560251 -7.133851 3.730713 1.871923 9.938465 -9.132870 -9.500146 -8.063370 1.504252 5.006084 1.506925 -1.827240 8.286701 8.254194 2.519800 -2.624775 3.866830 -0.652789 4.455112 -1.584939 -0.118506 -5.205742 -7.041215 -5.540693 -3.760232 -0.541848 7.312897 0.317787 2.468532 -5.648729 -0.055260 -9.471091 -0.623051 -1.848276 4.448672 -3.608355 -5.582020 -3.901477 -8.562916 8.348167 -3.560350 -4.471687 0.591860 -2.315271 -7.974678 -4.399696 6.591531 -1.588290 8.092946 6.551898 -7.138153 5.921058 4.097155 1.835288 -0.192769 -6.236210 -4.298426 6.601206 4.392330 4.612922 7.062294 2.649620 -3.447022 7.143352 -2.477778 -4.365416 -6.769425 -9.198939 -5.210740 -9.454493 -8.252865 -1.036578 -2.360409 -6.135877 7.217377 7.735351
0.648275 -2.823276 6.713807 -2.446041 -1.252165 -9.092008 7.111532 -7.221495 1.462496 -3.569475 3.346265 8.737178 5.706795 1.780798 5.870921 -8.211484 -3.970278 8.351366 -4.001943 4.805372 -0.250508 -3.766928 0.588909 -1.844561 -2.051714 3.627365 -3.552190 -3.528940 -0.906222 -8.590866 -8.612429 1.169013 -4.558471 8.111173 6.054556 -4.757187 4.539980 -0.577866 -8.230260 -3.874101 -2.279925 -8.158057 9.352505 0.475428 7.357922 1.181840 -9.112243 9.596148 4.700123 -1.571606 0.774456 -1.056883 4.160197 -4.616343 -5.214585 4.547938 -9.652204 -9.846428 -0.224144 -1.839677 8.446660 -4.147018 -9.893842 -9.611108 1.909451 -7.474615 -7.307993 -3.932755 4.164643 -7.382650 -1.372372 -3.765740 3.032780 -1.302242 -0.166482 0.541293 8.707431 1.370722 -3.250234 -7.839518 -6.621129 -3.402122 0.117627 -8.398815 -6.214734 -8.005404 2.024465 2.035910 1.452194 9.608554 -9.056098 2.557621 2.498422 -6.940719 6.130158 -7.416308 3.052703 -7.971609 -7.440347 8.135427 -8.457730 3.600026 -1.595914 3.382889 0.922463 2.402144 8.752406 -0.294289 -8.662232 -4.187394 -5.335261 9.352551 -0.957600 -9.633566 -7.244138 5.055423 7.169634 -3.849206 2.377756 2.640811 3.885461 3.251932 -9.654146 7.897953 6.207716 -3.094350 2.904246 0.094054 -1.192249 9.915959 4.670375 9.413337 -2.557946 -0.959249 -7.267677 -5.487204 -6.481523 -7.029309 6.509894 4.878474 -1.234709 -9.675793 -8.732575 2.614917 -7.841090 -0.816081 0.797982 -9.722692 -3.704657 9.475757 -5.989026 -2.482133 -7.408052 -6.286091 -7.375742 7.995351 9.483297 0.529998 -7.323586 -2.719149 -1.468861 9.886987 -6.880320 -3.567765 4.511512 -1.770231 -7.633765 9.466937 5.094613 3.752241 4.680466 8.402099 7.972417 -2.457034 3.841151 -1.701714 -8.901401 -2.201536 5.830491 3.734770 -6.280723 6.450773 -4.193219 -5.405492 5.520509 -6.221299 9.228935 -1.913046 6.866970 -0.563665 4.049619 -6.140956 -1.514327 5.331605 2.914013 -4.526270 5.338835 -1.590152 8.138765 4.164582
9.128871 -7.803089 -8.659718 -2.015607 -5.482525 -0.521535 -5.188354 -9.882128 5.464535 -2.699271 4.699080 9.617929 -0.379106 2.057523 6.088381 9.901148 9.905139 4.838540 7.917359 0.931729 9.512803 -4.371593 8.446526 -8.688692 -0.197510 2.871101 0.898722 -8.755080 -7.484232 -6.806551 5.445138 -9.645282 9.859997 6.021659 7.250256 8.150444 -0.607177 6.616133 -4.176020 2.743181 -1.662796 3.786071 -0.184047 -1.633253 4.656840 -0.315440 -5.189960 -2.224554 -6.875581 -0.690041 -1.664275 -8.369703 6.221012 9.453012 3.719285 -3.908462 2.144753 -8.254072 1.080627 -8.954633 -0.914702 -9.463496 -4.304165 9.190457 5.816422 -1.201080 -2.723636 7.971775 2.157362 2.582002 -5.117465 -2.194632 -6.491888 4.370875 9.205383 7.462482 5.600501 -3.773844 -6.751603 4.247355 -5.990041 7.634548 5.974128 -3.675950 3.340625 2.392411 4.432561 7.227888 -2.781184 -9.393144 9.376161 -8.730415 -5.789658 9.902769 0.041501 -8.711323 -6.447552 6.207474 -4.063467 0.190890 5.174217 -0.957067 5.772961 -7.000664 7.780586 -5.845361 -7.699297 -6.424466 -9.466917 -5.757041 0.217371 -5.143941 8.505838 0.661858 2.383036 -6.951848 -1.128232 -6.195006 9.458558 -1.512315 -3.612918 -6.512706 -7.522609 7.125143 -6.719503 4.507634 4.949319 -9.268669 -9.821541 2.054922 -8.159318 -2.995533 -0.113694 -0.882039 -0.337088 6.295380 9.458515 2.031043 -3.351129 7.220182 -9.782294 -4.970554 -5.619919 -3.827136 1.981033 -2.888201 -8.018247 2.134781 -0.509868 8.514515 -6.066879 4.019298 1.493162 4.883939 7.473061 3.700529 -0.705649 2.470017 -7.263212 -1.046152 -7.397289 -8.373429 0.364169 -4.227517 0.050218 8.841792 9.231643 -7.459305 -9.658500 -8.568539 4.917153 1.822178 -9.630260 -9.019390 -6.120135 -9.705540 -2.288606 -5.119163 -4.734690 -6.717240 2.463231 8.384610 -5.703476 -3.782543 -5.508045 2.104231 -3.812794 0.652921 -2.516699 -5.123412 6.150849 4.278375 1.575846 4.570067 4.515255 -5.121492 -8.668445 3.820440 -9.902079 -8.054282
7.085073 -2.376989 8.123211 -3.944763 6.787357 -0.526158 3.652223 -2.150111 5.370928 5.462300 8.116971 -7.599597 8.359940 0.623674 -5.001458 -2.200578 -1.292298 -5.963876 8.769048 4.541913 5.438090 -0.754285 0.587947 -2.919951 -8.123007 0.301113 -0.474724 7.578593 -9.057695 -6.371524 -2.392387 -5.326002 9.821022 -8.797670 -2.212703 -9.499713 1.353955 0.492011 3.261651 9.951991 6.687258 -1.585226 0.391651 3.680384 -0.472997 -5.001375 -3.371895 6.321709 -3.160061 6.651540 8.524756 -9.821378 -7.544400 6.521652 5.045676 2.711126 -5.076580 4.225616 -0.299858 2.985319 -2.542774 3.392790 0.930895 -4.776315 -9.717473 6.384405 -0.210678 -8.461652 7.240605 -0.978979 -0.830998 7.371939 8.714782 5.800687 2.874660 3.288991 6.859232 9.982534 -2.050376 -5.774758 -3.260590 -2.155757 -5.744920 -5.111135 1.482061 7.427084 6.158215 -1.677603 -3.493419 -3.003947 -0.895818 5.572713 9.406261 -1.932479 3.270951 2.079967 -5.425613 -7.493546 3.512878 8.293601 3.558389 9.293850 2.772946 -0.493124 -5.859140 7.923638 -7.202403 5.418542 2.491367 6.334860 -4.805755 -1.628755 -6.869000 8.033799 -2.019537 -0.567073 9.215537 -5.786356 4.915804 -6.298243 1.163782 7.002296 2.474119 1.405912 0.951535 -5.128353 9.425014 3.639263 6.903201 0.040158 0.563016 -1.757270 -6.452934 8.998921 1.166661 1.987094 -2.730041 -7.993730 -1.903632 4.989050 7.370154 -3.442968 8.977344 -4.555458 3.042528 -3.573220 1.026814 -7.271253 -9.063610 6.414774 -4.950821 -7.485117 0.129481 2.469287 1.808767 -7.970938 9.040435 -1.301351 8.150810 -9.309660 -7.990737 -9.596008 -9.936336 1.463108 -6.538844 -0.607555 -6.322665 -9.730515 -8.623315 -4.042624 -9.957825 7.265541 6.140231 6.701749 -5.462304 6.022955 -6.965952 -9.919007 4.385434 0.492820 -6.390173 1.398220 4.685355 -6.894133 5.589434 3.193244 7.686848 8.177300 1.133972 -6.701987 -8.736240 -5.334697 -6.171223 -0.965396 -7.917843 -8.149662 -3.300844 -5.977006 5.370462 -1.711129
-2.867067 -7.074791 0.852828 6.136396 -6.865776 2.210624 -8.965667 -9.283490 7.906947 -5.795602 -4.393374 -1.753583 -0.655335 6.026363 9.270861 -8.589838 5.775108 -0.877171 -9.263270 -1.793486 -4.407656 -9.137557 1.973144 -7.866013 9.229475 -4.450636 -2.116389 1.147133 -4.107817 -6.045893 -6.912181 2.108167 5.745670 9.351128 -1.731127 7.859571 -1.263001 5.501278 -6.625508 4.818532 -2.592630 -8.387464 -5.679814 0.300148 -8.858729 -4.642980 4.409867 -4.968177 3.491492 7.225299 -0.600237 5.150892 7.258736 2.743755 -9.655724 7.024839 8.408838 9.607738 9.209708 7.760230 -6.160637 1.044343 -8.994717 -2.573206 -9.596430 -3.730801 -6.764927 -8.568278 -8.178902 -2.638705 -4.858110 -9.204154 4.912802 -1.434517 -5.145122 0.622074 8.511768 -7.482948 -0.155658 2.722792 8.390631 7.038279 -3.338982 3.512632 4.729990 -4.863584 -5.328610 7.428293 -6.524260 -8.737270 5.929723 2.591716 -6.328436 0.479850 -2.871063 6.968983 4.193983 -5.721168 1.439345 -2.865980 7.275342 -6.778524 9.667439 -9.148680 -6.327972 7.601545 -6.078803 8.597385 2.657799 -1.346920 0.265718 -6.314582 -2.983969 8.640615 2.304089 1.111928 8.792252 2.903746 6.014785 0.413028 1.820816 0.834384 8.233148 -6.727540 -3.591658 1.617679 -4.160369 -3.785430 -8.441419 8.423776 -2.082576 -1.635001 -8.513266 -2.819837 -3.987037 8.790477 5.695930 0.168125 -9.427842 -4.413337 3.834259 6.200282 -2.937206 6.672687 -5.564292 -7.917257 8.437352 -9.234811 5.753642 6.347826 -3.223396 0.699454 -4.235145 -2.409704 2.616281 -4.528792 6.305740 6.328958 5.374224 -4.291529 -6.108138 2.831974 7.698714 5.761035 9.051626 8.212366 5.562054 -4.248373 3.124879 5.747246 0.291104 9.826953 1.461483 -3.305711 3.184683 2.625708 3.534581 -8.826983 7.282231 -7.802429 -5.557246 -0.756736 -9.655401 6.757833 -3.565869 -2.364856 -2.708257 -4.283983 5.593257 -5.074729 5.966499 -6.872448 -6.725269 2.015074 1.005817 9.086209 -0.287474 9.106730 -9.769840 6.661961
-0.562686 5.169668 6.984408 -7.600180 6.455535 -0.744485 -5.232426 -8.070366 -5.057491 0.428303 -9.601180 0.051898 5.290879 7.781882 2.145584 2.756709 -7.687441 -5.646847 -7.543550 -4.123390 4.051872 -8.384547 -4.593504 -2.329466 6.442144 -1.137105 -8.419509 -5.128317 8.086839 -6.684554 -7.149241 -2.617722 -2.426074 7.857234 3.530393 -9.104167 8.439667 -0.224971 -6.113200 2.853986 -1.980078 0.545495 5.944341 2.236157 2.001597 -2.940458 8.991558 -9.358048 -8.309690 3.497592 -8.115263 4.815176 2.626056 -5.973065 -5.184326 -6.902970 -7.880431 2.303767 9.090750 7.008794 -0.667078 6.101235 0.119113 -1.454809 9.894269 2.905374 -6.477150 3.459542 2.577448 -8.360865 -5.119313 9.058000 -7.579257 -7.653700 8.649871 4.898445 -7.326109 -3.593766 -6.553528 3.063001 0.302010 -5.352046 -3.311066 -7.854356 9.492154 -9.337563 -9.566858 4.346965 6.542678 7.669435 9.051164 -2.697990 -0.109394 0.608542 -5.393436 -3.245345 -6.539774 6.901812 0.357402 2.567586 2.525063 1.778050 -2.223393 -1.240615 8.299681 -6.317157 7.413623 -0.799412 9.440312 -0.056342 -5.206040 8.516494 -6.531026 6.248742 7.389239 -4.424099 -2.249177 7.179233 -5.000303 -8.578606 -1.478780 -0.388068 -9.419421 9.821316 -3.006708 0.324429 7.072503 2.091923 -9.194407 8.772565 3.799132 -5.233550 -0.614902 -7.316239 -2.872583 -2.317946 7.870559 -2.943591 3.524206 8.849351 -8.624274 1.433862 3.755454 1.371117 -8.577086 3.181189 5.070378 -1.588995 -9.685869 -4.075185 -8.721727 -7.137410 6.492206 6.001770 -7.133650 -2.502538 9.727454 -2.399366 7.601298 -4.815206 -4.378605 -5.661206 -6.312375 6.373797 -3.762204 -0.430386 3.659245 3.408546 1.338238 3.332610 9.252651 4.154286 4.812401 -1.675200 4.608346 6.986535 -6.214594 -5.426439 -3.236558 -2.323155 -3.011612 7.998467 -6.386347 2.656255 -1.328914 -1.321290 -4.233287 8.982027 -7.923720 -2.357768 -3.993477 -2.762465 6.840556 -1.309235 -1.535873 -2.732463 -2.589371 -5.539970 1.026545 9.239687
-2.739418 0.348302 5.373186 -6.377472 -8.070423 -7.818693 -9.031890 3.843510 -6.192700 1.787203 0.489068 -5.058255 -7.011573 -4.967773 -6.210505 -5.116276 -1.281296 -4.110544 -1.613090 5.595431 1.429239 9.164875 1.547400 -9.339563 8.366834 0.750758 2.835865 -9.246651 -5.046243 -7.203027 -8.598519 6.122787 5.998043 -7.449152 -6.919111 5.546978 -2.005396 9.980086 -2.984017 0.945815 6.930480 5.331847 -0.222864 4.267597 5.264907 4.577044 -3.375448 -7.297316 -8.247765 8.336464 -9.513508 -7.723614 9.181867 -5.856535 6.658661 3.714624 9.180007 -2.363042 7.885069 -0.220082 2.444031 -5.234150 2.574455 -3.360052 0.938123 -1.750089 -7.288297 3.953862 7.669416 -2.056295 -8.374976 0.336544 6.240059 -1.468262 2.039011 9.948605 -5.048729 -5.682565 -8.754015 4.092596 -4.379517 7.843399 5.477805 -4.739348 -6.558126 -8.440725 -7.666182 1.307478 4.390055 8.207145 2.651884 -8.459346 -6.515126 0.428592 7.526067 -3.503793 3.655860 1.461336 -5.226704 0.560137 2.709356 -5.270218 3.286048 5.562370 -8.986621 -4.187625 0.206195 -5.494046 4.843155 8.420477 -2.916044 -2.523438 7.864747 8.390308 4.290095 1.160996 -4.244264 -6.130222 2.166871 1.214350 -1.532249 -4.247458 -4.250665 -3.208035 -9.835162 -7.446884 3.800170 2.067019 -7.820522 -7.471337 -2.464264 7.371068 -7.074925 1.354248 9.415262 -6.698748 -9.116005 -6.442184 5.197514 -3.927031 -7.268886 0.378894 2.018367 9.136760 -2.413163 -4.901199 6.934772 -7.844499 -7.677328 1.649775 1.115789 9.059351 -6.583596 5.930116 -4.102015 -2.281253 3.574220 2.627340 9.476408 4.416849 1.049077 9.294168 -3.761813 -5.745485 6.650579 -3.724736 2.498517 2.933801 2.377077 0.655867 8.973570 -3.797148 -1.663818 -7.570827 -0.167082 -5.886365 7.000918 -9.884628 -0.000973 -2.501405 1.811966 -6.132707 3.437362 -1.877672 -4.023933 8.532876 4.943078 -2.157281 3.304039 5.820931 -9.363236 -9.345761 5.159258 -8.888205 3.274358 -2.040172 -2.926116 9.807167 -0.384233 7.240591
8.585286 0.909955 6.203250 -5.157023 -4.116896 -0.770626 -6.095146 -3.462809 -3.193775 1.566168 4.994539 -5.238232 3.673159 2.312523 0.500109 -2.879926 -7.077338 -7.636695 6.201878 9.968045 8.528900 3.926700 5.670860 1.158160 3.185461 -5.871321 9.382974 5.982229 3.577566 -1.464877 -4.764500 -8.147196 4.281595 -4.331922 6.446765 -7.510470 7.419153 0.135490 8.506102 -2.438116 -9.375780 -4.988254 8.522132 2.372400 -4.826625 2.861477 -8.224910 2.083373 4.852596 -9.514114 -9.413778 -4.519823 -5.035688 -7.632829 7.799597 -5.066029 9.603580 7.873223 -0.967402 -5.944500 8.116391 -2.597189 -8.606419 -2.635840 4.430579 1.732565 5.537145 -8.628373 -4.785726 -6.238178 5.569416 5.552054 5.316969 -7.426063 7.406398 7.748574 -6.268856 -8.103889 -2.915150 -3.527416 2.034164 -1.526128 8.535077 -9.951321 -9.753635 -9.684317 -6.638540 5.434650 6.298664 -8.940368 8.664766 4.378316 9.715854 -2.724522 1.038173 9.376597 2.317457 -4.446885 5.079048 0.338339 7.583620 -9.574000 -5.869237 9.497441 -3.719826 -5.127207 6.019982 -7.873403 -3.048934 9.918891 0.647022 -2.118352 -5.657403 1.091138 -7.658988 -8.351742 -1.552722 -9.069442 7.946827 6.657677 7.197224 -2.080958 3.887440 5.716296 -7.216038 9.313967 -8.237389 -4.981149 -2.754692 8.426441 -6.419589 3.054438 -6.024341 7.128327 -5.875072 -1.997388 -2.292787 -9.797921 2.826448 -8.062590 -0.274962 -9.614428 9.509814 -8.188036 -0.710535 8.121304 -1.999640 3.510479 -9.156108 -6.281537 -9.230238 -5.850561 -3.905930 -1.343923 -9.226298 3.137554 -8.410696 6.327965 -8.370254 -1.221478 0.890570 -6.861960 -3.254992 -1.278557 -8.824751 -4.979396 -6.139626 -3.739713 4.992052 1.896207 0.427575 -6.549379 5.709397 -7.240978 0.079843 5.431701 7.580290 1.169263 0.464318 9.751297 -2.267448 -8.818956 1.911551 4.132201 -6.689270 -7.078712 5.977326 2.030198 1.642966 -4.745411 4.457315 4.129406 6.898197 -3.948443 -9.629454 -1.887842 -7.129395 2.175728 -1.100341 -1.591247
8.877076 9.803225 9.783451 6.059196 -3.562533 7.981609 0.993067 7.900234 -7.061927 -8.887981 9.136529 -0.305929 -6.364369 -1.501590 7.781042 -1.207598 0.988656 -5.193491 -5.900277 2.556547 8.980863 5.074065 0.443983 -6.566789 6.509535 0.876444 6.520871 -8.125388 -2.570410 6.912243 9.278500 9.056936 9.278932 -0.987081 1.526626 -6.474159 4.467587 -3.450697 5.097467 -0.872607 8.304426 9.823915 -5.723622 0.092858 -0.821613 0.583286 -0.102838 -6.665879 -2.191738 -1.535256 4.974329 4.164336 7.231790 8.696272 -8.754378 -9.056548 -8.526814 7.802609 -6.947998 2.100977 -7.931365 4.523044 5.948179 -0.268746 5.309188 -5.153277 7.549896 5.639546 1.062466 -5.987766 -3.650743 -6.975502 -2.878357 -8.062456 5.669558 -0.902778 -1.614952 -5.762351 6.636533 -8.215166 -1.974548 -5.797822 -9.561482 8.729720 0.839800 -0.664283 -7.802282 2.938066 -9.559782 -0.877747 1.112936 4.857912 3.106417 -6.500349 6.423178 -3.302038 3.056897 8.964004 -5.101057 8.183844 -2.178761 9.409967 3.390269 -9.012446 -2.244418 -0.387363 6.610298 -3.394587 -0.558670 -4.319963 9.605237 -4.956116 -3.403101 2.796100 6.540532 -4.684614 -4.290490 -5.488664 -2.354876 -8.255750 9.963941 0.831416 -0.641912 5.519895 -7.006237 7.072241 0.226294 -2.007637 1.208331 8.292899 -0.435940 -1.510202 -9.436352 2.882128 8.392559 -3.885474 -4.337713 -2.248754 -3.773921 0.992462 6.682317 -5.754085 -4.225312 -3.707718 -5.709421 2.929506 -4.746090 -9.082851 2.364773 -4.821628 3.430353 1.891318 -5.140046 -1.851007 -1.311500 -9.070243 -4.717428 1.999585 -1.631981 8.836517 2.275273 1.045059 2.406082 6.074038 3.941457 -8.155928 4.513859 -5.719848 6.164479 9.190572 -8.319810 -9.743448 -9.012353 -4.084586 -5.322341 -6.027410 -2.134622 -5.746370 -0.590861 -5.550947 -5.747448 9.928244 8.013714 0.428671 4.172877 -3.828917 -6.343756 -4.233928 -0.324457 2.630328 -9.870107 -9.932600 -0.911174 1.143148 -4.632558 7.165809 -9.829500 -1.455599 3.148299 -0.553002
1.575430 4.910725 5.504940 4.686200 -6.630001 7.048227 -0.526079 -9.810485 -1.452175 -2.531995 2.517835 5.484697 -6.136645 7.515271 2.650895 -4.210953 1.529071 7.804782 -3.379860 -5.743442 -3.863492 -8.711361 -6.390370 -4.717257 -0.689310 -3.945606 2.057533 -9.432609 -3.356735 6.798223 7.352002 8.805791 3.417180 3.789498 -4.605628 0.205949 2.933077 -2.155858 -5.781885 -0.711838 8.419214 -7.854380 -1.738299 -9.303582 -6.989832 -7.178406 -2.646285 0.884908 -4.632608 -2.734123 -2.970568 4.338602 7.006438 -6.597459 -3.195433 1.625283 9.158855 2.318806 -7.368727 3.767039 2.988670 -9.889768 -5.694983 1.678936 5.775738 1.931858 -1.012992 -9.465602 9.777920 1.992868 6.250792 7.041231 -2.398747 -1.500003 3.757499 -5.450032 -6.354741 -7.123170 -9.295647 -7.732279 -2.098632 7.034061 -3.330858 -6.493629 -4.589146 4.516992 -6.756598 -0.024225 2.127931 5.384176 -8.544207 -0.430804 -9.569777 6.788946 9.740865 -8.870280 6.574347 7.773454 3.465628 -4.203428 4.220076 -2.476801 3.677913 -8.700497 -4.093034 3.863598 6.115402 -0.740565 4.489677 -1.548338 9.644708 -6.087738 0.964584 6.573604 8.015057 -8.806227 4.460565 7.751882 3.674570 0.733071 -8.575412 2.046731 -4.982545 7.829898 0.078234 5.086522 1.490070 2.830421 4.102461 -4.087250 -6.506008 8.500703 -8.141637 -7.247380 7.512965 -9.582179 2.606714 -2.189494 2.332227 -0.249439 6.325088 -4.866903 5.787905 -6.163508 -3.813442 -7.749310 7.474751 9.128150 -4.980463 -1.472229 4.297738 -0.008922 3.143984 -3.539155 -6.320639 -7.413284 0.625236 -5.991465 -7.456369 5.584399 -7.721937 9.739969 1.435199 -3.144916 7.945330 1.644550 2.435341 3.158008 -2.968305 4.243279 8.345459 7.989362 -0.986433 -4.260447 7.236789 -0.615393 8.481580 0.861779 4.283471 -3.703667 -9.419077 -3.203463 -7.418088 -7.309556 -9.010139 3.543315 -6.025009 -4.184552 -8.273352 -2.733505 6.414621 -1.135500 -9.187405 -0.346497 -8.688502 -1.206436 2.391012 2.182378 6.580109 5.075771
6.437705 -9.196052 9.551941 1.370993 -3.426272 3.374433 -4.798904 2.852454 8.481102 -8.040471 9.741261 -5.621068 1.331032 4.867264 -2.171057 -0.207752 9.242944 2.474086 4.084580 4.062002 -0.700380 2.429289 -4.608496 -5.969326 -9.920049 -9.275127 6.005560 -7.700005 6.412234 7.826805 7.589797 -8.931530 5.532052 -9.403243 7.762885 -1.063735 2.667833 -7.191394 1.451149 -2.009566 1.708488 -5.482982 9.565352 -5.060624 0.622787 6.422184 0.065330 6.882987 1.040070 4.718447 -4.225996 3.863020 -4.362965 -6.141916 -6.866005 7.376292 -6.951125 -8.067452 1.076931 0.003353 -3.108076 7.955053 -6.542492 4.930577 -5.423290 4.393486 -2.284159 -2.354606 -2.158733 5.508420 -2.082545 7.986754 2.406980 -1.173399 -9.907294 6.564919 8.568734 5.341215 7.138782 0.140886 3.415596 4.839259 4.178299 -5.796525 -5.454382 -2.959704 4.286941 -1.313896 -9.191318 -5.390323 -4.158083 -9.687626 1.256790 -3.829482 -6.403605 -7.779593 5.316440 -1.129706 1.426335 3.759583 8.547190 -7.792815 -0.786488 -3.665772 6.709591 5.130183 -6.097217 -0.826982 3.292298 -5.709957 4.296594 4.471868 -4.947064 9.183800 0.614176 9.875909 4.151642 8.037964 9.425955 -3.781303 -9.694779 3.458716 -6.379019 -2.820770 -7.183066 -5.744200 1.222082 2.303913 1.539655 7.088504 -0.285818 8.495207 7.177021 3.896166 -3.854906 1.648004 1.440903 -5.576940 8.894303 7.013896 -3.752339 0.404779 -9.453208 -5.168571 3.070326 -4.346238 2.443738 -7.251629 2.798824 3.565414 -8.952528 1.970904 -6.771279 3.937961 -7.724692 0.980494 6.394994 1.205452 7.570258 -4.788947 -2.120580 7.121818 7.880730 -1.692404 6.503759 -7.861271 6.018180 -7.787146 9.888577 -7.395398 -6.245808 -7.776228 -7.998618 8.835768 -2.231873 8.851617 3.344790 6.388709 2.360438 3.192165 4.760224 7.431100 9.057552 6.123517 0.339175 1.313359 -1.623205 -9.502987 1.154103 -1.605749 -9.756594 -3.937290 -8.660156 7.259936 6.178758 0.724478 -4.754342 -1.003986 -8.267862 4.084112
7.562295 1.736790 -2.878520 -0.185389 0.564646 8.016327 2.961803 8.448588 2.755819 4.731968 -7.634601 -1.153422 3.881739 -2.209901 9.757430 -7.760639 -5.083269 -6.294458 -6.583222 2.486882 7.748782 -4.485467 9.856083 -7.053928 -3.670177 9.849820 7.435965 8.364432 9.920961 -1.533076 -4.324624 -6.039099 3.593271 -6.949370 2.713403 -1.330854 1.825074 9.573907 6.142103 -8.377824 -5.101996 -6.159251 6.211787 4.535315 7.839023 7.969356 -5.440796 -7.304395 -3.345530 -6.320176 1.510439 -9.134250 1.767318 5.389548 9.651591 2.660713 6.094495 6.331146 -0.878297 -1.529288 6.044362 8.043650 -6.164859 8.305007 2.776806 -1.264541 -3.959469 4.056010 6.371361 4.403899 -2.721760 0.255950 -3.505476 -6.643428 -0.536883 -0.760816 5.709493 8.565982 2.525707 -7.493079 7.298410 2.308093 -9.457907 -5.168182 7.789119 8.223886 -0.912543 0.577198 2.688362 -4.809859 -5.137850 3.861178 -4.158050 0.739865 9.365992 1.039858 5.550946 1.925130 -7.391548 -5.167158 4.160953 2.911320 7.503372 -4.853116 -8.335082 9.078509 6.995200 2.531217 4.903114 2.888685 9.532335 -9.012995 0.968537 5.057381 7.550299 5.628138 -6.718955 -1.126313 -2.188218 7.107503 9.070553 -4.307384 4.075481 8.613986 -7.199393 7.977071 -9.292339 -1.416456 -4.585367 1.179582 5.687984 2.113316 -0.381093 1.703063 1.769176 6.185775 -4.887526 7.484147 -5.923747 2.826827 -3.662218 1.939136 -8.691718 4.091472 -8.060033 -9.898706 -6.847523 -9.255826 4.574691 7.371586 -6.848705 -6.448725 6.950761 -6.788470 -6.204727 -8.122869 0.368154 2.149721 0.915251 0.180039 -8.339379 8.174481 -4.640789 -6.335121 -2.404562 8.633886 3.265993 -6.152855 1.201300 5.505780 0.315124 4.074236 -5.653329 0.246313 -6.283940 -2.349981 -4.392424 4.124742 6.072752 -7.853254 7.963158 -4.680027 5.303916 5.337197 -1.964343 -2.631203 -1.855439 -5.691572 -6.924125 0.874177 5.554401 9.228284 4.271004 -8.235755 6.138544 -2.362965 -1.715570 -8.127726 2.492670 -0.840082
-5.333419 -6.895468 -0.727235 -4.274621 -4.040218 -2.178105 -7.844743 -3.773034 -1.043370 -5.785959 9.117987 8.097712 5.426745 -6.652690 0.204427 8.258453 -5.653850 -1.907253 -1.400304 6.920541 6.071791 2.822201 -7.478188 -9.683491 1.502179 9.230729 0.996745 -4.169471 -3.823521 9.637835 9.149750 4.462825 -5.329963 -2.945758 -8.147135 -3.223055 -7.995877 6.262284 -5.601652 -0.660911 -6.999845 -5.210359 8.707334 7.985037 3.062746 -5.834634 3.180552 -9.019990 -3.470803 9.661078 -3.875675 4.357390 -7.253995 0.057344 -8.101104 -6.889042 -0.943694 3.042806 -1.793543 6.214816 8.055815 9.665676 5.171124 7.756192 -2.780663 4.834215 -2.437359 -1.697315 -7.444461 -0.066443 -9.698479 6.118100 -0.256300 -4.576769 7.643267 1.999847 3.350519 8.014496 9.173265 -4.920367 9.061801 -2.498342 -1.854759 1.179927 8.579909 3.215089 7.385121 5.984742 -5.656274 4.744695 -3.776327 3.721038 5.868750 8.298201 -6.042573 -7.516633 -9.599688 -5.528880 -2.182147 9.335345 -7.267926 -6.876007 -1.858940 8.003321 8.584001 -5.744169 0.351909 -0.027533 3.367676 0.462811 3.843612 -3.017050 -4.915824 -4.070641 -4.166901 8.780302 -5.011591 1.520105 9.124890 9.691969 -6.569726 3.450461 0.263282 8.980874 1.881492 -6.313908 -6.827750 4.036913 -1.777141 -7.601851 -7.938273 0.037011 0.029673 9.647949 3.310593 6.619249 -2.964523 3.426808 -6.450879 -4.140743 8.592409 -0.910228 0.783263 3.583950 -2.395955 -1.415427 -5.852222 -5.095058 -8.179883 -4.713414 6.673732 -0.179918 -5.162337 -4.270531 2.919381 -0.062814 -3.893940 -8.251475 2.987583 -3.823771 -1.649628 -7.312835 7.312284 -1.186189 9.710335 6.651626 -2.022596 -1.844576 3.475560 -6.763462 3.250338 -9.232520 -1.648782 -6.861434 5.431071 1.884111 9.160847 -8.734019 -6.384275 -6.808833 3.350349 -1.674273 -2.925310 -5.319209 8.107395 -2.192905 -1.141238 0.635435 2.850138 4.484161 1.960980 3.814347 -9.481970 3.965110 -3.472699 -4.391333 -0.037716 4.527568 -0.132663 0.552683
-6.282862 2.987195 7.300805 9.968480 1.052260 -0.762615 1.650332 -4.763114 2.805686 -5.201605 -2.120481 6.993698 -6.514847 -3.506820 1.255915 -3.664638 -8.507988 6.086920 1.534832 3.317417 -9.119081 -6.477806 -1.083515 4.226166 -1.917190 -0.327089 -3.193593 -7.561628 9.872397 3.672636 -8.745636 -9.450102 6.164265 -5.272674 9.408360 8.385649 4.617149 -5.740474 -3.951881 -8.809975 5.586496 6.846798 2.442109 -5.821684 -0.959304 -5.916206 -2.054989 9.310053 -2.898637 -5.800351 -0.531459 3.535361 -5.657024 4.410008 -6.214469 -9.100016 -1.840690 8.631504 -9.893122 5.199916 -0.480413 6.155730 -0.188471 -0.825015 9.463737 8.266938 1.233973 3.151378 3.301645 9.976250 -6.619596 -5.448865 -7.610224 9.948449 6.358233 -8.797117 -5.537635 -3.455065 7.785403 9.620533 -0.999316 -4.228062 4.913624 -5.915778 3.544685 -3.880303 9.290705 9.072464 6.746706 -4.509256 -1.363043 -9.746080 8.525816 -5.132471 -9.212843 9.218676 -3.582835 2.334935 -3.448836 9.195653 -1.350994 -0.096499 0.981643 -0.294688 1.323000 8.584875 -9.088198 0.559582 5.669003 1.280496 -3.035361 9.230523 6.013040 7.692762 -4.723424 9.600113 6.829228 3.522846 8.979930 -8.650915 -7.480505 -5.617340 5.372039 -5.619903 -0.169743 -5.383383 -3.476781 7.888527 2.334252 4.914475 -0.857250 -4.366389 -0.566489 2.025222 7.206928 -6.772452 -0.941180 6.974184 -3.115318 -0.956723 -3.668395 0.711973 4.509362 3.251340 9.644063 9.485550 7.674063 -7.390246 -2.658363 -6.133910 -8.844767 -1.388053 9.032461 -0.073834 3.604278 -2.574753 -6.510930 -2.827672 -6.324397 -7.439979 -3.187396 -5.532188 -7.042157 -1.659614 3.831319 7.924825 -9.846905 2.102039 4.619572 8.777768 1.287340 1.282203 7.650329 -7.490703 -5.308506 1.549680 -8.360855 -5.903726 0.670138 6.035833 0.341870 1.830944 4.724702 -2.687598 -5.265505 -5.827875 -5.606807 7.444888 0.578957 0.158741 8.127662 0.412257 2.229427 1.417554 6.303763 3.493879 -7.009305 -9.077624 5.705759 0.131061
7.070437 2.571777 -4.333886 -1.914218 6.985311 1.139313 7.059174 5.165150 -4.627125 -5.170654 -1.230870 4.958403 4.934209 -4.094833 -9.767891 -8.145228 1.550513 -5.245443 1.375857 6.625052 -7.444724 -4.604783 2.934622 3.592014 -3.297934 -7.299195 0.769480 -2.096598 6.003990 -0.556428 -2.366771 9.057726 6.157717 -9.021501 -8.960521 -6.288845 -9.521077 8.772716 -5.658053 1.028072 -0.845528 3.889824 -0.890446 -2.913346 -2.714184 9.243574 3.721735 -4.136448 -9.532326 6.537459 1.186803 5.721639 8.803955 -3.644793 2.877118 -9.865955 9.438990 -7.356161 0.447412 -8.488090 1.758667 -1.313732 5.867827 5.703660 -8.105440 -3.084774 -3.281955 -9.454188 8.864126 4.014125 -9.568429 9.284333 4.525525 -2.821603 7.399454 6.008177 -6.635515 4.205064 -4.988863 -0.635367 0.255922 -2.581299 1.961093 -2.045925 -9.070406 1.634667 5.104588 8.784524 1.524084 -6.468270 -6.909729 -9.892955 3.856328 3.766601 1.920556 -6.325184 -7.453009 -4.705249 8.212112 8.754841 -9.272466 -9.990284 0.402920 -6.486558 -1.977563 6.830210 7.173689 -9.833015 6.911041 -6.641413 5.771119 7.026131 -7.108128 3.291118 7.919303 -8.691923 -4.349884 8.011548 -4.634387 3.373760 3.758566 1.335498 -8.524200 5.774539 6.682866 -2.787673 7.890350 0.234618 2.543693 6.439995 5.793990 -8.300959 -4.328092 -3.445209 5.597058 2.098345 7.270809 -0.520304 4.858795 7.536014 -3.494087 0.367381 -6.529497 8.932973 2.241783 -8.840519 8.673420 1.900971 -5.448068 -4.605453 8.742198 4.813182 5.955366 6.510221 2.575101 3.191650 8.295586 -9.401100 1.557150 -9.095378 6.774667 1.660049 -4.981409 -9.524204 -1.640555 9.960153 -6.523164 9.462335 -1.437840 -6.540642 -8.432621 -4.767972 8.334407 -7.500321 -1.403412 -0.462025 4.241467 9.586814 2.048778 0.756781 -4.341958 7.505320 5.697730 0.182923 -2.144238 2.603704 -4.532930 -3.318946 3.224636 -3.307846 -9.328678 9.948871 -4.314282 6.854551 -3.150231 -2.620235 -1.983611 6.189481 3.500730 6.899847
-1.302758 1.598863 -7.518307 -4.995407 9.754654 -6.870076 -7.692828 -6.393474 0.517930 -2.811942 -3.275684 -8.625293 -2.531195 -6.399691 7.940870 -7.909743 0.984866 2.780871 -6.183756 -7.504009 -2.280611 -6.018325 9.563517 -6.393446 -5.059944 -7.816715 3.541744 9.333251 -5.765999 -3.623903 9.854553 9.625990 0.446368 -8.215905 -3.143542 -3.956037 4.341657 2.484188 2.929305 3.219070 5.601562 7.812697 -0.026876 -5.775519 3.683899 -9.491617 8.385147 -9.600483 3.322646 -4.505745 2.280595 5.600341 -5.558411 8.950584 6.744390 -6.404480 5.571461 -4.343545 -7.045282 -3.029591 8.755946 -2.735736 -5.886624 -4.767257 6.753172 -4.075033 -7.224845 9.668329 7.508835 5.964528 -1.922726 1.727346 2.851963 -5.713775 7.865169 -9.479690 6.419083 -7.213936 -1.531541 -6.674036 -3.600441 1.894001 -8.558958 -4.688304 -9.566548 -0.172036 -5.131565 -8.552805 8.540173 -7.473199 4.540967 -6.207833 5.491863 -5.163680 -3.623286 3.906833 9.347639 4.253949 -6.529299 5.529800 -6.120725 -1.278305 5.533055 9.933467 -4.722877 -9.818730 -9.494462 -0.761871 -9.708473 -7.922043 7.309688 2.940174 -1.195437 7.387041 -5.374062 1.762083 8.856894 -5.298818 -4.237787 3.816235 2.687247 -1.983835 -4.192691 2.970815 9.312519 2.023181 2.623064 -4.654646 3.688210 3.849144 6.519262 7.415698 6.621128 -5.535998 -5.268000 4.930482 9.528070 -6.061146 0.488583 -0.134631 7.444100 8.020219 0.215623 -3.497811 -1.274758 0.033122 -2.640183 -1.852418 1.362154 -6.905510 8.051716 3.499315 -5.118250 8.187248 -3.118622 -6.921610 -8.545316 -1.751462 -1.773049 -5.345887 -6.734160 -6.727224 -9.860820 -3.491171 8.731153 4.868830 0.137234 -0.063723 -2.734659 -1.857609 1.399130 -0.021171 0.101642 4.838522 3.807081 5.000879 -8.821545 -7.658753 -7.714335 2.263414 8.122820 -9.519392 0.499795 -9.390616 5.389420 -0.050160 -9.882936 -3.397147 7.199440 8.959223 5.186158 4.812515 -9.277091 -8.628217 0.148110 9.632825 9.803243 4.741328 0.005214 -7.543930
0.548037 3.474622 -5.645008 -5.083438 -3.723721 6.168561 -8.832489 -8.803327 3.739928 -6.902273 -9.119322 -9.884174 1.941737 -2.403469 1.640158 -6.540495 3.615281 0.326953 2.797158 -1.367988 6.400835 -9.197277 7.875286 0.431891 1.626415 -3.953688 6.844720 1.616105 -6.467172 -5.883738 -0.569208 9.077213 -7.809072 -5.548087 9.333511 6.175049 -1.521692 3.305090 -7.691083 -1.108832 -8.150923 8.878323 -6.237347 -1.797287 -6.391139 2.497808 -2.190231 4.434021 -5.453348 1.214334 5.966798 -6.472968 3.174151 -7.468342 4.396988 9.885966 5.473391 -7.842842 1.906346 -3.956128 1.553348 -5.317245 -7.361748 7.415733 2.900040 8.409336 2.955562 2.542291 3.862385 -0.595812 3.573275 -1.269090 -8.666135 -5.055016 -5.127242 4.358570 -4.684791 8.625663 -4.910108 0.623960 5.539535 7.622793 5.986987 2.470605 7.034835 5.682796 0.025477 -4.490986 -2.219465 -3.641533 5.069994 1.410114 6.550006 -4.081088 2.333495 -2.566456 7.810828 1.909430 6.854945 -2.740131 9.388120 -2.712792 9.487224 -1.805991 7.853067 -2.144459 4.506679 -8.775694 -9.996221 -5.441525 -7.940316 0.264852 6.915193 7.761072 1.181589 5.298671 9.872368 -8.375551 3.312206 8.772594 3.904682 -1.875906 5.241588 -2.142118 -1.830504 -4.446796 0.830247 -5.402578 -9.451225 -5.240942 -9.404563 3.087830 7.314977 1.550239 -0.255309 5.456569 6.363482 3.020702 9.844196 -5.743408 8.403376 9.864336 6.361097 -5.023855 6.425980 -2.888937 -1.586296 1.773349 -7.768105 -3.730189 8.623512 5.115735 8.839609 -6.390289 2.580674 -1.792579 2.890636 8.206232 5.598331 9.408990 -9.301923 0.363099 0.409077 -9.820337 -2.280447 9.000235 -4.490142 2.650983 3.242862 1.373082 -6.981827 3.371407 8.438755 5.424534 3.346089 2.414382 9.083088 5.366775 -3.686255 -3.006171 5.259857 -7.946174 -5.771804 8.971020 -2.055323 7.738763 -3.226171 -8.316420 7.706711 0.768458 3.775690 -9.228575 1.773455 -5.061873 2.966455 2.063986 6.845035 -1.687676 -0.137757 -1.300307
8.192057 -2.012452 -0.690282 -5.857448 -4.076549 -1.129455 -1.310582 9.546271 -4.060198 -5.890276 -4.045476 9.738542 3.089618 -7.892260 9.084006 -0.753906 -2.155773 8.077269 -7.602799 -6.738434 3.946524 -5.041351 6.666829 5.985730 -4.649396 -9.485436 2.120584 -5.327028 -1.596141 -8.440681 2.084947 -0.268941 1.549027 -8.075558 4.914486 -1.985072 0.539499 -0.458181 2.671982 7.553181 9.251190 -3.637365 -3.164449 -8.047577 5.146574 2.661884 -9.225335 -8.462316 9.413868 -0.510461 -0.515618 7.919033 7.460894 -9.888971 5.883086 -2.016923 9.992312 -6.141656 -5.168563 7.672279 6.904740 3.554286 0.243256 -9.419738 6.406891 -8.485699 -0.010561 7.476242 -7.684684 3.017152 -7.777140 -6.359087 2.222889 -0.496913 6.608691 1.786334 -1.946567 -8.900586 1.183433 -1.340000 4.658983 4.594579 -7.277612 -1.023872 1.538365 3.469575 -9.635259 -9.577794 6.190858 -1.322892 5.967093 -5.178648 -2.549490 -8.034689 -7.938749 2.861574 5.157401 -9.744957 2.926686 -0.355389 2.882467 -1.368070 -3.775704 5.599558 4.582031 -2.067850 6.477506 -1.427118 1.372088 -9.079167 7.860316 -5.211479 -9.905706 6.970332 9.471192 -4.878889 4.516239 2.951689 7.652549 -6.218165 -3.203817 -0.871335 -3.100192 0.457835 -9.075775 -2.907972 -0.336520 7.429814 9.946247 7.908180 -6.106445 6.547441 1.275841 0.202945 -6.946846 -3.110674 2.150285 -0.102601 6.357883 7.879157 -0.267925 4.938209 3.561991 -5.726034 4.666612 -0.831091 5.069385 2.394739 6.402780 -5.460739 5.025557 9.463408 -3.441370 -6.113659 -0.806697 -7.709852 8.665525 -4.315197 -1.407419 2.123292 6.487580 7.169832 -4.976828 8.979718 5.325043 4.930306 8.426755 -7.972066 -8.135968 8.350164 -9.063999 -0.533938 3.244818 9.048655 1.536053 2.213733 5.266166 -4.297293 -3.609835 -8.419449 7.738944 1.040121 -3.233306 -3.443388 -6.814973 8.799043 -4.157007 2.601653 -5.813841 4.724519 9.826295 -8.203219 -6.120413 0.800137 -3.170825 7.098594 6.166973 -1.755164 -3.297039 1.900268
2.090328 3.210816 3.114032 -2.580252 1.867450 -0.428720 6.156568 2.449146 -4.382442 7.452812 -6.221541 -6.322782 5.346544 6.570431 2.935940 5.590511 -2.578178 -2.325281 -8.750910 -3.466219 -8.750782 -9.328505 5.938811 -5.819482 9.981502 9.272449 -1.053241 3.797650 -9.530999 -6.771839 -5.553453 2.540542 -4.607255 3.628258 9.967688 9.769309 -7.331714 -9.591296 2.896374 8.210924 -3.046661 8.188081 -6.764014 -0.939529 -8.565606 6.847728 -7.305752 8.054299 9.239009 4.155257 -4.473283 -2.460106 -2.432537 -5.550150 3.235557 -6.633713 0.426611 -9.277240 2.761665 -5.587362 7.102191 -3.336459 8.512157 -8.453677 1.427354 8.250239 0.124785 -7.545947 0.389499 0.092488 -4.957130 8.266592 9.730839 -2.091017 -1.168250 -5.532568 -7.966367 0.678427 -8.770591 -1.237298 5.460029 -0.374658 8.299633 -7.783817 -4.480759 -7.484102 7.526612 4.041394 -8.067428 6.190482 3.371206 8.252381 -5.121932 8.304940 -6.544189 3.987254 -2.465996 -6.134111 -8.416529 -3.899658 1.631092 -1.011303 -9.918751 7.975397 -9.410145 -0.813102 8.650113 -2.783148 5.877109 -5.440207 5.512426 6.751997 0.013784 5.468410 5.220591 2.155564 6.424996 0.133110 -5.095829 -5.908963 9.229073 -8.562114 4.715995 -4.179379 1.257805 -6.598908 -5.968370 0.932951 6.642925 3.665630 -1.626439 5.415177 5.915132 -5.640390 4.218043 -1.128980 -5.843642 -5.332179 9.000879 8.365593 6.972765 -5.234469 -5.891113 -0.954818 3.168647 3.556834 6.275350 -7.618798 -4.145991 8.935208 -6.898972 -7.200582 3.190963 2.785160 -3.319015 1.520633 3.096768 -3.097446 -9.651231 -8.514270 6.998268 0.950932 3.955912 5.903082 9.705204 -1.662969 2.681874 4.776389 3.910425 8.628166 -4.852819 9.626300 -0.099880 5.192399 -8.591060 1.949320 4.387226 -6.035172 -6.301193 7.055226 -5.597936 3.816034 9.263481 -7.222911 9.111434 -6.893871 4.446950 -8.243565 5.838508 4.310679 -4.579389 0.147567 2.416471 -1.731685 -3.824892 4.502757 7.291022 -9.560666 6.165518 -0.873543
6.325927 -1.378920 -8.108083 0.279106 4.124129 -8.739047 2.957886 3.830835 6.887253 -9.603669 8.347941 0.899391 -1.716866 -5.736770 -5.308833 3.363237 9.693333 9.834310 8.514458 -1.195317 -4.457702 0.973414 -5.531308 -3.245800 -0.712351 5.842558 3.468457 -5.380036 -7.657212 -6.315047 1.700485 -2.925104 4.271452 -4.766671 7.331447 -9.588809 -7.513369 0.083368 5.417325 -3.940801 -9.847319 3.580431 -3.402544 -0.846153 0.726684 -6.955501 1.524984 -0.049761 9.209156 3.272698 -4.066305 -6.082729 -3.853984 5.658546 -5.431975 1.800370 -2.436187 8.561895 9.209992 0.812122 0.370660 -1.762372 -6.866800 6.544828 -4.576296 -3.501242 0.534883 -2.456200 -3.216046 6.840390 1.759795 -1.130007 9.320189 7.646484 5.739213 0.009449 9.313433 -8.660596 7.296629 -4.434181 -1.789496 -9.994116 -9.704732 9.749525 -8.504407 -1.399146 3.098918 -1.467240 -5.338612 -8.233034 -5.054702 1.917571 6.887620 -2.744252 7.019882 7.643180 -5.554954 4.612286 4.508250 8.585504 -9.336439 -3.051577 -2.819272 -8.216507 -2.284791 1.543485 -3.070311 -2.815122 8.920639 7.668376 -8.771413 2.053107 -8.519039 -4.747591 9.000469 4.400049 -0.235426 5.761751 9.522370 2.295827 -0.980872 7.815289 8.687967 6.502661 5.447539 -3.787074 -9.513540 5.555704 -9.276307 -9.619523 3.062727 -0.471845 7.468665 -1.604613 6.636948 -8.754472 -0.842402 -0.216674 3.790768 5.260020 8.372422 -4.784411 -2.383958 -5.541408 2.097910 -6.392734 -6.180878 -6.205411 0.521682 3.602277 -9.241969 9.435965 6.900418 4.089862 -8.549736 -1.351205 -2.886268 5.580307 8.837576 -3.308973 7.613961 -6.425841 4.218039 9.929493 -6.906930 -2.566249 -6.522496 -3.372766 6.606259 -1.575052 -0.608843 -9.873530 1.055450 -1.157500 -1.168830 -8.956505 9.339432 -8.678601 -9.910763 5.611720 -7.682872 -3.009887 -3.443865 -5.976314 5.530932 -1.415144 5.528157 -3.422611 -3.290239 -2.085063 -7.511473 0.270081 -2.678191 7.281984 -1.468682 3.683534 -8.650895 8.195637 3.630134 -9.935393
1.513607 -9.996128 -1.836018 -8.186442 2.119190 -0.851543 -2.543869 4.377442 -6.410663 1.344853 -2.233938 -3.756569 -9.173835 -4.219228 4.925916 -9.692800 -1.793202 -6.638691 -3.632524 -3.168235 -6.156638 -0.798361 9.604552 7.700302 0.178304 8.133830 -2.155759 -8.507678 1.658392 2.004269 -5.019611 -3.446066 8.017177 -5.612278 4.334150 3.268266 -4.992732 0.221434 -6.720403 3.580765 8.737449 9.321487 4.124818 -5.603378 5.876141 -2.728369 -2.693126 -2.917057 -2.390710 7.795194 -9.919767 7.102358 -6.678328 5.164041 -0.817009 -7.864610 3.913635 6.767138 0.062479 3.754076 4.458391 -0.565757 9.795869 -0.065700 5.726302 9.145677 3.176813 0.475082 -1.326985 -6.185727 3.433156 4.065245 1.418248 9.659531 0.309310 3.038918 5.938279 0.146869 -9.070833 -3.582104 -5.605828 8.091313 -5.832231 4.776672 9.711297 2.281434 -8.343626 -7.607281 5.690299 8.618011 3.327423 1.189718 -6.037367 3.420268 2.759327 -9.580577 7.325409 8.107964 3.842423 9.285719 -7.505660 0.672907 4.091944 -3.661012 4.786950 -4.559975 0.198136 -8.011297 -5.995551 -0.689310 6.915649 2.058373 1.006668 -9.784614 5.763677 3.114055 0.455240 -3.036477 8.002413 3.547584 9.093093 -7.012026 -7.895201 2.738933 -1.388553 6.488128 -0.308843 4.943588 4.690151 -2.405158 2.469630 -2.784444 6.001050 -7.722230 7.537085 0.844903 1.810749 -1.782910 -2.900308 -6.131319 9.382773 -3.661360 1.453330 8.839286 2.466090 9.915542 8.284507 6.007347 4.461876 9.512453 -2.357448 5.681784 6.360723 5.257250 1.114153 -2.465264 6.822053 -1.072856 -5.531090 -5.482669 8.702016 -3.094972 0.289679 -0.971962 -4.622149 -8.266114 9.190644 6.466261 7.741920 -1.038141 -7.075284 -3.475353 -1.190490 -8.388364 5.520511 -9.694580 1.648882 -1.136610 -7.752636 0.785378 -3.282424 1.002080 3.858142 6.841060 -8.916868 2.516337 -1.795794 0.025070 -3.125182 3.550425 -0.618429 -6.137359 -8.396678 -2.976580 -1.176981 -7.846710 -3.891861 1.052193 -3.330439 -2.265991
-2.968753 5.718465 5.325134 -3.498932 -4.615132 7.040212 7.347734 6.836204 3.148250 -1.614477 0.467345 -7.878287 7.661110 -1.983277 5.727100 6.522394 -4.628048 -5.463858 -0.076112 2.264109 -2.574673 -2.675793 -3.458804 8.463511 -0.501004 9.149598 -0.880912 -3.146168 -7.876672 6.831030 6.895154 -2.996163 1.403541 -8.507020 2.562713 3.603069 6.153009 7.452690 9.765827 8.589298 -0.034326 -5.337872 3.871198 3.816650 -4.023180 -9.170844 3.116381 6.109425 5.735979 -4.233785 -9.618918 -4.800230 -5.504378 -6.481521 -5.739625 9.582014 -3.700654 2.701200 7.004280 -4.202086 3.459573 1.623176 4.924497 -2.393952 -3.880610 9.425086 -8.114090 -4.548955 2.525791 -0.298406 -0.156289 -1.317572 -9.370397 4.312184 9.683191 -7.082560 -0.429158 9.776537 9.820772 3.865167 -4.512434 -0.970121 8.516875 -2.919669 5.224171 -3.768268 8.996423 8.259903 -0.865569 8.775453 0.357683 9.943233 4.494641 0.694290 3.551183 -4.558417 8.737836 3.704649 5.723369 -2.456247 0.901450 8.519362 -5.190434 6.266899 -8.429203 0.649833 3.690320 4.181424 -1.563744 2.872090 6.476837 1.287471 -4.555947 -0.540476 7.979138 1.794890 7.875064 4.951414 4.671092 -8.307083 9.073164 -0.429276 9.554993 6.342887 -4.445474 1.120326 -5.170245 -6.354050 -0.870852 -2.682529 -9.978458 0.018843 2.063480 -7.137158 -9.722313 -8.230572 -0.286814 2.073472 -2.352114 -3.006120 4.576187 -0.258723 -7.387855 -4.054514 -6.067061 -4.385305 -1.096155 6.082633 -1.635573 6.386142 3.920441 -5.926042 8.777444 8.163857 5.706607 -0.369204 -5.586645 2.172187 4.049681 -7.463625 -0.169087 2.402287 4.395080 -8.108877 -5.780268 9.433495 3.615727 -4.396965 -1.784824 2.256725 5.459425 -8.706733 -4.599079 4.980378 -6.439404 -3.815499 9.501408 5.812204 -4.439522 -7.808239 9.663149 -3.157397 -5.444463 -8.712911 4.439181 -3.991313 -9.135371 1.426328 5.140826 -8.762368 -4.516201 -9.433103 -7.302044 6.702491 -5.124411 -9.784723 -5.232173 0.600506 -8.482336 -7.111560
4.775958 5.126908 -7.646582 0.689357 7.500293 1.526757 0.014017 7.115273 -0.526293 -1.748040 1.861823 0.767031 1.411007 0.347792 3.342908 2.576401 5.628417 2.620787 3.530526 9.381552 -3.803799 8.783852 -9.112683 1.588419 -4.149986 4.895552 2.633528 3.233543 1.943260 -9.118848 6.856270 1.447614 3.087810 -8.851596 -9.082353 2.076396 -3.111248 -2.086553 -6.653265 1.975001 -7.437693 -4.004466 -7.047762 -7.599714 4.578638 -7.921724 6.979251 -1.857337 5.392810 -7.096185 -1.057763 9.173919 -2.155492 2.324922 -0.971609 6.866826 3.152342 0.968211 9.795846 0.467469 -4.139583 -4.684797 1.005770 -0.879420 -3.840331 -0.416575 1.225183 6.914200 -7.727736 9.471048 8.611610 6.157251 8.125371 -1.777877 7.782604 -8.135442 3.036170 -6.276011 5.419964 2.846119 -7.903460 7.643614 4.228148 -1.226929 5.118209 3.198610 9.968611 -2.896609 1.226300 -6.766036 -6.929972 5.013289 7.602902 0.594326 -1.212923 6.932012 -1.525928 1.072692 6.985870 -8.929131 2.493368 -0.374682 -4.623772 -8.060458 -9.496025 -6.148380 -8.416867 2.158856 -7.283172 6.800900 3.650938 -3.994395 6.204505 -4.243197 -1.357659 3.007845 4.129336 -9.837840 2.591228 -3.871585 4.792299 -5.571974 -3.244449 -4.201124 1.175486 -6.201913 3.858166 6.622263 7.770249 -3.034375 -0.561691 -5.459921 -5.980368 1.378895 8.208424 -3.552322 -5.258588 3.294265 1.311225 -5.358508 -2.291143 0.200944 -3.517707 -9.504742 7.206298 2.745696 6.132232 -3.949812 -0.649057 8.983873 7.025344 5.841289 -6.902966 -6.935093 -0.000560 6.611126 -0.718878 -9.870096 -9.275042 -7.350746 2.128917 0.620569 -7.902358 4.643172 3.312559 -5.243065 -5.501277 9.458907 4.364258 4.554996 8.294791 0.063710 -8.267334 -1.105426 3.723512 -3.987260 -2.863839 -0.849530 -6.316813 -0.272734 3.297420 1.902116 -3.409357 -5.339364 -7.589642 8.029440 -0.276625 -1.646986 9.490956 4.413457 -6.140583 -9.588477 -3.193702 6.468887 8.635293 2.634685 -6.014277 -8.498856 -2.629368 8.155447
8.328200 0.847130 0.035523 -6.544447 3.431697 -6.360437 2.982171 -7.339965 8.910144 4.443976 -2.616207 0.403566 -9.813485 3.965178 -3.366561 8.317624 -6.349151 -1.228161 8.332962 9.380414 9.650994 0.965857 -7.378067 -0.949366 0.975195 -1.510871 -7.857605 3.711048 5.324929 -8.069790 -3.844728 6.106734 -4.368161 3.093142 -9.142864 6.705409 -9.275737 -2.600656 6.236281 9.581762 1.138203 -2.179627 -9.679281 -8.029421 9.294575 1.887396 -6.627790 9.159180 8.856053 7.248364 0.337215 1.955302 8.390294 -7.177116 -4.642740 -9.805091 6.447169 3.449093 7.846704 1.111630 -4.043760 0.037270 -0.873617 -4.988415 -7.475296 6.434850 6.469063 -7.959670 -2.301863 1.465874 7.115473 2.227282 -0.063545 1.042238 1.801396 1.766119 0.965101 -6.583988 7.728001 -0.687184 9.012596 -6.285922 -5.802605 9.697495 -2.902602 -6.788420 4.813051 4.415556 6.917657 -9.922418 -9.798755 -0.582458 -0.600182 4.901811 -1.948961 -8.811324 2.625618 -6.379612 -4.981898 6.905016 3.612213 7.257138 -2.129959 7.046238 7.460363 6.904629 -6.039636 3.256290 -5.562957 0.734143 7.677836 -8.061030 8.254844 6.242039 -2.993470 2.325736 -3.221215 -3.712395 8.857732 6.104450 8.680411 3.278111 -5.016972 3.801406 -4.094098 7.666935 -7.097254 1.593538 -2.726049 -6.203815 -3.171610 -8.760748 -7.724005 7.164140 -4.758228 -1.881564 4.547196 -6.868646 -3.854310 -9.867327 7.453157 6.675451 -1.185826 0.404613 -2.410439 -2.087671 -2.809001 4.186945 4.896521 -0.245468 -6.278135 -9.508740 1.680225 6.972389 1.913446 -5.504170 9.544200 -8.424288 -7.195321 -6.618938 -4.611032 2.163483 -3.683111 6.562134 -3.136716 4.609248 -2.568639 -5.548849 0.315686 8.611207 -3.477420 8.186546 -9.424769 -2.720214 -6.197331 -6.182378 -5.299504 1.618307 5.779892 -0.587617 5.875301 -6.757546 5.237159 6.203457 -8.288574 -4.895999 8.137017 7.867053 -3.043547 2.574692 -8.111271 6.939215 -0.548010 5.951148 -2.863322 -9.299495 -7.711349 -7.218924 6.549886 7.934408
7.466940 -4.205691 5.150233 -6.281402 4.114414 -6.663648 9.990246 4.027835 1.373595 9.221932 6.173182 6.254634 4.012255 -1.327294 -5.748756 -3.326742 6.262090 -3.017419 5.498324 -2.296996 -2.271445 -7.516564 -6.368787 -0.421265 -5.134077 4.478444 9.331494 9.568199 1.142038 -9.071643 1.633349 8.621897 -8.605057 -6.674645 -9.063147 -2.838174 -4.742372 -7.557745 1.158169 3.822213 6.285046 9.139467 -3.088732 -7.688062 5.532175 -6.786631 -4.994955 -4.430511 -5.967548 3.291219 6.009175 -0.342534 7.171215 4.010577 1.860601 -1.264080 -5.700316 -7.205566 6.083353 6.922536 7.159645 -6.509772 8.717809 -2.960757 -3.421091 -3.914446 -6.130142 1.603323 -4.613273 5.374115 4.556073 0.535613 -2.574961 -7.062095 4.711732 9.741628 7.399719 -0.297819 1.999416 -5.454847 -2.383622 6.196281 9.755902 -1.906144 -3.615113 2.167709 -0.466691 3.949819 5.167734 5.234081 -5.808693 0.199940 -4.062795 -1.184428 9.943036 -7.766692 -7.178602 -4.284060 -2.145683 5.956041 -6.401908 -0.468662 -4.536738 3.679443 -2.759075 9.061315 -3.549628 -2.367566 -6.057866 1.269881 -7.255033 9.630921 -8.314447 2.777463 7.805972 7.284193 -8.960878 2.657672 -8.902484 -0.087171 -4.148978 -7.550298 -0.830670 -0.312197 -3.586778 -1.435792 -4.276530 -7.441152 0.389854 7.582515 7.704075 -7.985191 -2.579429 5.693479 -7.674723 -5.086028 -7.666476 2.435132 -2.608943 6.227400 -1.032435 2.232623 -0.601179 -5.135857 -2.302278 -8.165482 -4.659281 3.048979 5.992272 -7.067956 7.654853 -1.885006 -5.247169 1.350754 -6.625014 -1.220252 4.154751 -1.053641 -9.848917 6.485074 -0.333996 -3.727250 5.720646 -6.017151 -6.000659 -8.327953 -0.793623 -8.819658 2.829443 1.859944 -5.690424 -0.604217 -7.265286 -9.851466 7.532103 -3.200326 -2.236809 -1.059160 -4.334866 7.927692 4.628759 -2.880252 2.323386 6.318605 -2.127408 8.164844 -9.169407 0.766884 1.175983 -1.410628 5.349213 -3.870379 -4.872103 2.026638 -1.103315 -0.459161 2.788629 -7.440666 -6.764265 0.199531
3.794819 7.294798 5.664904 3.609847 -5.310811 2.315954 -4.838921 9.286418 9.081174 0.991533 5.123387 -2.540912 8.866923 -4.717021 2.682233 3.554503 -4.535720 3.858887 -4.468734 6.201680 9.835448 -8.801909 -1.666681 1.644177 -5.900228 0.584974 1.826799 6.068213 -9.779461 -1.992105 -4.488265 -8.991779 -8.013679 1.375786 -3.171690 -0.144806 -3.444996 7.738503 -0.435256 0.647295 3.984507 5.181237 8.979598 -2.290542 1.556491 8.396000 -7.846731 6.654067 -1.931432 1.887090 5.764027 -7.536909 -9.986160 -6.434949 -5.460567 3.035642 3.825585 6.911581 3.629839 -4.776692 2.529104 -3.884939 8.577824 -7.948851 2.190778 8.981533 -4.848770 -9.471687 -1.561330 8.959747 -2.345436 -0.896864 8.058387 -4.320915 1.334744 0.228301 -5.357970 -6.458469 -9.930106 8.222215 7.749321 5.089962 9.988046 1.465622 -4.753955 5.285833 6.698333 6.233943 -1.670240 -9.015189 6.063546 0.004885 -1.584548 2.435662 -7.960976 -8.384865 -9.177523 -9.961036 6.404036 2.457907 -7.582235 2.474565 -9.205943 5.228200 3.655480 3.007203 9.840251 -5.676848 -8.937422 -7.891133 0.048158 1.441383 -7.435206 -1.644730 6.713863 -3.816357 5.047948 4.107968 7.562643 1.450677 3.389446 3.953731 4.714404 -9.176644 -5.013279 -2.026838 6.072013 4.101140 -3.087787 -6.014879 -5.024141 9.743656 2.887073 7.369231 1.385990 -7.003888 9.761676 -4.418288 -9.693324 3.648153 0.580563 -6.094109 5.401531 4.547144 1.212500 -9.089085 0.802016 1.006219 -6.286602 -1.494289 -2.811101 3.938601 -9.299462 3.957306 1.353688 1.932919 7.558975 -3.869060 9.961555 8.691605 -2.640416 -7.594357 -5.923446 -2.876511 5.213515 -8.208224 -7.496418 -3.573738 2.681296 8.951474 -3.082484 4.914647 -5.789774 1.976683 -0.869005 1.068647 -0.036265 3.047705 -7.768887 4.098564 -3.593231 -0.014462 8.370005 0.383253 -9.715135 -9.988802 -0.386332 -5.175724 6.334767 8.645380 4.013805 0.256893 -9.364434 1.251911 -7.255477 4.795072 -9.814556 6.175442 -6.113371 3.582344
4.312825 0.077279 -9.060238 1.371205 6.175789 -5.522813 1.367373 -9.347318 -6.868491 -1.441567 7.741413 6.046815 8.660441 -4.783092 -6.988499 -6.257641 -1.321505 -1.828176 -3.295582 6.688740 8.716006 1.283199 3.744877 0.395349 -9.940771 -1.381911 -5.230261 4.898198 -6.685367 2.853295 9.848006 5.540624 4.272433 9.421901 -1.430968 -9.345240 0.918594 -5.399737 -1.715550 1.338087 -4.559732 6.709726 -9.729087 -2.737039 -5.061403 4.428493 5.375732 7.395295 8.960144 -7.287353 -2.546818 -4.854016 9.564421 -4.193479 -8.785298 -2.935799 -0.697259 5.381733 -1.530555 3.615457 7.307484 3.200727 4.958027 5.313791 -7.810729 -1.166313 -8.036656 -3.216838 -6.164491 -8.781233 1.532927 6.815457 -1.332093 -3.824623 -8.336192 3.149108 -7.541216 -9.925452 1.268698 2.339769 3.394511 9.494842 -9.081974 8.431836 -5.644227 -8.448887 7.043910 2.734599 5.804751 -1.794947 -8.845718 -3.739471 -4.934054 -6.623400 7.804145 -2.057595 -6.893189 0.735976 0.430183 2.008177 5.106245 1.099369 -7.248024 3.897298 -3.885065 5.831973 -4.613469 7.092972 -6.095349 4.109193 3.952296 -4.958798 4.201066 0.921185 5.828307 -4.051977 -1.993693 1.268891 -0.427799 4.544602 7.619844 -2.401147 5.129271 7.273831 -2.656135 6.021371 8.730353 0.149433 -2.516847 2.470192 4.641965 -9.018355 -0.122907 -9.632552 -7.355142 4.362713 -2.400240 -0.045000 -4.284250 -1.745624 -8.996650 5.648030 -2.287895 -0.935209 6.605914 0.602149 6.932990 1.812094 4.977878 3.923516 4.187134 5.353930 -3.732767 3.987276 4.808252 -6.604602 -4.687143 -0.865279 6.570000 4.958143 -4.496090 8.333983 7.762109 3.580163 3.578745 -8.177052 3.495929 -4.149538 4.431668 -4.064249 -5.604223 3.590667 6.218261 6.690118 7.386557 6.185774 4.735922 -6.482957 6.853540 5.309059 9.033307 0.825203 0.881529 -0.992999 9.888520 1.966564 -6.461438 2.127654 2.990368 -1.042762 -0.072538 -8.148310 -4.147561 -5.365705 -7.886446 8.991681 -7.841459 -0.661112 7.629617 -7.987152
5.667749 3.522476 -9.055551 -7.100383 -9.208706 3.723908 7.109752 8.268497 8.822730 2.754676 -4.467605 5.088420 5.240089 4.553921 0.036033 9.065176 8.517480 4.951072 2.048738 6.926872 -4.544074 -4.487486 -8.087531 0.407453 7.897279 5.842059 9.282687 1.850286 6.458516 2.253284 -5.637858 2.081803 3.949196 -1.436248 2.962497 -1.832564 4.172620 -9.741619 1.202796 1.547470 -3.393865 -7.401905 8.503675 -6.567988 -3.729676 8.668672 -1.128929 4.746213 6.201753 -4.645682 6.755803 2.521507 8.066244 -4.398832 2.763659 -6.452708 7.080465 2.006462 1.836382 -7.649523 -9.744299 4.344766 9.221054 -6.522561 2.501714 -0.477593 1.999604 -5.741468 -2.461411 -4.620410 -1.977606 9.827733 -2.243723 -4.859423 7.559546 -0.665796 -2.962146 6.617070 -4.431006 9.212008 -3.925199 -5.282598 1.954950 6.568203 2.729699 -9.016494 9.885251 7.662145 -6.022467 -3.695080 4.949732 -1.947403 3.673921 -2.649005 3.121328 5.444728 -5.695627 8.838537 5.689611 -3.231660 -8.237782 6.476120 3.474211 5.464497 7.760865 -4.462294 7.818303 -6.082552 9.456608 4.401608 -8.880863 -0.809699 -5.389717 6.960269 6.990874 4.699352 -8.002652 -1.420333 -4.705945 -2.510575 1.662365 -0.408403 -5.323324 -8.856136 -0.547710 -2.754377 6.908670 3.450749 -4.806253 -9.814889 -8.480718 2.124776 -6.037507 -5.394695 -3.869245 -4.314033 -6.417118 -1.545810 -6.595099 1.486628 -8.432691 2.470368 -6.990296 4.981315 5.958139 1.069813 7.941503 -9.202072 -7.327534 -0.865462 -9.906699 2.073308 -7.811218 4.128467 5.608033 5.093328 -9.155145 3.128829 0.175050 0.782895 4.061113 -7.517259 9.717049 1.600847 -8.391425 -9.657555 3.790098 -8.312915 -6.384350 9.156336 -3.044316 -7.952666 -6.556686 4.416616 -9.005382 -8.004996 -9.293534 0.137446 7.012106 6.148718 6.363698 1.879036 -3.228445 -5.625756 -5.489787 -0.910743 -5.957378 8.996149 -3.784449 0.071252 1.449451 6.962268 2.749705 5.093243 -5.404278 -8.431665 -8.462678 3.976709 9.383239 -4.805281
-3.703753 -4.727382 9.251789 9.591480 -7.918995 -6.287819 -7.888126 2.451385 -8.568315 -5.388334 5.790859 -6.938624 -1.759232 -6.069278 -7.989057 2.391894 3.860709 2.809856 -1.455436 -6.624478 4.377325 5.499009 1.383667 7.147907 -0.641220 -5.838623 -8.151289 8.355606 3.229550 -5.768912 -0.732390 -2.551591 3.330560 -3.283989 1.190369 -0.308871 3.368034 -1.169357 1.529212 -6.914286 -9.755549 1.058038 -1.171695 -1.817592 -9.792182 4.584859 -9.925550 -1.004868 -5.786951 4.238569 0.882715 8.207228 9.261963 -0.465982 0.490155 -2.049554 -4.745445 3.741224 0.043328 -8.239046 0.172710 0.299909 7.729688 7.857229 -3.328379 -1.732346 -6.028178 -2.264181 2.820771 1.033761 5.658387 -3.176319 4.517128 5.633533 8.198057 -8.943847 -9.386548 0.567955 -0.006388 -8.719194 1.205588 9.528646 9.905548 2.736149 2.505242 -4.417748 8.661642 6.689883 6.557468 0.482538 1.965218 9.185628 -8.368833 -4.699055 1.276381 5.288065 -5.126019 -8.077243 -7.518852 -2.537835 -1.696317 4.880939 9.751065 4.580611 -7.375391 1.376309 -0.156869 -7.820240 7.868346 -5.077712 1.183915 -0.400503 -8.770049 2.507840 0.338060 -3.263051 7.963969 -7.990051 5.986672 1.509078 1.320874 -3.981944 -8.555712 4.757039 5.671735 7.338945 2.205397 8.684548 8.993727 -8.022523 -8.456730 -9.522855 3.415861 -7.182080 5.362476 4.887827 -4.913118 -8.630818 -9.338251 0.066841 9.961872 9.002584 3.933450 -8.469436 8.136829 -9.477150 2.164080 3.685875 3.725672 -6.320903 -7.319909 6.910412 -1.007319 9.618123 9.392836 -7.360683 -9.042343 -5.783759 5.278481 -5.747216 5.463060 -9.774263 -3.906396 1.031800 7.613051 7.627087 -4.766281 1.644507 -2.001887 -6.293892 -6.715413 8.780411 -7.812258 3.611074 -2.130896 9.050813 -8.933476 9.505282 -5.534033 5.004382 5.978630 -8.283530 -0.897648 -9.566870 -3.033427 -1.332052 6.529370 8.120967 -9.228229 -6.661416 3.931889 -9.667391 -4.719601 -8.010854 -4.279792 0.710260 2.416227 3.727592 -9.220105 -5.678062
4.102669 -4.498718 -5.187687 -0.930244 7.915910 -1.108673 8.169250 1.862126 -6.579752 3.884478 -5.806645 -4.722697 -6.652942 -8.119334 -7.853139 -3.392184 6.169736 9.581002 -6.510982 6.863481 5.067564 5.564228 0.305943 2.694660 7.911882 2.076387 3.665141 -3.546313 8.087693 9.820243 2.473042 3.251920 0.825264 -6.247954 6.049543 -9.329409 -9.873528 3.145806 8.766498 1.532472 -4.190623 6.770250 -4.380793 9.332182 -4.128174 -6.714594 3.650215 -8.874594 -4.129515 -7.477831 -7.606541 7.132717 1.888481 6.945881 9.170839 -3.390806 -5.628184 -8.095316 6.052541 4.456290 -5.995467 -1.906672 0.339963 -2.478087 -8.278394 -3.227037 -3.323103 -0.724897 -4.171818 7.709501 -1.505844 -0.647248 -6.456559 -1.414868 -4.102803 9.504487 2.541380 -2.021913 -2.373967 6.266177 -7.375590 7.405872 0.694562 -3.637808 7.563090 9.805349 2.136138 5.507054 -7.458945 5.086881 -7.859365 -7.218166 8.782575 -3.389034 -0.167290 -6.381818 -2.380950 -5.590899 3.730326 7.057429 3.061185 -8.083472 2.315147 -9.821262 -1.016460 3.723749 -3.646883 -5.509825 -7.599953 1.923926 -8.785698 5.823435 9.683416 -9.111684 -0.568499 -1.796894 -4.371540 -8.325830 6.141159 9.631716 -4.038236 5.161625 -2.114839 1.430793 6.151987 2.785019 -3.454438 0.399215 -0.698355 3.689574 1.885361 4.755795 -1.069631 9.682219 -1.413824 -5.296598 0.592141 -7.730481 3.492533 9.325941 -5.115968 4.124541 -2.531112 5.473225 0.174378 -3.595219 3.518789 -1.859110 -0.358566 0.030794 9.941932 4.348695 2.911301 -3.857373 1.688356 4.501003 -5.892773 4.146086 0.844739 8.301446 3.771083 -8.238405 5.668575 8.912802 5.216741 9.098442 -2.203505 2.704474 6.873620 -5.473784 -4.100526 3.660335 7.368177 7.682345 -8.217341 -7.362381 8.605170 -3.035849 2.987824 -4.768081 -7.802685 5.708802 0.534593 2.190389 2.358422 9.607678 3.266186 -7.092121 -8.908634 2.356237 8.622423 0.059232 1.829517 -9.013951 7.798845 -1.427361 0.239033 -4.777908 7.941056 -0.895715
3.896466 -8.740741 -0.251323 -2.601080 -1.066640 4.372639 -7.968700 -3.739776 -8.777289 1.298505 1.556585 -7.260772 3.174473 -2.960320 4.964130 4.853615 -9.227160 -8.139333 5.478134 -2.557065 6.143987 -4.818327 0.101857 -3.364147 2.553877 2.677336 9.558762 9.976744 6.639812 -6.952704 8.660333 9.985747 3.842853 6.416574 -1.501843 -9.128178 4.714552 1.495033 6.414462 2.051636 0.870543 -1.487086 -3.255970 -5.138715 -2.236940 -7.519309 -0.563446 -9.755506 2.434695 6.233656 -7.260144 1.606277 -9.289479 4.358463 -4.352858 1.897876 5.932104 -4.791738 -5.466042 -9.974763 5.187750 -2.506524 1.582457 2.285741 3.899431 -8.140230 5.011387 -3.869303 3.227201 -7.545811 -1.218642 1.047919 7.022982 -6.081275 -2.533807 3.879568 -6.641509 -1.759468 9.803045 -7.364873 -9.264448 -1.525667 -4.622539 3.537144 3.198881 -2.790328 8.188919 5.980311 -7.263130 -9.314798 -4.709540 5.733620 9.590361 -5.993278 0.768396 -8.359913 7.872170 0.516665 7.793570 1.623655 -0.903195 7.715568 -2.787150 3.800272 -6.169231 -7.614728 5.600660 9.016465 -5.114102 4.628388 8.656795 -7.064152 -0.842899 -8.112097 6.613973 -0.164983 9.286685 -1.911154 -0.563790 6.395222 1.427379 -4.723604 4.713974 -3.792079 -6.953697 3.617563 8.057896 -9.701724 0.840768 8.270602 3.430089 -8.502578 -2.310765 0.319325 -9.593500 -3.597091 5.116969 1.976488 2.855231 -5.767651 1.192664 0.835937 -4.142845 2.724225 -5.542063 6.935331 7.335942 7.679886 4.691186 -6.515084 -5.737531 -2.646696 -5.787598 -1.486231 -7.014982 -0.614422 7.113822 -7.890603 5.652293 5.928647 -6.220352 -7.727010 4.346082 7.197485 8.837304 -0.397500 3.752228 3.596250 -0.441863 -9.806756 4.890708 -1.816693 1.980317 -6.735576 -6.683353 9.699366 8.313291 -7.455035 -7.571159 6.197221 -5.780398 -8.361971 -1.229984 5.867735 -8.732952 -1.743907 -9.736410 0.549898 -4.585453 2.293107 -9.648960 5.398794 1.567184 -5.295756 5.436600 -9.438843 -7.143682 1.626002 9.420000 -4.870899
3.055345 -4.138576 3.107623 -1.413153 0.612651 -7.453556 9.899423 8.134701 -0.872548 -1.758941 3.738946 7.639178 0.787623 -7.231293 0.477864 -3.245018 5.456782 9.854578 5.099054 2.647299 -9.786098 5.413423 -2.104995 2.284386 2.316851 -4.936229 6.480182 -3.526057 -0.158501 1.746447 -1.320508 -7.691876 2.114487 -2.771942 -3.432550 5.700833 -0.313609 -2.477215 -2.242722 -6.024230 -6.906185 -4.336637 -5.031803 8.473791 0.507022 -8.775382 -4.404801 3.512415 -7.146409 -0.453712 -6.770249 2.251800 0.695682 6.257166 6.881313 -5.838979 -6.186685 -2.050334 -9.740060 -0.984836 8.072078 2.681000 5.528684 -8.897928 9.287213 -8.485144 0.508512 9.427936 -2.976104 8.437610 -2.606843 9.887867 2.766106 -1.006578 -0.348387 1.189705 -6.997720 -4.110883 2.781130 -2.687791 -5.360726 -9.991938 2.163070 3.508749 5.265807 2.550009 8.277043 -1.557328 -3.955444 7.334763 1.713287 5.928336 0.738673 3.523817 -5.897783 9.507395 0.545263 9.341790 3.724656 5.734768 8.936318 -0.893039 -3.601973 -1.142116 -5.620547 4.315304 -3.782434 8.543305 -8.938874 -5.107460 -6.373939 -0.859043 -8.451420 3.260141 -1.690616 3.938237 5.467591 8.391100 -3.883984 2.807144 -4.034523 -3.446928 -1.549099 -0.996668 -9.113199 -8.500896 2.691666 4.870555 -2.756575 -8.331715 -8.602851 8.301762 8.551101 -4.532985 2.111991 4.837029 9.238193 9.446614 6.451262 8.494125 9.089480 5.818848 -6.905411 -7.413712 2.592549 8.056449 -5.630567 8.985562 1.670550 -8.308883 -0.971170 3.336132 -3.529337 -6.390827 -6.547977 7.513920 3.402400 0.583680 -4.874178 -2.766052 8.323118 4.495909 7.743207 -6.350251 -9.930768 -7.033643 9.291454 -6.684382 -3.967501 1.436259 9.608716 -2.978661 0.283512 9.921543 -7.417799 -3.929695 -1.010596 -1.570857 3.103496 -4.646491 8.627465 -6.606847 -4.004863 5.901821 -9.768378 -1.583348 -8.578260 -5.212258 -1.323432 3.347278 7.014045 3.947636 -6.302522 -4.334860 6.350412 -6.283435 -2.232357 3.693494 -8.983693 1.883541
-1.040349 -8.196264 -5.686533 4.264787 1.297403 5.027411 9.336035 -3.997016 -3.208029 7.944085 -3.205049 -3.490693 7.417182 2.981204 -5.500977 0.157288 4.096260 5.321736 2.811281 6.069886 -1.953684 -6.975810 -5.370091 2.711870 -0.477881 -8.166887 -3.713927 -8.387427 3.534425 9.523208 9.680066 -0.063023 -4.442811 8.893377 -3.880003 2.699469 -8.432944 -4.439152 -8.747743 -7.911463 -1.458061 0.856293 4.097679 -0.581775 8.903889 -8.630819 -1.550395 -9.271236 -1.358374 -8.999486 9.723575 6.339471 9.559325 -8.545067 8.593067 -0.866441 -8.746154 -4.956519 5.075979 6.722021 8.677008 -3.968539 8.750249 -7.805779 0.488629 -1.789011 3.144554 -8.165848 -6.878498 7.063746 -7.421299 -2.130101 0.414609 4.137426 7.639300 8.009901 -0.385184 -0.311131 -0.414937 4.978236 -2.869927 4.432102 -9.058130 -4.649689 -6.401835 -0.821936 0.755887 -0.484874 9.955659 -3.618638 8.177808 -0.091472 3.451406 0.292097 -7.823156 -8.736601 -9.450138 -5.535635 1.773229 8.568355 -8.523320 -4.919806 -4.468912 7.346809 -0.299807 2.555879 -8.188831 -0.717907 1.253133 6.214298 8.123511 -3.933132 9.329130 -7.391335 9.652460 3.460338 7.829254 0.585442 -4.733933 1.831419 9.759180 -6.852702 9.419832 -9.742387 -2.847958 1.746570 4.447512 2.132373 1.848875 4.633954 -4.903310 -7.878392 -7.898832 -2.457225 8.142311 8.519221 -8.552406 -8.631688 -4.749467 -3.574995 1.359782 -3.799931 6.964354 -7.133412 -3.461003 -3.946771 9.676202 -1.848260 0.591462 -9.885270 -8.324884 -8.757569 -7.892394 1.872447 5.814500 3.224100 8.861062 -6.570524 6.380444 -9.898587 2.772448 3.048889 -2.611738 -3.729790 7.469087 2.473043 -4.309586 3.945057 2.273076 -4.755541 -6.040289 -5.832235 2.209624 -5.389577 0.389113 -4.196378 -7.038126 4.314534 -4.068138 5.167240 5.704146 5.928014 4.700931 -6.010872 -5.094094 -5.901749 4.081894 -4.955502 -5.160407 4.764429 1.823526 9.577243 -7.962866 -5.366129 -0.349718 -0.587299 6.937381 1.159981 9.011697 5.221350
-4.106207 3.893847 7.953933 -1.231869 -6.306612 -5.388765 3.890464 -8.723824 -7.695851 -0.417954 -2.173886 5.793313 -2.529518 -9.498530 8.665103 -9.332551 -8.453608 5.258215 -3.167249 -7.049966 -4.475424 -4.680436 4.264663 1.038083 0.152150 -5.953086 -1.367501 2.584220 -7.153877 -0.133037 3.173957 1.470769 -8.934371 -3.996697 6.266719 2.889870 6.209738 6.200733 -9.174595 -1.596259 -3.959132 4.545971 -2.933469 -2.304072 -9.331156 -3.614558 9.868559 1.882292 9.732977 -5.721331 8.180993 -2.828027 3.501547 0.747946 -1.363190 3.323167 8.686397 -2.971192 -8.011685 -9.483118 5.321860 -3.153306 2.047880 -5.818904 -0.852037 -6.990048 -5.458075 -6.143694 5.508218 -2.352421 -1.231637 -3.654578 -4.667358 -4.812661 4.280688 3.869495 -1.701111 1.729670 9.967675 4.290382 7.879000 4.206607 -6.369663 0.488562 -3.413759 5.961809 4.393095 9.119865 -1.721906 -5.618595 9.355604 -8.825105 -7.629098 -0.472008 -4.816281 -7.703428 6.951166 -9.820731 5.158194 -5.862535 9.356958 -1.491423 -7.655691 3.917199 1.070075 5.199823 -9.642806 -8.572829 -8.579681 -3.117887 6.772571 -0.617830 2.436256 -8.063237 -7.802188 -1.950487 -3.022921 -3.594266 5.578518 7.931497 -8.419712 -6.705566 0.896536 5.968369 7.581065 -8.164935 9.086361 8.554699 4.538769 4.791863 3.630407 7.875359 -6.846168 9.688682 -9.681511 -7.092584 -0.860672 4.177164 -2.456386 5.419187 -7.494669 -1.762113 0.038350 -5.358322 2.211029 2.384971 -6.403726 6.377759 -8.180142 6.373429 6.290372 -0.595383 3.406130 -4.823835 9.455224 -2.556585 -7.496822 9.737222 -1.057503 -6.145452 9.646449 -6.675618 3.386743 -3.809457 4.762043 -0.732471 1.543102 -5.230343 9.862510 9.836200 5.722379 8.582267 0.483717 5.416920 -9.229869 -6.865720 6.318583 -4.193313 -7.011487 -9.420991 -9.088033 -5.087660 -4.737412 2.712933 2.405187 -8.786520 -9.358756 -2.648887 2.683658 6.973863 5.947292 5.282501 6.326730 1.589444 5.797324 -5.275556 6.172201 0.036444 0.731850 -6.486531
8.770315 -7.713393 4.324845 -7.462443 -2.327505 -8.097105 -4.230151 -3.193645 7.290446 5.282194 -9.529354 -2.683060 -6.570055 -0.958579 9.613652 -9.716113 8.539558 7.848717 -3.270817 4.945538 9.248867 0.615738 8.078612 -1.388096 -7.378760 5.993068 -7.498332 4.025379 8.779776 -1.567521 7.688061 -1.381586 -2.774091 -9.806175 -9.559073 -9.919868 -7.562721 1.798666 -7.132619 8.433489 -9.118366 5.794046 -2.657024 7.532171 -7.639684 6.034611 -8.867270 7.441858 -8.814366 9.463042 6.124254 1.911371 4.309381 0.882610 -6.258915 0.382608 -7.690748 7.277516 -8.903847 7.047940 -4.816135 -1.514851 -4.170351 -8.037099 -1.024528 -2.306023 5.627347 -8.639786 9.840470 8.790246 5.834808 6.856608 6.722546 -8.593994 -4.317952 2.186862 5.839375 6.141208 5.483120 -5.833160 4.372946 -4.363489 -2.495314 1.523645 6.087754 8.582225 1.567767 6.689963 -0.412962 2.137141 -2.721175 0.522634 9.352334 -6.087862 1.475383 -4.838713 -3.499159 6.545443 -0.988654 4.883152 6.836982 -1.194302 0.021581 7.564557 -2.202261 -9.201865 -6.305124 8.905675 -1.632258 -4.544081 -4.042534 2.407380 -8.322464 0.069066 2.984045 -5.935466 -6.823085 -4.246412 9.967388 3.700405 -3.980763 -8.444761 8.584433 3.121169 -5.722928 -6.557484 -7.883597 1.638370 0.522325 1.737708 6.878910 -0.098233 -3.643871 9.114069 3.234839 -6.271332 2.802659 0.925173 9.580970 -7.045466 2.950879 -3.481329 4.022072 -6.327743 7.100259 7.475161 -0.774522 -7.634609 -6.707098 9.107687 -9.705277 -9.985783 -0.909475 -3.047245 7.285017 0.889273 -0.490086 -3.374457 -3.587351 -7.876722 1.440268 -4.523358 -5.127189 -3.570366 -6.258764 9.922257 -1.671510 -6.239108 8.490026 -8.048968 9.433070 9.257240 5.066784 -4.634796 5.842539 0.401206 8.297359 -4.324106 3.096652 -1.305268 -2.891163 -6.304164 0.949932 -8.128158 -8.218142 -1.631016 -0.511902 5.845065 -5.462553 -9.039589 6.482520 -8.719561 -4.447674 -7.655433 5.464922 -6.527470 0.750630 -8.548237 4.045736 2.077410
7.202989 8.500535 6.866491 -4.629974 7.723405 3.473594 -2.097668 -5.074250 2.579991 -8.052350 2.310542 5.731663 -1.850472 4.780716 4.296168 -1.448495 3.217117 -4.042240 1.602685 -4.199951 -0.893907 -2.952319 8.251819 -0.099402 -8.805294 -4.993732 -1.735745 -2.234208 -3.577223 1.809605 -6.734188 5.581346 -3.866691 -6.299199 5.173964 6.081582 4.037951 -0.115993 -6.598591 6.014098 4.243335 1.643015 6.809988 -7.589916 -0.391853 1.454471 4.401494 3.817289 -4.319797 3.018705 9.091883 4.955295 8.012992 -0.814501 -3.537021 4.073466 -3.474375 2.417952 -9.493181 2.943228 -5.175340 5.285389 6.651473 -2.967566 7.553173 -7.854230 8.430824 -4.150800 -4.100210 -1.570333 -6.149105 -8.873396 -9.531171 -1.049120 1.512430 -9.291791 -9.993078 -7.755680 1.887166 4.842389 6.223726 6.058381 2.797553 -3.338738 8.931290 3.484269 -9.132761 -7.997285 1.363049 2.338679 8.845049 -9.521722 -6.444057 9.841163 7.120838 -7.804770 5.281942 -0.653532 4.097076 6.433749 3.239683 8.428502 5.242163 -4.576950 -0.657994 -1.030462 -3.206555 7.657245 -4.780717 -7.263603 8.322958 -9.219656 -6.003791 -7.832804 -9.736443 -5.057405 -0.952888 2.586026 8.293442 -8.855154 -2.686542 -7.437870 -2.262049 6.986294 1.900772 6.221238 5.628984 -6.984635 -2.245998 -0.962091 1.032546 9.411107 7.351117 -8.080669 1.463131 6.303772 -1.071577 8.631468 7.249056 -4.521398 -3.521520 -6.860625 4.889019 3.930301 7.657305 -7.191198 -8.957194 1.343310 -3.889945 -3.542898 9.866386 -2.152845 -8.692378 3.191910 8.064766 9.898787 -4.674707 -8.936843 2.446237 -3.775693 -1.485616 -3.033602 -9.965963 -5.595456 4.705923 -6.039833 -0.797199 -2.836547 3.576158 -6.318720 -1.921784 9.354526 -8.245740 -4.883995 5.298957 -7.158446 -2.237839 4.489938 -2.217892 -9.044296 -3.056132 -0.598172 -9.534670 -2.710295 -2.928414 6.841416 5.764129 0.323041 -0.192441 1.961393 8.206879 -9.875328 9.204953 4.640251 -2.584065 2.733720 1.114350 6.225910 3.449944 -5.010690
-4.364468 8.703603 1.370158 -0.247585 -6.084237 -6.136274 -4.290458 0.017387 -6.882012 1.350057 8.351479 -4.756283 6.917967 6.209845 7.328163 3.725625 -8.247363 2.873893 -1.816217 2.734066 -4.342071 0.050540 -8.348760 -6.191130 1.575813 6.402985 -6.954577 -4.514120 6.634763 -4.551100 -2.847379 -7.898865 -0.193409 8.382960 -7.405776 -2.245264 8.379110 -3.095342 6.547778 -7.065930 8.248279 -1.616923 -2.405431 -8.429483 -7.505956 7.906851 -3.473283 -3.977675 -2.238851 -2.278488 -4.335101 -8.726400 -6.922892 -1.797857 -8.639912 6.519074 5.569794 -1.875191 9.529279 -9.334738 -4.811663 -1.725735 6.927557 -0.985464 8.504829 -4.364003 -8.340133 7.673642 1.555449 3.330359 -2.371068 8.185229 7.290051 8.254498 -7.973935 9.689236 -3.667026 8.510009 5.633652 -1.557565 -4.204664 -6.977487 5.806386 2.826673 -1.014999 -8.786486 -1.754899 -1.910053 6.530216 6.608726 -2.333157 0.499328 -8.885273 -4.063167 5.529757 -0.503338 -9.945245 -5.279874 -0.708229 -9.188321 -7.386665 -7.371407 -7.615884 -7.331905 2.231140 -7.891378 -4.231072 5.252846 1.665769 -7.573564 8.557375 7.280776 4.780086 -8.883802 5.114335 2.472261 5.739364 -1.266539 9.116370 1.688876 5.689632 -8.575138 2.064672 -2.787139 4.236453 -4.138633 6.158283 -6.712516 -4.747519 0.494925 -8.130335 -5.269096 6.819570 -5.436070 -7.092670 -1.828668 -1.189128 6.026775 8.805940 1.109235 0.052344 -6.231039 -4.123279 -4.201810 -6.060996 -6.223011 5.715060 1.649229 -1.718902 5.261012 7.862395 9.698040 0.643816 -1.217978 9.790942 9.990972 9.718294 -1.789862 -3.961664 -7.634147 -4.012303 -6.389111 -8.227023 5.467149 2.768912 -3.359565 7.464013 1.160355 -6.308031 -7.472008 -2.164675 7.670256 -7.239384 4.317605 2.676711 0.773484 -4.380137 -0.567205 9.466358 -9.772080 5.602330 8.513920 -0.476603 2.328434 9.166762 2.233651 3.045344 -8.902289 1.662124 -0.759416 -0.266382 -0.988034 -7.905140 9.716593 -9.679432 -2.709995 7.970792 2.698283 6.826240 -1.412676
6.223569 7.310683 0.840562 6.754525 5.989230 -2.518708 -2.916394 0.821563 -9.346096 -0.457205 -7.977687 -6.635476 5.524160 -9.199060 -0.934292 -7.773159 -5.092196 2.317648 -2.118493 -5.311128 0.358557 9.018671 3.869004 8.454865 3.735630 8.761182 6.015629 8.689767 -2.927140 -4.181996 5.750215 6.192420 -6.871337 -4.734155 -3.403302 8.062416 0.251740 8.107723 -0.426933 5.767622 -9.233887 1.843537 7.721194 -5.951693 -7.727821 -7.312715 -1.181251 -7.895301 -5.062496 -6.462326 -0.318392 1.396320 9.249567 8.188629 -4.489430 6.187118 2.112386 -1.324064 5.987362 -2.287474 -3.114368 0.568625 -1.734465 -1.698645 -3.187941 5.166511 -0.542907 6.308728 -2.297457 1.049257 9.838247 -1.876775 -8.541634 5.463696 5.372408 6.311550 4.274102 4.842346 -2.371008 4.606102 -0.691253 7.748773 -0.627218 -4.440558 3.169917 -9.986861 -7.002669 9.385735 -4.598576 -5.849937 5.527700 8.903894 7.650928 3.093017 -7.573784 -5.964882 -7.653626 -7.213862 7.143303 -7.243375 -4.630421 5.554260 -2.961004 1.714478 6.579267 5.623814 5.109369 2.730674 -0.778918 -8.297898 -8.690756 8.105273 -4.944426 7.209518 -3.945990 -4.499544 -2.165745 -8.811458 -2.757958 5.704555 2.068002 -1.521142 8.838511 0.506233 -1.197032 2.440113 3.080182 3.271355 -3.533628 -1.798373 0.555418 -4.617258 -6.220282 8.068744 2.868693 4.306119 9.117207 -9.228606 -5.872355 8.131101 -8.644638 2.371744 -9.713160 8.079337 -1.480924 6.159851 -0.392924 1.686886 -5.058920 6.706190 -8.088176 6.727118 2.226834 -9.075939 2.817566 -1.234761 -9.015244 -7.861106 -6.526419 8.618010 4.524942 8.978930 3.421521 6.924755 -6.134291 -8.764314 7.024453 3.639081 -5.512766 -1.176419 -6.611655 8.635369 0.698703 -3.373698 -9.971939 -3.322998 -9.433642 7.369549 0.986620 9.856789 6.920851 1.439685 -8.864219 -8.373788 0.101515 -1.292457 7.857488 -5.179601 -8.585062 1.767852 -8.687791 -2.134461 -7.431893 2.913928 4.466511 -2.740191 5.231703 2.511472 7.640166 -5.975917
-8.541901 -2.298148 -3.364696 -3.739803 1.154298 -3.253536 0.119181 -5.026026 1.326513 5.776615 -8.053055 9.105366 8.629370 -8.895355 -1.269513 -4.800047 8.143039 -6.216188 3.803451 5.225825 9.093575 -8.994299 4.807772 -5.453880 -6.404653 9.403445 -8.607401 1.681253 3.865431 4.084562 -9.459402 -9.715362 -0.232171 -9.148374 7.602759 -9.922595 -1.118292 8.560455 2.431655 5.662135 -3.422751 9.132724 -5.077490 -9.604017 -1.016794 4.631369 -3.819970 -2.395795 -3.788637 3.826114 3.126627 8.357307 -8.385473 -4.597410 -8.017675 -6.586994 5.241847 6.357826 9.602818 -5.150613 -5.386301 -0.000331 -5.349526 -2.806434 -1.179744 -9.679184 -4.618717 -8.559937 7.112255 6.913809 4.829189 -0.519219 -6.395469 -8.613327 -6.638709 -0.665786 -4.980370 7.142394 3.540138 -1.504433 -7.231904 6.750285 0.901228 0.471431 4.922758 -7.818388 2.347716 -7.106987 7.932997 -0.566915 4.894174 7.694850 -0.552479 -4.998883 -0.974441 -9.855741 0.749570 -1.117204 2.909129 -8.481453 -2.627306 4.452098 -4.257210 -1.908732 8.228815 -6.734706 -7.402011 2.749351 -9.463559 -7.994044 -2.293944 1.584053 -9.282138 1.338991 -3.300822 -9.886863 -5.719196 1.664300 2.354543 7.524332 -4.664039 5.012836 -5.244582 2.095492 4.650758 4.573925 -1.830401 6.661537 -0.737806 1.701326 -9.043003 7.575687 0.651296 -9.710476 -0.259967 9.021822 -3.407902 -7.510521 -7.650045 -0.709924 -5.375530 5.665773 3.211065 -8.619309 -6.899128 -4.407500 0.230263 5.312847 -4.069002 7.273741 -5.650368 6.726349 0.794984 4.047145 6.753617 -0.196072 -8.569778 -8.291833 6.808335 4.817406 -4.679263 -0.261007 -9.965090 4.293348 2.024002 -3.358859 2.564791 -6.837961 -0.774775 1.567038 4.291120 3.353106 -8.612646 2.693113 -1.596204 5.820209 4.366788 1.482662 -2.232809 0.535760 6.021797 -9.467220 1.590404 -9.611161 6.357206 7.689408 4.355724 4.967765 -0.516826 -7.775055 -9.140174 -9.608467 0.438494 -9.172925 2.721617 -6.499907 6.415546 1.730497 7.302240 -6.462488
5.915073 7.514452 -4.513232 0.889454 -9.353241 9.688584 -5.446660 -7.864729 0.070028 -6.413339 6.928442 -6.044983 -7.448987 9.270223 1.497401 -6.768077 -5.601255 -4.770917 4.108058 -3.343787 -4.979576 -7.941266 -3.443419 4.204489 -9.107409 -5.531202 -5.290689 -3.420822 -8.327938 1.197717 4.016418 4.900039 3.885880 -1.136276 -9.795042 -0.377368 -1.586540 -5.685802 2.760608 7.350289 -4.162377 5.903410 9.943277 -3.850612 3.671673 -6.207060 0.161156 -3.541305 3.227618 5.691232 -9.043051 7.779677 1.044394 -5.419497 3.395854 6.988289 -6.235158 1.657252 -4.227287 -4.586555 7.335124 5.533403 -5.790972 6.146401 -1.172950 -8.857720 1.312379 -9.072259 -3.303305 1.266483 -1.336324 -8.551379 -1.594511 6.921593 7.217509 -7.719002 9.550557 9.718083 1.582526 -3.736607 3.646430 0.015791 3.530167 -0.396465 -0.705956 7.661690 2.829705 6.301553 -7.069049 6.580604 8.095594 -7.380589 -4.831430 1.015944 -4.067969 -6.411260 -9.875544 -3.821271 9.465584 -8.846625 -4.987972 -6.184286 -1.902598 -9.889599 -6.768409 2.609342 7.051834 9.707979 -5.663483 4.310411 5.620289 4.264432 0.282839 -2.894443 8.667814 1.654812 6.808882 6.823071 5.972169 2.424015 5.823642 6.686709 6.093800 -0.999218 -3.600959 6.444841 9.756892 -7.030087 -0.480371 3.205102 -3.568495 -3.162523 -2.759090 -4.204281 8.598601 -6.160115 -2.576842 -5.160411 -6.807690 -8.897020 9.916283 1.369043 9.600544 7.874319 -2.320381 -1.794648 7.510418 1.773411 -4.733189 -3.192574 -3.105043 9.955233 -1.490066 6.235572 4.395482 -3.760358 2.309178 6.422876 4.712370 7.791591 -4.896983 -6.740804 6.107899 5.779925 3.923017 2.696174 -9.349261 9.136358 -1.260853 -2.765764 9.261354 8.976633 0.542748 -3.325435 -2.802230 2.917325 -0.263188 -3.457881 9.966028 2.020170 -9.273095 -6.736839 9.614681 -2.933870 -7.232789 -0.110133 -5.408429 -8.812431 9.444514 2.494673 0.657559 -4.073256 -2.162619 -0.412594 9.453287 -2.611068 9.877666 -5.565563 -6.401688 5.974327
-1.672593 3.408797 -6.919633 -3.871987 7.410401 0.125934 0.331635 -4.234112 1.938287 1.419861 -3.705719 -2.615373 1.326086 8.113892 1.203873 3.796317 -8.705005 -7.563806 -7.262776 0.109296 8.606011 3.311750 0.750281 -3.379945 2.144852 2.262643 -4.214970 -6.408600 -3.601749 4.932743 2.507726 8.894992 -9.860898 0.621708 5.077761 -2.817030 -3.972577 0.789684 -1.274884 -3.895104 -4.300983 -7.482893 -9.847225 1.764618 -2.526791 -2.163673 -9.422567 -9.553055 4.244998 7.389593 -0.874154 -8.546881 -3.739313 5.193496 8.148536 -8.167342 0.895224 -1.547453 2.120441 4.964279 -4.751229 -4.290528 -8.421864 6.791030 -2.219638 -3.571964 5.126863 -7.489038 5.736218 8.495022 7.601736 -1.755403 4.809428 -7.903277 -5.954560 7.345042 4.434868 -4.509286 -4.185739 -2.658994 9.714464 -6.507421 -4.622241 -9.604396 1.935846 4.262197 -2.138702 6.383699 -3.449145 2.671314 -3.807538 -4.028071 6.111799 -0.754713 6.958741 7.926377 -9.051609 -4.563225 -9.307334 -7.446180 3.777769 -9.017241 2.947412 0.018450 -8.671777 3.340267 -0.049606 -0.567581 -5.204372 -6.535425 8.994738 -7.828245 -4.412966 4.853735 -9.100000 -0.341391 -6.797593 -7.130733 -7.997260 1.624631 3.247652 3.360823 -1.653763 7.278269 6.262678 -9.071991 9.283142 -2.815698 9.373377 -8.318847 -5.135285 1.937033 -0.401777 9.265423 8.327747 7.333150 2.212703 -9.838625 1.493184 5.690161 7.875484 -7.520982 3.749709 6.245905 -4.538937 3.765192 -6.792582 4.956376 0.772761 8.171526 -6.690072 -0.759282 4.121928 -0.156119 6.691943 -6.461290 2.807565 0.284113 8.206986 -7.381956 2.237287 -2.019855 -2.396711 -6.715022 -9.053432 6.699925 -3.795406 -5.081245 -5.393598 -6.622624 5.110742 -3.701963 3.112793 -5.179371 5.153742 3.649625 5.430534 -9.190255 4.892021 0.921282 8.726829 -9.432780 -8.276027 5.556762 0.570663 4.109749 -9.147865 9.918040 6.855876 1.241752 -3.626331 7.108485 -2.148671 6.825589 2.688987 -7.747558 -3.463364 6.132398 -7.097620 6.202797
9.843579 -3.100703 1.034548 8.293606 -6.059029 -7.145179 -0.956459 5.527172 0.809520 4.341023 1.019581 -3.300522 5.452361 2.083187 -4.089561 -9.181523 1.043889 -7.883632 7.969626 -1.230911 -5.830946 -9.558976 -3.943068 3.440631 3.657497 3.734879 -4.459805 -5.255288 -7.723402 5.597749 0.571621 -4.006043 2.750794 -9.314981 -2.301058 2.638348 -7.636995 4.960069 1.549388 7.360925 1.594052 -6.149249 -8.363228 -5.498323 9.523882 6.337810 6.826037 0.559368 8.349222 -9.804025 -7.249593 -8.684086 -7.507078 3.081897 -8.869859 -3.285888 2.603271 8.829788 9.573581 5.833531 -3.172092 -2.327291 1.958995 4.444515 7.799425 9.054112 -6.851225 -0.725697 -8.690337 -1.668052 -5.186464 -3.232655 -0.593088 3.156221 -9.706543 -8.284035 -6.080150 5.019547 -9.919311 9.111989 -9.021621 7.233402 -3.681105 -9.505908 9.981873 4.859682 -2.742620 6.826055 -7.291078 -6.915522 9.152438 0.259424 4.930912 -0.257870 6.184692 -4.859148 -3.648783 -0.466174 -5.306496 6.344226 5.798697 -3.964825 4.721751 -6.070750 6.741217 -9.970711 7.205355 -6.509538 -5.287551 3.084671 2.736283 -0.498313 6.135351 4.103729 4.155129 0.680873 -1.156376 -5.197717 -0.335099 0.653579 9.056031 -1.277482 2.083683 -9.906657 -0.965648 6.237844 -5.501086 5.401533 3.066047 1.128176 -5.913541 1.090709 -2.519198 7.396483 6.347862 -4.787432 -6.566542 6.014035 6.918147 4.186234 -8.627123 -4.021900 3.680221 8.727080 4.293029 6.631200 -6.790977 -2.210883 3.504414 -9.514724 8.576981 8.052144 -1.878864 1.717821 -3.254616 -3.756529 -1.931157 5.108216 -7.057029 -3.677804 5.261770 2.223314 1.277895 9.089443 -5.075035 8.202599 -9.937370 -6.560144 -0.175828 6.409660 -6.952151 0.937220 7.919606 -0.689577 0.767048 -8.587767 5.280783 2.399177 1.133005 8.290562 -8.875216 -3.068241 0.206594 3.582440 4.786718 9.808712 2.130867 7.015299 -0.619146 -7.862115 -3.716306 -9.352126 -0.050178 -9.163822 -3.606710 -5.922991 -6.896873 6.996722 -7.387227 3.495332
-0.062182 4.151226 -2.469012 6.160987 -0.346560 7.677659 -0.271542 4.606495 -7.162080 -6.210179 -9.267417 6.888090 4.238034 1.018443 0.855350 -9.062793 2.463749 -6.308854 5.657147 2.364899 3.845538 -1.699487 7.615607 2.437325 9.805524 -6.605220 2.576514 0.779939 -5.749540 -1.718605 -5.853449 -8.636686 -6.878091 -0.229444 3.393579 9.892635 -1.021912 7.712861 5.775503 -9.916303 2.762010 -8.232250 -9.347716 6.791528 3.348121 7.466479 0.498630 -7.139103 -9.473526 -0.771082 7.412931 9.411202 4.276521 6.296874 -6.155876 -2.756757 -9.305139 -4.923370 -5.802405 9.557133 -1.789221 -4.962841 -2.274583 -8.132111 2.502415 -4.538994 -8.621311 -5.524189 -6.172773 -5.842489 7.872810 -5.827881 -7.149946 -1.905491 -3.054571 -6.919544 -6.600061 -3.446153 -0.707719 -2.904898 -9.545470 -5.992390 -8.992167 3.525937 2.157069 -5.424407 4.088326 3.233806 -1.124803 5.492074 3.962569 1.431908 7.184159 -6.130377 1.105961 9.052113 9.012646 0.479603 7.288374 -1.151173 8.012577 -4.497683 6.609631 -7.241005 -6.041079 7.749298 -2.159057 -5.020876 5.280256 7.200850 3.304472 9.123115 -0.682893 4.318283 -4.018204 0.711497 4.876740 4.309764 -4.230496 -8.591063 -5.081219 -3.761232 -5.699141 5.449381 4.754579 -8.139323 -4.741101 9.807247 -2.079004 7.124615 2.907623 -2.899670 -2.824508 -5.527768 -4.223412 -3.456579 -5.464660 -7.158794 0.225759 5.543540 -6.633064 -6.525256 7.420362 -0.132324 1.572862 -6.554270 -2.926742 -3.299956 9.379535 -9.977070 -7.330885 -4.642442 -1.736574 -7.982412 -8.251844 -6.500724 9.872742 -4.050907 -5.132957 7.809267 -7.777288 -3.981501 1.045146 -0.477617 -8.841055 -1.459329 -1.800253 3.543225 -1.201058 -6.618377 0.798691 4.276556 3.240883 0.196655 -4.599314 -6.995492 -1.288521 -3.910556 -4.907107 -4.787313 -9.922089 6.322247 -8.920591 -4.705047 -1.318034 7.814676 3.968966 2.861758 8.663012 2.052915 8.697207 -7.852107 -1.683993 3.275904 5.780484 4.764390 1.701652 0.218011 -4.932572 6.564891
-4.213813 -3.843861 -3.419806 2.974088 -7.425274 1.400909 -8.748657 2.890749 -6.746910 2.752487 -5.333145 0.275475 -0.009032 -7.643997 2.895671 -2.161787 -6.116281 0.311557 -4.600450 9.523905 0.192176 1.978476 -7.979890 4.318160 4.537801 5.374151 8.831668 -9.733975 7.609262 2.079785 5.343551 -8.465078 1.880296 -1.886625 -5.954561 -5.582775 2.704987 9.214413 -0.195703 -4.580219 -2.168514 -8.883904 -2.865029 3.279691 -7.653253 -2.977724 -4.415944 -6.176008 8.887999 -8.352387 3.875711 -2.460952 2.406635 0.343698 -4.078042 1.693188 -2.181123 -6.957833 1.008222 -2.200328 6.680339 -5.077518 -7.547151 6.351318 -6.436260 -3.804039 -0.064994 -0.259119 6.265092 5.080982 1.592049 -4.139593 -5.179561 6.126636 -1.215618 -7.849379 4.891550 -8.296641 5.071927 8.422650 2.028587 0.882066 7.644696 -8.186507 5.126064 8.110672 -8.763867 -5.075394 7.945087 8.696567 0.647396 -9.005166 6.037846 7.169894 8.540137 -6.931262 -7.208328 3.450262 9.510828 -7.852141 -7.827777 5.716149 -2.070069 2.950677 -2.114218 -0.959522 2.904684 -8.712801 -5.802793 8.791544 9.698365 -3.099342 3.420556 0.623233 2.101784 1.275181 -3.205952 3.137690 -3.056673 4.636814 -5.682693 6.095624 6.989422 -9.929217 4.608868 -8.535091 -2.104852 9.745333 5.713831 2.389346 5.606617 9.858090 0.528968 5.917632 -6.340631 -8.470534 -5.228522 8.778543 1.481948 -5.290225 -4.237592 -9.123283 7.439451 3.860215 9.012610 0.524479 -4.785051 3.510850 4.007409 0.950677 0.022323 2.964058 -7.633447 4.250370 9.147316 7.548338 -9.750020 0.336342 9.495770 3.657445 -6.699545 4.732491 -2.873052 -4.490836 9.757590 8.885229 -4.246649 -6.729889 -3.478937 -1.985569 0.127112 7.478683 6.679399 0.682719 -3.874170 6.605730 2.317216 7.350325 -3.387292 -7.291206 6.761448 1.686104 9.037091 8.057655 4.289484 2.656749 -3.698465 -0.825779 9.720848 5.921699 -4.082761 3.354115 7.334168 8.803374 -6.594907 7.966506 -3.398321 -3.968828 -1.281726 5.641361
-2.138208 9.292544 1.114258 -6.592932 -3.182719 -8.114396 -5.823924 9.561864 0.016127 2.498844 9.246484 5.252877 1.980825 -7.777566 -0.864320 6.180001 -3.187167 9.680870 8.561839 -9.605901 3.721945 5.912409 7.755885 6.510303 -4.102250 -0.694539 3.139132 1.372512 8.810013 1.507944 -2.997338 6.335254 -9.741019 0.740244 -6.389335 6.356052 2.646030 -6.761755 -1.777501 1.357266 -6.964710 5.179410 -4.863088 9.393394 3.262297 -9.960964 0.266706 -1.339507 7.016330 2.068044 9.228337 1.810633 6.810890 3.433794 8.453666 -1.403189 5.965257 0.340444 -3.428685 -7.391153 -4.202383 0.973787 7.384548 9.788735 -6.856785 0.825285 -2.999332 -6.951945 3.546125 5.089356 -0.256152 -9.007501 5.056286 -4.183996 -9.341562 -5.568620 1.798829 -8.594959 -0.357555 -7.439601 5.695795 -7.572573 2.950789 -0.717696 1.189446 -2.527995 -0.926427 7.072952 4.320891 3.608778 6.047795 -8.208684 -4.261509 -9.143935 -6.294426 -8.658857 4.798689 9.959375 -9.208902 5.319176 2.751557 0.506852 8.286170 7.763832 0.265031 3.783218 -1.649255 1.461617 -4.673698 -1.735627 2.209318 0.070764 0.512331 6.105810 6.926303 1.320835 -4.887367 -3.392133 -0.559773 4.100107 4.832866 -0.132206 -4.615063 9.117159 2.926026 -3.722340 -1.434290 -9.107507 8.714526 -8.552189 -2.200445 6.477634 -7.399907 -7.181414 -0.945743 5.320997 1.766933 0.509225 -8.098422 -9.706907 9.853266 -9.382706 -4.166612 -4.976644 3.378438 3.133450 -6.198761 4.943312 -2.444069 2.111652 -5.710277 -3.874481 -6.535781 -9.553248 2.914619 3.343835 -2.154032 -9.784520 -6.492550 4.973512 4.878653 -7.056035 8.444262 -8.473865 5.437195 -8.572175 6.830947 -5.147230 5.702101 -0.902573 -2.455288 2.765447 8.933038 7.828720 1.785442 8.146868 4.550876 -9.794682 3.941457 -4.443112 9.298398 4.696766 -4.741093 -6.464741 -6.158204 -5.872258 4.719224 0.487214 -6.669383 4.547034 5.134117 4.852070 7.575537 -5.651613 5.751136 -1.528146 4.112723 9.084959 -5.688488 3.093037
2.628869 5.753717 3.942198 -3.013192 -7.446485 -6.446175 7.364654 0.368703 -6.556556 4.479642 6.396939 -7.701893 -0.049804 -9.891559 8.928921 -7.195397 6.629209 3.437215 6.270812 7.716067 -7.126419 9.038645 0.798904 6.744346 5.810662 6.906153 4.422230 -9.883241 -3.143039 5.846175 5.358509 4.726921 -6.081424 -0.390596 -9.436554 -1.827876 -1.264235 4.205128 -3.185035 2.649107 -9.090353 -4.773024 -1.770924 5.641069 -2.855397 1.231171 -0.381447 7.166284 -3.456137 -3.145408 2.761331 8.389794 4.780666 -9.892300 -8.461074 1.896293 8.441740 4.697189 -7.448206 8.707462 -1.855019 3.745276 3.672967 2.193122 8.898017 -6.632776 -6.039110 7.660121 3.502481 3.472198 8.756389 -1.315881 3.754680 4.199790 -3.642792 9.901671 2.649219 6.633037 0.268447 8.592560 -4.987373 9.166339 -8.076566 0.785345 4.574102 -6.391564 -0.558384 -6.105421 0.449240 9.621374 8.514906 3.273191 2.220767 -0.155262 -2.013166 -2.147581 3.961280 8.039603 -2.567301 -7.428976 1.280126 1.980365 -6.409785 6.536599 -8.957971 0.077026 -9.150081 -9.407878 3.585845 -1.294489 8.749113 4.322283 -8.005433 8.025519 -1.493522 -0.283886 8.567235 9.117881 2.877903 -7.072503 -4.518478 -7.396360 9.070780 6.631237 -6.329062 -9.854564 -6.448896 -3.916514 -0.758403 -3.785495 9.106799 -3.830174 -5.683027 2.981502 3.802723 -8.795500 -5.835499 -6.694475 -1.465583 -5.368734 -9.654392 2.492904 -3.306115 -5.806082 -0.605191 6.578624 -5.622429 1.452689 -3.872195 1.710649 -4.478489 -6.952658 -5.202852 -8.319043 4.648952 -1.831510 9.303256 6.607062 2.324047 -0.999095 -8.719880 8.986356 -4.573395 -7.698215 -5.143493 0.072093 8.923377 6.408486 9.206058 2.760240 -3.247477 2.838087 -8.453798 8.731336 -1.835357 3.336046 4.886447 -5.060113 -8.696424 -5.015542 2.482734 9.385933 9.518602 -7.894168 3.230176 -7.909996 -4.269576 -0.050622 -2.129818 -8.090848 -1.676245 0.296265 -4.464777 -5.314476 6.444676 0.941019 -9.853749 5.427717 2.850190 -3.403518
3.912077 4.503436 9.496701 -6.763263 -6.692666 7.091302 1.438222 4.473553 7.504909 -6.409674 -7.591698 -1.104739 -9.554171 -6.524958 -3.556326 9.461096 4.525738 7.810039 -8.254208 4.245884 9.359498 0.450579 -8.969369 -8.871538 -1.849325 -5.955960 -8.188500 5.193157 -3.245199 -9.642961 -7.943636 6.724486 4.995065 -5.953422 -7.325911 6.976192 6.158648 6.069295 -9.755635 -7.791407 -3.891547 -5.206087 9.415672 -6.277146 9.409265 5.090164 7.802400 -6.403686 3.756720 9.863880 7.492194 -2.195474 -7.081458 8.857789 -6.874731 4.558979 -5.054107 3.877898 4.025642 -2.575132 -2.568824 2.450944 -1.771286 -9.873103 -1.822679 -1.223769 2.481594 3.105215 -0.293668 -8.098706 8.135829 9.970814 1.737870 5.675598 -0.552689 7.865995 -2.276025 -1.512608 -9.534037 1.411482 5.705246 -8.954017 6.052551 -4.080777 6.107288 -2.006843 -7.399425 -5.078417 1.291413 -7.807266 3.427994 5.580445 -0.324802 -7.789855 -2.085016 -4.642731 5.718539 6.013720 -6.055737 2.732893 0.275994 -2.817723 -2.801141 -2.687520 9.319133 -4.641781 -3.926731 -2.709082 2.754975 -1.624796 -7.196364 -9.782227 5.183424 -7.223876 -3.547169 -3.266797 6.472639 5.781699 -6.911614 5.295327 -7.520200 7.497020 -0.986323 3.313520 0.491946 -8.640880 -4.543428 6.766486 8.081273 -3.479256 7.952753 9.128321 1.158427 -6.320057 3.360050 3.277360 -5.795090 9.409292 -9.494149 9.932790 1.848107 2.858746 0.801652 6.890544 -5.386259 -0.723334 -0.171821 -4.639491 2.239755 4.008044 3.062747 -8.221774 7.394906 -3.098837 -8.765108 -3.975063 -1.596892 -6.410897 -1.291124 -5.648631 -8.301763 4.462010 -6.922520 2.715395 -6.164484 5.796362 -8.534191 7.673163 0.694528 5.596999 1.193197 -9.202436 -6.503068 -0.881500 -4.999697 6.861661 -8.409994 -0.655652 0.067268 9.234748 -5.737328 -3.238561 -7.520620 1.388433 -3.985318 8.581557 -8.536848 -3.145714 -5.468740 -5.675553 8.892701 1.155239 -9.545064 -5.554256 -1.197681 -2.354711 -3.537550 9.959201 7.413475 -6.001563
-1.715087 7.023372 4.010700 -9.088846 -5.874921 -0.193730 1.750789 7.361945 -5.741550 2.136969 8.496793 -4.099419 1.335065 -1.494900 7.604144 8.766818 9.770885 -7.450808 6.571854 5.278765 3.239305 6.339793 -2.435302 -7.852923 2.437251 -5.251631 3.112557 4.788100 -0.406112 -5.607711 -5.058674 9.812224 8.264421 2.968721 9.670748 -7.740086 3.116900 -5.357139 -7.898916 -2.749805 -7.690887 -2.551519 -1.081494 2.273405 -0.801709 1.272270 -9.323131 -9.735722 1.657993 8.421578 4.458577 0.595458 -0.459046 3.859193 8.255504 8.740359 2.121806 -1.841782 -2.783045 0.610319 4.906669 0.462812 3.875827 -0.378790 -0.696084 2.549351 -5.500847 2.896041 -7.058180 -0.025629 2.490093 -6.349142 -3.029106 -6.032615 -7.031357 -9.364692 -9.704154 -3.630010 -5.497038 -0.839961 1.310676 0.756341 -5.978597 -8.063582 -7.458471 2.469640 8.862160 0.327428 -6.060435 -7.050432 -5.297495 9.301111 4.875464 3.710194 8.866090 -2.232008 -0.391692 8.294783 -9.628189 -4.378095 1.578002 1.418993 -2.082585 8.569098 -2.622782 -8.309141 -0.423318 -4.166055 -6.125882 0.016289 -8.862486 -0.033399 9.031785 3.079372 0.440753 6.566164 -7.999204 9.508226 5.661467 -8.343829 0.160204 -7.439233 -6.105697 -4.874671 3.762798 0.722015 4.143907 -7.236017 7.192594 -6.219370 6.170774 -1.798308 7.392050 -6.651482 2.136666 2.215110 -7.950703 -0.335118 -8.239732 2.574018 -4.258611 -3.296017 -5.948395 -4.082048 6.554574 7.549039 6.065497 3.223548 2.686112 9.364144 -1.511015 9.267478 -6.228780 9.300641 -3.576893 9.358005 6.001344 8.477073 -9.837825 2.176226 -7.933090 1.482132 6.632041 -7.231703 -6.893212 -8.730701 6.068187 2.295905 -1.369085 3.010076 -4.216217 0.837931 2.160568 2.369139 -8.035715 2.398325 -3.178859 2.096701 -1.530556 -5.314888 3.996757 2.359925 1.706310 -2.078547 -9.896091 2.316065 -3.588792 -6.656516 -7.844605 4.390497 4.463775 5.523340 2.907368 -1.888804 6.660946 -0.088864 6.472912 -6.413998 3.766323 3.919755
-5.426079 3.775580 3.496769 4.792169 -6.969567 -7.802501 5.274198 -3.510401 -8.421677 9.816935 9.309824 3.557345 -2.237319 2.355663 -7.497009 -6.912328 -4.230812 4.797146 -0.314824 9.439980 8.789075 -6.598411 -5.965271 -7.600423 -4.083687 6.919205 8.822990 6.247786 7.520962 8.969905 -5.086383 -1.707665 9.016326 6.111420 1.981370 0.396531 -5.384427 9.920585 -0.600327 4.455586 -2.286908 0.841615 -7.007306 -9.737436 -7.906765 2.423101 -7.827312 -5.149719 6.970183 7.322330 6.808181 4.832689 7.275987 3.392890 4.568983 7.135144 -4.196888 -1.187852 7.739686 4.820439 -3.543770 4.378471 0.288025 0.491673 -7.908774 7.430642 2.527831 -5.495587 -0.643176 -6.393513 4.734724 -7.315347 9.111780 7.272514 -6.926007 8.812838 9.444269 4.369411 2.229643 -9.071366 1.539210 7.320205 -9.340375 1.911127 7.610483 2.561526 5.917434 -9.741259 3.875630 5.639886 -2.009151 -9.763112 -3.225027 -3.743225 -4.074747 -3.741273 -7.243905 1.741586 -9.277314 4.720207 9.812442 1.016530 -0.400614 -9.329380 7.830287 2.623938 -8.732298 3.587115 2.126683 -8.830476 6.370409 5.469799 2.789187 2.414074 4.440390 4.056272 3.613681 0.155724 -0.989009 6.064274 5.484722 -5.447208 8.662475 7.408005 -8.369165 -2.653655 -9.515442 8.478519 8.151339 9.505532 -7.800902 8.909410 8.005043 5.250007 3.144249 1.202903 7.706428 4.301608 9.580336 -0.877855 8.372633 4.877565 -5.445834 -7.504796 -0.656029 7.593458 2.255957 2.170730 3.286515 2.618623 -0.034487 -6.908198 -5.277043 -1.366603 -5.402198 -0.358436 -7.876166 3.567526 -1.602500 5.200679 -4.323487 5.038774 -6.812309 -5.702077 6.594456 0.226222 -7.039688 4.990381 -7.174086 -7.323065 9.307340 0.502242 1.798377 -9.011490 1.042864 -0.134609 3.006500 6.023839 5.819332 -3.505969 9.783968 1.135410 -7.515739 8.406075 -7.047857 7.939365 -4.258296 9.922417 -6.314367 -3.285407 -4.839493 2.555893 -4.976570 6.946886 -3.027885 6.633545 -7.227511 0.048828 -5.811706 2.203922
-6.795709 8.765501 -6.976334 1.282389 -5.399200 2.923412 1.810874 7.481283 -6.208788 5.803342 2.870233 4.338318 -3.042956 3.533350 7.218856 9.007130 -9.455759 -4.662483 -2.159965 4.561414 4.020014 4.943738 -5.640700 -8.668568 2.804979 3.900622 -7.968077 5.568909 -0.753824 7.319194 -4.264331 -3.032588 3.737499 -9.160929 -4.978218 3.392582 -4.055761 -7.417231 0.576624 -0.267662 4.392068 8.739091 8.061867 -1.766690 2.799403 5.699245 1.310609 -3.605052 -6.999074 -2.542988 6.881322 -1.594132 8.810616 7.378227 9.035828 0.073472 -3.851074 2.972952 -9.570853 -6.790261 5.847800 -7.520430 7.425853 1.111590 -9.218504 0.638111 7.619944 -1.261714 6.648367 -9.639803 -9.393373 1.060154 2.265613 -6.285207 -8.461725 9.128492 -6.626009 5.783882 1.679677 0.808971 3.907321 0.939170 3.182149 -4.492731 -3.948238 -1.064022 -8.335161 -7.586438 8.049146 -9.121164 8.282948 2.864557 -9.956263 -7.530262 -5.108157 -3.639112 8.146193 -4.785545 -5.786814 5.668828 -7.316155 8.035830 -3.169704 -1.192278 -1.061528 1.887435 -3.566683 -9.486078 5.122981 -3.312674 5.273126 -2.085165 8.830574 7.377483 6.207709 1.274059 -1.330145 -8.284509 -6.021933 -0.370781 2.044280 7.928034 -0.238078 4.921829 -1.004561 -3.331048 3.331147 7.237717 -4.136985 8.598947 0.020868 -6.369365 7.125288 -9.986274 3.372012 7.048996 9.541703 -0.131213 1.309660 -7.207869 9.057894 -0.308469 -7.991321 0.290965 6.385292 3.473912 -6.385587 6.626307 6.116742 -8.794825 1.328832 7.038796 4.562190 -6.439932 0.294055 1.777864 -6.218317 -3.281006 6.305623 1.132138 -4.281054 3.739528 -2.911935 -3.918872 4.205143 6.054975 2.047475 9.986164 4.345986 -2.648019 7.601972 -8.390783 -6.001521 -6.199419 -6.579480 0.820126 -2.983359 -8.363682 -1.646088 -9.737942 -3.736113 -0.717300 -2.136811 8.265445 1.595478 0.356772 -7.340216 -2.479136 2.424355 3.515889 7.297850 7.429908 3.658681 2.621326 7.211895 7.309097 2.140575 8.212198 -1.380438 -1.291250
4.694663 8.279608 2.459727 5.953940 -5.043416 -7.970901 2.704598 2.757642 7.707624 -6.823121 3.278913 -4.718611 -6.494639 7.161606 8.969963 -0.794916 1.856230 2.986613 8.881071 9.014888 6.042880 0.000469 8.664419 -2.216598 9.862548 -8.750868 -6.321017 -0.336586 0.342803 4.661144 3.088096 -4.980334 0.876356 -8.993410 -8.756458 -9.290107 -0.440621 8.140388 5.862216 -0.284768 -7.158286 -9.720939 -6.110780 5.857808 -5.762576 4.780922 0.564767 -6.104527 3.840708 -7.692687 3.885741 9.669446 -9.600505 2.933163 -3.215661 -1.005495 -0.013571 -3.986010 1.964155 -1.860387 -6.727503 -3.515068 -3.653122 9.939425 -4.278954 -5.534031 -9.360279 -8.349637 7.768083 -8.520365 -2.770508 8.845035 -4.196601 7.239662 -1.747920 8.111012 -5.389371 -4.804709 8.785538 3.945560 6.753243 4.653999 7.318952 -7.347996 -4.239853 -5.886620 -6.333995 3.964158 7.593921 9.706793 -1.185479 -1.238807 -6.457189 -5.039106 -4.234302 -4.375109 -0.649853 -3.481221 9.092647 -2.806209 -9.454349 -6.331693 1.544683 1.201908 4.332009 3.070437 -8.078878 -9.385621 1.490816 2.423772 0.319128 3.594996 9.473360 -8.112224 4.320793 -0.542835 9.404299 8.132133 -2.508188 -5.950263 -6.422039 6.210705 6.633106 5.892945 -8.681761 4.265996 -4.018340 4.642926 6.996206 9.553760 6.029648 -5.311384 -7.850098 7.583091 -6.099890 -2.236075 5.381612 -9.709299 -3.109494 9.402249 7.360198 -0.720113 9.939179 4.901010 -9.328447 1.841363 6.318207 -2.630564 8.723271 -7.545877 -4.659823 1.672467 -0.482010 5.989107 -1.990897 -4.746112 -1.871963 -5.848992 -4.653511 7.660361 -0.280271 -0.743556 -7.219268 3.055355 -8.159968 -1.193997 7.643363 -0.087779 -5.639863 8.179078 4.015083 -9.203549 9.487035 9.999817 8.936227 -4.045407 -1.014401 -2.135341 -1.557762 0.556541 4.474773 -0.956605 -5.816268 2.875856 6.200490 0.775729 5.192044 2.584269 1.254403 -3.520895 4.888869 -0.061302 -2.467258 -1.840362 -9.115702 7.582434 -6.320839 1.236193 -7.938417 3.945830
5.002924 1.584251 3.123134 7.997797 -9.876872 -5.629800 8.099845 6.621220 -0.221380 -3.822828 -4.996898 0.609799 -0.119853 0.018404 7.350346 0.060534 -1.399427 0.752868 -1.675698 -4.290713 6.075583 2.590539 3.414908 -5.837868 -9.629773 -1.086499 9.493508 -8.440777 9.326681 3.850132 4.280018 6.456905 -9.516313 3.037560 -7.113425 6.735984 3.114116 7.149190 0.111621 -1.348388 -3.346626 -2.155179 8.446045 -8.255223 3.707299 7.119488 0.089365 -4.967471 3.592953 -6.209431 -3.049814 2.160226 -2.946597 -9.194897 -7.820418 -5.055142 -7.287921 4.213763 -6.416586 -9.906051 -9.576109 -2.950696 -4.503951 6.144108 0.868327 1.248658 9.232773 0.591525 7.753004 -3.422934 -2.101172 2.731745 -2.106385 -8.999529 0.826167 -6.970684 0.807679 -4.577925 1.876002 5.683624 -2.886354 9.005620 -2.014234 9.182371 -8.263722 -7.518641 -8.705243 -5.754950 1.217457 4.599547 -5.288722 7.265966 -7.363146 4.816728 -0.276191 9.168987 1.046806 4.300860 8.163712 -1.856552 -9.393170 -3.175074 8.137307 2.162253 -5.950002 -0.376479 7.736379 -7.983333 -5.555378 -4.992598 -3.448425 -6.896244 -8.077747 -7.522866 9.630899 5.794633 0.372689 -5.115783 3.919905 4.876460 0.197545 -1.666836 -7.010364 -2.305976 5.093661 -4.485779 6.537838 -6.951631 7.279097 -8.540066 1.446753 -6.916846 7.805229 -9.271447 -3.944939 1.857905 -0.360322 -9.851044 -8.218064 8.553398 -9.127089 -0.211822 -1.445097 0.648976 -9.658785 1.796967 7.367927 -0.922429 6.399848 3.453492 7.930561 7.466702 4.267803 8.706057 -3.041195 5.875960 -8.826548 -9.441191 -7.249741 -7.420241 -7.075418 8.847625 3.990318 -3.054172 3.669004 -2.759671 1.971847 -0.270352 -7.113999 6.427290 -8.793857 2.422861 0.080158 -3.173751 4.672633 0.866740 0.521160 -0.307578 3.488950 -9.645914 0.012598 3.509713 7.899991 5.007366 8.150161 4.653286 -7.032589 -4.314282 5.222066 -7.601857 7.962522 4.363632 -3.413582 0.982851 -8.313763 4.986803 3.622417 3.967674 4.322378 3.078983
-3.771849 6.923326 5.205561 -3.779108 -5.942663 3.157419 2.796300 -9.653502 5.581126 -4.329297 -9.594649 3.615969 -9.622846 -2.377903 -9.358893 6.322804 -8.579539 1.741488 -5.088016 0.675544 2.768314 -0.564460 -6.981964 1.421192 3.285437 9.705774 -1.633721 5.200405 7.161197 0.408130 3.312776 5.672721 -0.437978 1.597612 -4.051067 -1.185778 4.652695 -4.181878 9.135753 -5.303107 9.955954 -0.456101 0.222318 5.901906 -9.722550 6.867988 2.233870 7.775568 -8.381288 -0.953809 -0.453597 9.259184 -5.243305 -8.823974 -7.463411 -3.402140 -6.120107 6.206897 3.314312 -5.696518 -0.763549 9.003015 -3.609180 0.589579 -3.171987 -9.493594 -1.907441 -8.177309 -9.392250 -1.426102 3.896059 -7.187974 1.638700 1.312927 -0.742332 -8.381441 -0.797028 6.675595 0.600608 2.071555 -4.489589 9.361627 -5.275744 -7.692451 -4.490963 1.350126 6.481303 -2.398177 -7.468411 -4.121276 -9.901242 3.530537 -9.870861 1.809493 -3.064692 2.490761 -9.467203 -3.023066 -8.696957 2.519095 -4.768839 -4.530287 4.309907 -0.054752 -4.801984 0.305561 4.107364 3.568280 9.061768 -3.102326 3.782853 3.031411 -1.077925 6.449559 0.549220 -9.074421 -7.757760 6.331929 8.027056 1.765925 -5.201049 1.806153 -7.586138 -8.771795 6.097069 -8.554357 -6.363081 -6.765268 -0.920403 0.073904 -6.963148 4.582691 8.363711 8.442806 -1.135973 -6.011083 -6.276803 -5.844523 -0.542949 6.204129 0.855922 -2.708610 -0.530650 3.969216 9.433394 -4.096784 6.719916 5.446197 -9.195362 -0.418930 -9.364794 2.525637 7.553194 -9.348975 -9.970841 -5.909318 -9.443186 5.782151 -6.510408 4.218187 7.857578 4.198618 -4.128024 -3.152475 -8.969919 -7.304350 6.683368 -6.907620 -3.966313 6.868961 -5.593725 -5.766066 4.428865 9.194555 -2.625342 -0.008501 -5.735429 -6.931445 0.225622 -1.432977 -0.737970 9.868606 1.622459 -1.735583 -3.777873 -4.145656 -5.789432 2.879095 6.174117 -6.551272 -4.309095 6.133343 5.331529 -2.160803 4.188459 -1.923055 1.463725 -1.914889 9.389568 5.490155
0.179063 2.108095 2.737144 5.780292 -7.190310 -7.398619 9.562798 0.237601 8.731304 -1.101852 -3.515137 7.942778 -7.421117 -5.105990 -9.669574 0.587188 -3.205490 9.637370 0.756143 -2.456436 9.196013 4.004956 -1.164228 -4.621172 3.421538 3.827457 5.579547 -9.737544 6.556066 5.573371 4.647827 -5.781371 4.026950 7.288512 -0.718186 -2.381564 9.423522 7.126561 -4.547577 4.613102 -4.182524 7.869317 4.379495 0.973890 -8.191127 -4.877888 -4.741797 9.984227 0.467089 -3.516371 5.314002 3.973206 -1.445034 2.317193 -3.302531 3.124362 -4.778162 8.349989 -6.321063 -2.719565 -9.998275 -7.327896 6.533277 6.703575 2.369061 -9.497624 -0.255216 6.922357 2.382514 -7.217445 8.650040 4.863906 3.231096 -1.688864 -0.396299 -8.663259 9.493152 -0.608870 5.456217 5.810226 0.212035 -6.699144 9.647694 -9.924177 8.501803 -6.784843 4.576477 -2.812132 5.372654 2.972743 9.017418 8.903931 -7.623620 9.207296 7.479375 -5.170880 5.283790 -0.042889 5.324200 -8.671796 0.631723 -5.836249 -3.592123 -3.133829 8.745281 0.075819 -0.041205 -5.176429 0.073102 -9.621398 3.849942 9.728874 8.635364 -1.641529 9.729374 5.981365 -7.425302 -8.218987 3.600523 1.717971 -9.026090 -5.000860 -7.432410 7.847445 -2.983066 9.082491 6.306621 -2.232541 -0.171543 2.241936 -1.294392 -5.615832 2.098786 -8.197539 5.305516 -5.587715 -9.345126 8.866400 5.664750 -7.359817 3.167793 -2.066923 9.936229 -8.875099 7.978959 -0.077453 -6.727624 -8.025654 9.357023 -2.250955 0.183210 7.188790 -8.703857 -9.951605 -1.595324 -5.676451 -5.590717 2.389044 -2.626996 1.097532 0.661873 -7.050973 2.675355 9.688101 3.417073 7.223682 -1.148850 -9.888773 2.456665 0.481637 -2.910874 6.578771 9.808184 5.373579 1.068902 -9.308307 -5.288848 -4.173385 9.388116 2.636703 -9.060051 6.265613 6.508407 -0.036247 6.574870 7.875725 -4.820897 2.357072 7.441156 -1.742967 1.647828 -0.499104 -3.389033 5.584015 -1.963581 5.542992 -6.697121 3.920075 2.538356 4.993000
-2.088276 4.566516 7.987352 5.498882 1.067708 -7.567706 -0.907409 -2.716474 -7.785119 -9.557099 -5.402725 -3.214040 1.966412 0.754691 -9.976010 7.401747 9.957150 3.590465 7.352734 -5.375659 1.315305 3.864339 2.005468 -8.102013 -2.878762 0.197242 2.868010 2.944210 8.545027 -1.396242 -6.651842 -0.751676 4.799960 1.764512 5.567255 9.637743 5.711758 -0.160532 -8.278417 1.876836 6.018791 -8.435832 -4.618551 -2.347146 9.295152 7.456149 -4.692004 7.516095 -3.314314 5.886606 -7.131402 9.833618 7.803270 -1.257319 -0.737096 5.275732 -0.838198 -0.073951 3.188318 -6.879131 -2.295377 -4.468678 -9.931956 2.104603 5.193761 5.429513 -9.777824 -0.814141 1.966058 4.285986 -6.699377 2.751443 2.806148 -4.790796 -6.985233 3.518277 1.812127 -6.593600 -8.306772 4.813595 9.617564 -8.248345 3.379376 0.893050 9.633321 6.574713 -9.643763 -3.886750 0.348352 5.657431 3.809824 -3.595785 0.537489 6.068406 -7.472748 0.220010 -4.061608 2.380882 7.382604 6.388502 -9.561721 9.067937 2.720526 2.635595 4.953103 6.582128 -6.737067 -9.652885 1.924804 4.082921 -5.590243 6.486866 -2.639199 3.371814 9.750854 6.531012 -5.037182 -9.788633 2.502606 -3.174765 1.167742 8.075139 -2.714437 0.558589 -7.579949 -7.856454 -2.115610 -2.129687 -4.768657 5.083633 -5.451043 3.934664 -8.340742 -9.251720 1.356210 -6.416063 5.024859 0.288429 9.613327 -7.995392 -2.110227 7.845093 -9.477981 -1.103945 -1.094629 -6.823473 -6.122063 8.364977 -7.107065 6.337695 0.219402 8.612412 -3.221703 7.811561 4.494781 -4.744982 -8.869061 -8.225011 9.439182 2.315679 -9.874769 -5.927297 -2.928919 -8.468645 8.298974 -6.141784 -6.535756 1.256987 3.456625 -9.149358 -5.451327 -0.001825 -0.738178 0.652206 4.226183 -3.104309 -1.261867 -4.331423 1.824309 3.111063 3.527900 6.805205 -3.502070 -3.862440 -1.494074 -0.634816 -3.713748 6.737029 -1.473158 -3.548238 0.304108 -8.536521 -9.998693 -5.216854 6.882511 3.267371 -0.538628 -9.913195 -4.545527 -4.263691
7.515452 -7.835201 0.151025 -1.966170 8.845733 3.131947 7.812270 -0.167069 5.246740 5.456855 4.446614 6.602902 0.954173 3.244140 2.192461 5.691948 0.634062 8.893137 0.898896 -2.812893 5.751619 5.927110 -5.127901 -8.823372 -0.100558 0.821382 8.360187 -1.048680 8.807402 -2.007477 1.892010 -9.177159 -1.675998 -8.552920 2.462353 -9.279624 -1.570342 8.580877 -5.222062 -8.273541 -6.629506 0.795764 -1.741922 3.846539 -4.688337 9.080143 2.348892 2.019451 1.329069 -5.108076 5.095002 -6.265440 -8.512530 6.478691 -6.300388 1.750315 3.883886 -1.847090 -5.400251 -1.095415 7.838074 -5.154808 5.792258 -7.315658 -3.402051 8.751649 1.707710 -5.971266 9.813768 6.684036 -9.733359 3.429819 -1.231138 3.141628 -8.299778 -6.826446 4.852473 9.813023 4.462500 3.528200 -7.092622 5.570235 2.967201 7.423577 -1.459737 1.451102 9.293415 3.814544 -0.895121 -3.288616 9.470285 -7.624205 0.519576 6.401219 1.889662 5.833521 4.670818 8.075069 1.086131 9.659480 -5.835970 4.050128 2.091421 5.242473 8.392921 8.951393 2.512861 4.347382 3.691382 -0.775520 1.555081 -2.099457 -5.579306 5.587168 1.824942 8.556645 -7.015087 0.907181 -9.785919 -3.317875 -9.286857 3.085185 -2.392053 0.656378 4.153642 -7.574150 -2.681883 -0.376043 -5.834156 1.808106 -2.391168 -3.119498 -8.066950 -1.229299 -1.340972 8.700492 -6.060962 2.708578 -3.920593 3.600062 -3.490613 -3.887258 6.666307 -1.272463 -1.354105 -0.819009 -4.631239 3.840587 -5.706570 -6.420334 -8.410527 -5.930012 1.734799 -4.010992 5.443315 -7.640827 7.167610 3.354417 -9.538160 -5.661063 3.711296 4.694809 5.336257 -0.224338 -7.133336 -8.338918 0.157478 -7.437090 5.974651 -0.118970 6.571390 1.567459 -3.747830 0.187008 7.189340 5.076740 0.406578 -0.799357 -8.672001 2.705799 -3.091763 0.137655 3.042157 7.683195 -7.708020 9.841327 -5.831203 4.305919 -9.159107 -5.122127 -0.538877 -3.144471 -8.153373 4.944001 0.481130 6.589135 2.647602 -7.599863 -0.893162 -1.854261
-6.334835 -5.468372 -7.157639 -5.898461 8.779740 -6.845302 -4.617990 5.613506 -8.324702 -4.962562 -4.013739 -6.223075 -8.688158 3.418076 -9.097855 3.643097 -7.265110 -1.955197 2.726619 -2.675842 -5.134538 -9.992896 -3.763905 -7.291339 -2.129200 6.128641 9.195462 -7.290277 -0.775735 2.402863 4.397382 -0.703076 -7.012654 7.463698 -9.710869 4.848106 -2.330470 5.562167 9.260000 2.617857 7.763929 1.868744 5.704816 -2.169629 -7.008546 -4.824151 -4.411335 5.562548 -1.617002 -8.208853 8.634839 8.059072 1.258589 -0.866864 -7.601691 -6.208235 8.473566 6.059502 3.494395 1.922474 4.695335 -2.365245 8.895935 -7.694028 -7.693511 1.130318 -1.636550 -1.472630 -7.404954 -9.510565 6.881518 -0.474655 5.584153 -6.142328 -6.994491 -8.370735 2.647880 5.745341 2.352562 1.576959 8.421214 -7.711893 6.767685 4.108816 -3.046549 6.715198 -8.263441 -4.601963 1.745410 9.908123 9.935835 6.255650 3.489160 -0.257194 -3.570244 4.109557 -3.578375 -8.236411 1.638813 3.561080 5.753277 8.171260 -2.980367 -4.064706 -4.915879 -3.845785 -2.535375 -6.034985 4.818292 -2.050320 -8.412655 -1.603957 7.539413 -9.086366 -6.507919 -8.738647 -2.918523 -2.370365 -5.156778 -7.127580 7.889189 -6.311738 -9.521882 3.875832 4.647757 7.414431 -8.303494 2.928842 1.356326 1.497586 2.371518 -0.861065 -4.867250 2.743377 3.196235 7.690645 -3.848328 -1.851257 -8.620740 -3.302273 -7.636949 2.910207 1.718660 -1.202651 -1.304459 -4.422181 2.192207 3.322044 4.122076 -9.470885 -0.618695 6.617381 -3.972306 -0.672858 5.440517 -2.240866 1.149155 -6.380976 -0.753086 -9.890955 -1.059465 5.148261 -7.442574 8.885430 -5.801689 -0.232725 -5.981902 0.709085 -7.758896 -9.222646 -5.130656 -9.143126 -5.522537 7.516063 5.720297 -7.210787 -3.020270 3.986748 -0.058899 5.518432 -3.664298 6.131215 0.312802 -4.231302 3.619950 7.587285 -1.841914 0.778397 -3.365405 -7.702495 -3.853180 8.037088 1.777539 -7.734648 -0.089968 -2.586269 5.490828 -4.730701 2.227317 2.742113
-5.720889 -3.907742 5.244145 7.927876 -3.153920 -1.529175 -6.844343 4.371473 -5.366235 -2.002297 -0.339965 9.054013 4.187369 -3.203202 -7.067272 -2.229063 -5.272233 5.358885 5.992290 -3.766650 -3.651058 -5.399004 0.460903 1.647540 -4.994365 5.293216 1.597798 -5.922731 6.539033 8.469095 1.814087 -3.279910 8.265288 -0.476525 -3.808393 3.093749 -9.149074 -9.511517 9.749791 4.719665 6.310745 -5.194418 1.349234 -1.300782 -8.650035 -3.277191 -9.605070 -2.939344 8.654840 5.015764 -7.888148 -2.679726 7.412323 0.325207 4.542686 -7.097404 -7.090405 8.804058 3.398729 -3.497258 2.284298 7.927876 -7.761157 -4.965891 -1.907906 -9.260485 -9.806458 -8.285219 9.173717 1.315996 7.825016 5.159577 -9.400883 6.098394 1.309812 1.968994 7.159914 2.591709 8.680146 1.350244 9.922023 -2.289045 -7.849103 -8.555470 5.852838 2.924278 9.938391 1.440135 -6.782576 -1.225323 1.595023 9.208147 -0.842769 0.749105 4.181278 -1.450051 8.651838 -5.685709 -9.221320 -6.066169 8.673761 3.615909 5.322542 6.275471 -7.544447 -7.984339 8.260945 7.146888 -6.343337 2.589375 -3.422085 8.845104 -2.053175 7.291096 -1.973405 7.395797 -4.643657 4.726377 6.195817 -7.406665 8.830683 7.755484 -4.107396 -0.341055 7.011611 -4.240918 8.285902 9.230002 4.192431 8.517508 9.712805 0.086450 4.829294 7.312472 7.845967 4.139172 2.172022 7.098210 -1.092655 -5.083283 -0.597789 8.643291 -6.977583 6.453239 7.996703 -7.736185 -8.718406 2.927584 -3.345858 -0.672276 6.880378 -1.582340 5.133307 -3.779369 4.537251 -0.249247 4.615449 -8.927437 2.738638 1.278024 9.238113 5.129637 -3.874314 -2.109585 3.520891 -4.527229 -0.061352 1.222245 4.175585 2.280545 -3.881229 -2.647095 3.472832 3.233882 -9.714173 -7.804988 0.193727 -9.550804 -8.113610 2.402575 -3.347791 -3.864273 4.816624 5.954373 5.259604 8.448957 7.533067 -9.928127 4.293791 6.778093 -6.038556 6.303108 6.123894 1.678538 -2.691509 6.928896 0.306334 -5.281722 -4.849565 8.851987
-5.302058 2.056009 -5.490281 4.264016 4.976975 -0.866228 -7.049844 0.538090 -9.198134 -3.385789 9.509832 2.384786 -8.156992 -5.105900 1.494857 -9.189543 -4.832471 -6.600706 -8.153493 -0.722803 1.596499 -3.869483 4.816591 3.380636 -5.164073 -8.113736 -8.179866 7.276555 -3.481162 0.535743 -8.057008 2.883600 -8.418055 3.700018 3.198145 7.041154 5.228176 -6.473508 2.489060 7.374652 -6.661919 -2.991775 -9.885881 -3.823380 -3.703256 -6.782967 8.594037 3.113896 2.159888 -2.955930 8.920859 -1.583109 9.719977 -6.659412 2.422569 7.117794 8.944218 6.879450 -4.317217 -0.452622 -8.179347 3.011870 5.231586 7.294844 -3.140181 -1.357814 -7.940206 3.388326 5.004694 6.091338 -3.716548 1.458266 3.261741 -8.718091 3.630429 -6.639301 2.555211 5.186169 4.556642 6.524078 -6.154615 -5.827705 -3.122772 -7.512970 -2.293881 -9.726682 3.532191 4.488907 -0.060973 8.476623 6.985695 2.058465 -9.850268 9.902920 -0.313947 -5.418412 0.886389 -0.229283 8.034119 1.056808 6.447127 5.667970 -4.040497 1.064279 1.449791 6.667295 7.646820 6.069663 7.051406 -7.136797 9.822572 -2.332977 -5.196972 1.123049 1.050432 -1.755101 1.469990 0.334356 -7.889742 3.979224 1.106641 0.767208 -4.572025 -7.602986 -5.558769 3.667798 1.570480 -7.479723 -1.635267 6.513025 -8.939987 9.469869 -5.576600 -4.667316 -3.895694 3.464019 1.160380 -1.105296 1.406992 -8.318001 -2.018530 2.535777 5.755918 -7.204021 -7.288073 5.875889 7.287217 -6.068225 3.079592 -5.095005 0.364882 4.140093 6.311683 -1.940642 -7.638252 4.683080 0.432238 -5.376614 3.248874 -3.420021 -3.314916 -5.849305 -1.981383 -2.564235 6.585681 7.911672 -9.803978 3.459083 -8.619935 -5.031019 -4.192618 -9.704863 -3.085194 8.403360 -2.421488 1.092336 1.807050 -7.924341 7.477704 6.567821 -8.266257 -9.063177 -2.485896 5.752985 1.996616 -8.769939 1.818898 -5.559426 -4.839891 2.122804 -6.930309 -5.589335 -0.192371 -2.497646 5.624782 -2.454994 -9.327726 4.702175 -8.667069 -2.352943
5.729722 -9.848865 -6.076318 -8.025944 -3.323682 -5.306170 -6.390182 -6.371030 -0.875549 -9.409210 5.564168 8.292755 6.704023 8.507933 2.668214 -3.565866 -8.614445 1.066078 -5.981861 1.485886 5.165800 -4.537837 -6.346660 5.212963 6.797847 -3.351054 -0.950876 0.672085 -4.375658 7.467634 -2.366973 5.904532 8.491467 -9.997266 5.144407 4.048094 4.140275 -5.316265 -1.632700 -5.558546 -4.967818 2.025796 -5.588426 4.264627 0.503228 1.543842 5.273599 1.008832 -5.248211 4.887965 -2.349212 -2.117686 -0.706687 -2.346747 -1.634245 4.338344 2.603764 -3.842768 8.351422 5.972641 -4.531000 6.467737 5.441326 -0.802476 -6.095342 -4.106015 -4.431214 9.505162 7.430777 6.297829 -0.525663 -6.310756 -7.376827 5.663230 3.809402 6.268183 -4.238345 1.779619 1.746721 8.880832 -6.444384 -7.350628 0.295775 -0.630062 -1.517154 -0.610937 3.466077 7.215081 3.471798 3.637775 -2.452082 1.364116 2.621908 9.318823 -6.676830 -1.309644 0.064695 -9.678468 9.956451 9.289090 2.755167 3.057513 3.390395 -7.969907 5.529313 7.963539 -9.669468 -7.593424 5.671529 0.627966 -2.549571 8.514576 1.457313 -4.373668 -8.087247 9.912217 -1.359914 -3.216772 5.844089 8.871403 0.525380 9.016691 -2.215554 5.091418 -7.986672 8.776251 -4.277126 8.365131 -9.798993 -9.079035 8.684573 6.077523 0.053424 -8.706538 -2.345756 -5.798647 4.135182 -9.942987 -0.120688 -7.894293 -8.318598 7.856863 -5.097830 -8.403937 5.657494 3.637515 9.106761 -9.840778 7.835417 7.508088 0.002499 7.949587 -0.374889 0.744962 -3.989565 5.629996 -9.850967 2.396581 6.502978 -8.325684 6.424459 8.972735 1.488555 2.587925 9.358526 8.525330 -6.355952 2.800359 3.891799 1.423258 -6.433899 -2.514133 -6.909772 2.431622 7.159094 -8.017608 8.408144 1.369766 4.715912 -7.806771 -2.525066 7.395337 -2.320105 0.087471 -8.036865 5.348487 7.049106 -3.280575 -9.531791 -6.675159 0.053876 -2.706774 -4.714931 8.578893 -6.412066 -9.837181 -3.742326 -6.497517 -6.185413 -3.066366
-0.103228 2.651797 -0.411670 1.808905 -8.456960 -0.482292 5.638384 8.974810 -0.968918 -3.187517 6.727009 3.693175 7.271501 -9.451831 1.686044 -6.711572 4.672180 0.613368 -1.565701 2.729983 6.050504 -3.529979 -1.252930 3.431677 1.487210 -8.039424 -8.363959 -6.576505 -8.758098 -2.078305 -0.170642 -3.650330 -9.226135 2.866242 3.873170 -6.355194 3.317846 3.515019 -2.099152 -0.173906 -0.250155 6.303645 -3.264598 -0.744427 1.527459 -1.342412 -4.848635 -7.444329 5.681216 -4.951479 -9.142854 9.392078 -2.989002 7.103659 0.043352 -8.870868 -8.332858 3.489979 0.890296 -7.578689 -8.936914 -8.325926 -4.555894 9.108999 8.568695 8.173461 -0.763095 8.779568 3.003136 9.637444 -0.814155 9.892187 7.552564 8.414572 -8.836113 4.346069 -8.009645 3.393373 4.668555 9.432752 2.173181 -7.636104 -0.313087 1.734191 1.510074 -2.771509 -2.087332 -6.346107 -2.390652 9.832588 5.823968 -5.364741 9.568953 -4.560685 -0.504209 -6.459172 8.005208 9.214340 5.273590 -1.675875 -4.691741 4.353402 8.740573 3.187999 5.065059 -7.664151 -2.776925 8.234566 -8.776272 -8.362033 -5.521244 0.407283 -8.582079 -8.503507 -6.078377 -9.701971 3.106834 9.027532 0.470398 -4.168140 9.089114 5.416198 1.088616 -9.996322 8.781394 -8.435569 -2.144535 -6.913194 -9.833108 6.644712 -2.157051 4.455177 8.692818 5.593371 5.305663 -6.326111 -8.507200 -7.947558 -0.491770 -0.410349 9.144937 -9.575215 -6.709342 -8.953528 -7.460474 8.439594 -4.235174 4.524675 8.830912 0.222851 -6.176658 0.042727 -6.310674 -8.939493 9.433321 8.008242 -6.346688 8.018690 4.433243 8.707914 -8.443553 3.978793 9.244941 -2.528054 6.003713 2.827400 9.005201 -1.983442 5.821495 -1.023905 -1.444629 4.466002 4.892183 -2.948192 -2.566126 -1.328856 6.569360 -8.380675 6.844470 -2.033560 -3.835507 -9.423266 2.901819 6.133310 -6.804015 0.465191 -7.556942 -4.868212 6.346293 2.386870 2.460055 -6.124183 3.745847 6.107036 7.791021 -1.283646 8.486105 8.785540 -8.735493 -4.310622
2.186314 -3.896460 -3.748520 8.772960 -5.835750 9.788305 2.299922 1.812902 -0.372435 0.152462 -5.162638 4.232662 7.239218 -2.975753 0.712739 5.638497 3.137564 -2.044327 6.209702 8.472218 -1.177188 6.443750 4.909338 -7.944113 -2.775664 4.252188 1.971544 9.833824 -5.797362 -8.168015 0.693127 0.147778 -7.962363 -2.531792 3.241497 4.176470 -7.124370 -9.078937 7.877878 -9.686560 0.385874 -8.745111 0.143147 9.807692 -6.103711 -6.172753 -5.786967 2.133038 -6.783741 3.918843 -0.594664 -0.671510 -1.527384 -7.857250 5.664143 -3.779214 2.415126 -4.372277 1.151855 1.909116 -3.161389 -9.709482 2.908997 5.810851 7.107673 -9.959320 4.453321 1.184915 9.514602 6.190817 4.684747 8.515350 -1.721144 5.931226 -7.263107 -2.387276 -0.519181 -5.908053 -2.675954 6.482257 -8.500041 1.997987 2.985051 6.637104 3.030284 -8.876183 1.703619 -4.909666 2.014628 2.804692 -5.800769 2.122567 3.651687 -7.985141 -6.722227 3.747234 3.968449 -1.466847 5.911831 1.184711 -8.629613 -6.977835 3.543295 8.295175 -5.304034 -7.927901 -1.860156 -8.402103 4.729707 -0.811807 1.148104 5.946927 3.996707 -7.427332 4.315391 -1.553908 6.689156 -3.802855 -6.143277 2.590478 -5.323055 0.068635 8.476444 -2.269746 -0.359247 0.217658 8.594921 -2.887908 -5.185300 -8.152099 2.617185 9.019307 4.520918 7.229464 -8.129891 -8.771871 -7.358241 7.883684 -5.405115 -7.372724 -9.441600 -4.611059 6.081618 0.346432 -5.004208 1.102121 0.390125 8.198595 -4.537186 9.951301 6.372754 6.295989 -5.217774 8.689569 -1.522906 -5.105299 8.502397 1.399325 -2.716387 -2.190253 -0.644236 -5.519951 -9.159865 2.795821 -4.842397 3.839679 -7.518793 3.676511 -1.723205 -6.988330 -6.040446 1.147430 -5.796948 -6.675307 -7.728556 3.976887 8.760319 2.169431 -8.301224 1.032743 3.291200 5.407026 -7.599548 -9.484598 -0.418324 3.645730 -7.058378 8.602292 -0.407276 -5.477557 1.818936 -1.940604 7.698517 9.379888 -6.984436 1.094749 3.064476 -7.017689 6.316592 8.190674
9.941510 -6.967012 6.603508 -1.934424 4.165179 -2.579004 5.446967 -7.889589 7.359784 1.644939 -0.090264 1.010322 3.093357 -3.000912 1.156788 5.179666 2.293768 -1.190290 -2.417641 -8.930008 -3.239858 -6.234489 -2.644854 0.470304 -2.238683 -5.114891 2.458038 4.380633 -9.663957 5.513411 -7.472434 -2.880134 -4.040951 3.099768 9.588064 -6.478276 5.061090 7.793871 -4.221073 6.413777 6.182698 -7.605103 -9.590790 -5.814861 9.426353 7.633725 1.584608 9.257859 -1.814163 9.650384 7.427162 0.606435 8.398274 3.925691 -1.504682 -5.230167 -9.970738 -9.919794 -5.378902 -1.551640 9.379231 -3.545097 3.267595 0.393427 5.506599 -1.397056 -5.802674 -4.739636 7.792760 -7.899144 -3.564733 5.569078 5.778527 3.554835 -7.398903 8.170059 -0.694437 -7.409644 1.607369 -5.104342 9.169519 9.880034 -7.002637 2.255893 -9.456797 5.659380 1.292531 3.285449 2.444078 1.885922 -8.572412 6.190938 5.877693 -7.992583 8.375552 9.507909 -5.935138 -5.018928 1.977839 2.756767 -3.795739 -4.472642 9.975757 -7.818178 -0.024829 -8.927995 -6.062955 8.241305 -4.139340 -7.352784 -4.147706 3.795971 -6.987593 8.236617 9.843075 7.941544 3.530209 -8.217376 -4.459093 7.588424 6.009089 6.064985 2.279049 -7.247939 -4.438383 -9.319397 -3.904446 -2.059806 -6.713891 -7.513502 4.426148 -1.523703 3.925480 6.869240 -6.769143 1.055945 -1.561882 -1.128913 -1.433000 6.894928 1.041859 3.893541 3.315087 -4.503222 -6.146570 5.307579 9.310090 -9.404103 9.659564 4.734552 -0.854858 -2.113726 -0.268428 -4.677020 -3.291056 2.673088 -3.871876 -6.515402 -2.007457 3.084924 -7.005603 -3.540022 -0.129484 -5.693599 5.065774 -9.589988 2.922005 5.170423 8.842558 4.805443 -3.618490 0.115288 6.736025 1.086531 9.100331 -6.947559 -3.399477 2.072245 1.243793 9.448320 2.736330 1.823397 7.819468 -3.851269 -5.938711 2.420477 -7.670701 -1.098339 -6.775052 -6.556987 -6.463931 -8.853737 -2.846117 -0.858326 7.809763 4.604271 -8.424813 -7.913023 5.221124 7.357492
9.048580 3.302761 -8.802431 4.180830 8.176376 -5.568662 -9.491623 5.950136 2.149816 5.090105 5.678458 8.953637 -4.959381 -6.369656 -2.369829 9.427644 -0.410336 5.302562 -4.732853 -8.967994 0.957839 6.250430 0.841709 -0.277878 0.505605 8.250700 -4.979303 -8.508259 -6.030326 -8.821888 7.705081 -0.365673 7.715591 -3.420898 6.060394 -3.002353 -5.847894 6.837763 -0.353365 -2.861447 9.530434 -7.891450 8.112813 3.105519 -8.799558 5.507247 9.639639 -4.615659 -3.960698 6.069047 5.193513 -9.370623 -0.365608 6.395962 2.421201 -6.982414 -3.503498 -1.691002 9.132542 -7.271915 -2.536269 -1.127925 8.146687 -6.472684 0.463371 4.016542 -3.622744 2.712314 -3.535045 -4.456374 -4.350035 9.952108 -9.325335 6.119928 -5.220974 -3.730656 -6.571650 1.801467 3.308522 -7.389327 3.208167 -1.950405 -6.285301 9.670000 2.341864 5.435582 8.717251 7.571558 1.239316 5.389585 9.109230 -9.527786 -9.795357 3.133533 -7.390589 -4.201851 1.564898 -5.791482 -3.654112 5.236733 8.975570 8.138068 -5.496654 3.715378 8.405223 7.591480 5.583815 3.353115 -1.274228 -0.700800 7.807394 -6.148692 -3.672695 3.618965 -2.176272 -5.875835 0.065990 -7.535997 -1.038591 3.344223 5.959600 7.572182 -7.031286 -4.899545 -7.264570 -4.534669 -8.569093 -8.777689 7.590785 -7.020034 -3.259144 1.887025 8.718519 -8.333574 -6.341011 -4.757925 -5.383375 0.805735 7.120474 -4.554724 0.209427 -0.634406 3.142526 -0.663759 9.312066 5.256157 9.380408 -0.577620 -9.515581 4.898468 -3.133050 3.627578 -0.326550 -4.609287 -6.718568 -6.523559 9.773246 2.584360 -3.272913 -7.110566 1.506540 4.965606 6.283448 -9.369888 -2.409215 9.440251 -1.376649 -0.400039 4.763706 -6.479630 4.192503 3.491450 4.462364 -9.728332 6.650481 -9.487425 3.170984 -3.974063 -1.624255 5.717423 -5.910350 4.042986 9.567397 -3.977891 -9.495186 -1.636702 -6.956300 -2.605011 1.595720 2.577084 -8.746009 -4.456905 7.942676 8.597651 9.204855 2.544901 3.166801 -1.661327 3.938340 1.986087
6.974354 -5.920370 6.120776 -8.606495 1.134642 7.998442 -8.116433 -6.047393 4.834639 -9.727793 -4.589358 5.893052 -6.496498 3.898624 -4.452619 -9.508791 -8.069566 2.883521 -5.692532 -1.365410 8.213369 0.299505 -8.615386 6.102493 1.209929 3.480513 8.415624 -2.659570 -3.098877 3.998430 2.498665 -7.865425 8.349159 6.297123 -8.790748 3.528625 -1.857869 9.332156 -7.178821 -0.087338 -0.515315 9.008267 3.764255 -0.328425 -3.834555 6.598429 -5.945205 6.580231 3.931372 8.102498 1.934664 9.663260 8.918602 5.661531 7.120531 -8.560287 3.612280 -4.935346 2.074729 -5.281097 -7.879640 9.197820 5.631947 2.930725 -4.281962 5.738439 0.812232 -0.942157 9.155863 7.290957 5.711090 6.626642 5.169953 3.375308 -2.334348 -6.901290 -7.403196 2.269452 3.390250 5.412901 -0.636865 8.717964 -1.632698 6.003841 -7.501068 5.156208 -6.102582 9.246980 6.265102 1.528148 -9.710778 0.785625 -6.912821 -7.277752 -2.990084 -6.870876 6.688896 -1.212674 3.746950 -2.706375 4.885900 -7.220232 8.797169 -1.874977 -5.640198 -4.416511 4.948591 9.778654 -7.541044 -5.396645 5.349642 -4.997177 0.020165 4.835955 -5.914501 6.755933 -2.158516 7.411162 9.729111 8.687683 -1.364489 -6.699246 -5.953759 6.912401 5.071829 -4.558847 -3.243200 -5.543691 -6.333517 -3.503370 -6.325648 -0.280227 0.476508 -8.253345 -2.446226 -2.385860 -3.774543 5.067650 -4.963458 -6.224656 -9.634042 -8.429884 -7.270493 -4.977555 7.791782 7.726194 1.041282 0.150869 -2.825859 2.648063 -5.400518 6.103881 5.684860 -9.763436 3.050596 -7.426665 5.490907 -6.291638 -9.352391 -5.851971 4.820677 -8.343281 0.720602 4.219762 0.568226 -6.113758 -7.110645 6.714079 -8.781822 1.979810 -6.861759 2.829553 -0.811342 5.878427 -0.856956 -2.312824 9.599751 0.467377 -3.435893 3.292280 -4.722815 4.159789 7.867468 1.512479 4.065777 -1.630568 0.642765 -5.010819 -6.170846 -4.839508 3.971150 -5.773774 6.539533 -0.248711 -2.820564 -7.249911 3.153600 3.900721 7.759631 9.187153
-4.555588 -1.681511 7.735727 1.548862 9.570423 0.580271 9.661755 2.370250 -6.205158 -5.556010 0.007979 8.650522 7.599996 9.031972 -8.426289 7.956442 -6.396877 -4.362248 2.555664 -2.248519 5.157654 2.710178 -1.901927 -8.152365 6.027868 0.166852 -4.517371 -1.809806 -8.912062 -2.746473 0.958267 9.040165 -4.538824 1.347495 5.795403 7.764569 1.727889 -8.464902 6.659291 6.435609 5.572401 -2.519037 8.051117 9.153645 8.656498 -6.448219 -6.620991 4.663489 -3.388447 -5.252037 -8.556128 8.746560 -8.585350 -1.677341 -1.653874 2.991293 -6.267644 -8.313993 -0.821339 -7.114491 2.631461 -4.258914 -4.678245 8.453174 -0.602256 0.182338 8.628703 1.044499 -5.192451 1.643357 2.891519 -7.233225 0.111379 1.751232 -0.613124 -2.765822 0.924506 -6.582037 -3.577035 3.257538 7.551139 5.481194 6.047576 3.823330 -0.563929 -7.050320 -2.364822 -4.505709 -7.805978 3.636828 -4.841972 -7.829949 -8.396440 0.627782 -6.786420 4.916223 -1.395499 9.345104 7.075537 4.426995 -1.967054 -8.892800 -2.197997 8.850989 6.149337 7.884840 6.584893 -0.028929 5.110547 -4.423775 2.074153 -7.391295 3.497976 9.391410 -6.257479 6.821898 7.223153 -3.677230 -6.682946 4.632112 4.871921 8.337788 -7.943934 -1.598355 2.661183 5.415079 -2.687362 -4.517743 -5.045533 0.442179 -5.692440 5.702704 9.755785 -3.424953 8.066423 -0.552276 0.974970 7.233226 5.958359 -6.057275 1.175442 -7.971708 -5.157209 7.307105 0.051740 1.412039 4.378478 9.621488 -0.874634 -2.852150 4.216099 -6.570016 -2.469508 4.644003 -1.053545 2.261108 7.343675 -1.349569 8.844416 -6.141100 0.461555 -1.426864 0.967304 1.694567 9.843426 6.758789 -9.672118 8.105375 2.200754 -7.872840 0.195621 4.692614 -5.734932 -2.347785 -5.507111 1.384384 -8.889156 3.849599 -1.475495 -8.235119 -7.288996 8.144851 -3.269210 4.522025 8.542472 -2.007537 9.272152 3.132585 7.988120 -5.583249 -7.389770 -3.577084 2.735446 -1.153365 -9.689288 -1.858957 -4.028217 -1.089368 9.841135 5.638321
-8.087502 -6.396788 7.819945 7.154071 6.648923 1.947056 5.496124 5.424954 -9.334815 -5.026229 -8.542296 -9.139353 0.390968 2.070796 2.735512 8.192855 -1.645606 2.207017 -4.907489 -5.006598 -0.403226 -9.671566 7.305316 -0.902249 3.184048 -5.791724 -3.978988 7.254077 -4.466123 -8.437213 6.714500 8.721969 -8.628583 -2.887468 6.277039 -6.539557 6.845740 6.866945 6.986693 7.721092 -7.413619 -1.159293 6.308458 1.398049 -8.744955 -3.466999 3.966870 7.274751 5.721069 4.366761 1.632459 2.400791 9.744472 3.015762 -0.803973 4.096006 -4.988299 7.877108 6.815533 -4.837687 -6.874088 -3.404377 9.783050 1.367462 0.361879 3.745190 -7.985204 9.011942 6.047559 0.132260 8.920660 -6.501438 1.252008 0.282405 2.496414 2.198008 5.621612 -3.731572 3.341278 -9.197183 8.679102 5.359659 1.898508 -3.952980 5.373241 -6.961777 -9.157412 -6.245346 6.617837 -0.713290 9.355209 7.374325 -3.402596 -4.654768 -1.863333 -7.404216 -9.379964 5.938339 0.547271 9.058058 6.446582 -7.118492 9.109932 1.352933 7.798671 7.816541 -0.978079 -0.510081 -9.469233 -3.850944 5.092018 -5.843359 7.922683 -4.499756 7.712493 0.228506 -6.565889 0.084713 4.506438 -5.946987 -7.677258 -0.348657 4.048720 -7.892236 -3.031616 1.274475 -4.676140 0.276557 -8.688737 8.645442 1.156200 -8.393178 -7.772504 -3.846649 7.845987 8.544603 -1.335643 -8.339064 7.645294 8.518204 9.212657 0.789234 8.308480 -7.028998 8.584117 8.461231 -9.512974 -1.055714 7.026787 4.423394 -6.872832 -9.673988 -1.418339 2.369832 8.376979 -4.692550 8.553238 6.599126 8.730048 -1.784108 4.657887 -3.317800 -5.854022 6.030613 -5.220575 -4.960419 -8.593541 5.886012 6.292569 -7.318370 0.316144 8.088617 -2.352133 5.648910 -4.605111 0.960230 -4.383314 4.802822 -6.061586 1.374710 -1.097462 5.101045 -3.146128 -0.606820 5.970631 3.312706 5.385617 7.937076 4.169891 -2.775131 -1.738770 5.882060 9.416689 9.131839 5.963306 -1.574549 -8.948642 2.098496 -3.760819 -7.439290
-1.756215 -2.717062 1.861109 -2.042038 -6.833982 4.159590 -1.875155 -8.724996 -2.962865 -9.954833 -3.138503 -1.331736 6.173668 -0.914739 -1.901309 -7.448680 -1.206608 6.074857 -8.680393 9.780189 -0.994063 0.207706 9.706929 5.355709 -0.830814 2.501400 6.474285 -6.111920 -7.623041 -6.772592 -6.646273 -9.715646 -1.047054 -6.589764 -9.049146 5.404614 -7.262009 -6.882028 -6.009719 -1.621446 -2.641444 0.104686 4.943312 6.574604 -0.306832 3.572095 7.730155 -2.459686 -4.423588 6.149987 -7.732081 0.546219 -8.238102 0.148583 6.922937 -2.969725 -5.277137 9.650442 4.199304 -7.133022 -4.781882 -1.662776 7.372559 2.394826 -1.481250 2.391518 -6.596395 -2.997776 -7.077252 1.952730 1.310090 -3.056783 -4.507522 -3.579741 0.736037 5.075766 -2.185285 -7.558841 8.067357 2.377480 4.303270 -9.072234 -2.616490 -1.427253 -0.129894 -2.671689 -1.280786 -1.718192 5.983227 -4.037072 -7.130835 4.845711 2.719320 3.814600 8.576764 4.226229 9.423515 9.877093 3.861319 -8.203741 2.434799 1.724717 2.031568 -8.203012 -5.352178 -2.959376 9.541017 2.589591 -4.013420 -7.530305 2.388987 0.708321 5.817669 -6.213039 -7.018082 -5.354648 2.766524 6.394618 -6.387183 3.156864 -5.202707 9.468857 4.749402 4.758538 -9.381831 3.017471 -2.715530 6.776653 3.504398 -0.682706 -2.963759 9.550802 2.315673 -2.828710 3.463423 -3.501317 4.717496 7.908250 -5.656661 6.896657 5.944655 2.134741 -9.848160 1.659968 -2.706526 -0.198756 -0.721495 5.557119 7.464628 -8.263384 7.682365 -7.615242 -6.541497 3.712729 -4.139123 5.965907 -5.200944 -0.673751 -6.003742 -1.852115 2.936262 1.829089 1.374406 1.832934 -1.942686 -3.278600 -4.934495 0.077002 9.049967 1.494189 -0.491210 5.604242 -5.577479 9.646647 -1.985273 3.842519 8.819441 7.914484 9.130601 -0.897037 -3.883065 -7.205032 5.892730 6.708641 6.774121 7.066509 -0.709076 -8.571194 -3.798404 5.492049 9.046079 -2.480896 -7.864534 2.563582 3.806349 0.123638 -7.006030 -3.236172 2.084894 7.556347
-1.471999 0.511266 -6.630913 -8.250348 -6.647568 -4.604291 -2.790119 8.955542 2.704004 8.223231 -2.366271 -1.713752 5.476061 4.178587 -2.358696 1.412600 4.248001 4.115140 5.692314 1.228769 8.546403 2.692320 -0.516882 5.090914 9.417747 -4.564802 3.710733 2.764767 -2.845183 8.651301 9.711834 0.206677 8.154137 -8.636329 -6.972003 -1.393823 -7.784432 -7.859193 8.055078 0.560492 -0.619596 7.721537 6.116358 9.675724 -3.747224 -8.654641 3.702754 8.447203 7.272103 -7.686211 7.789076 4.118452 8.142573 -5.938024 -0.067443 -2.308930 -6.317893 -5.299476 -1.878148 6.973529 -8.714221 1.695851 3.444994 5.245527 4.575320 -4.172454 -3.545167 -4.138038 8.219097 -3.289324 2.316970 0.159705 4.255314 -3.007260 8.635278 8.057801 -2.259358 -7.728613 -1.252785 -6.841383 2.514059 -5.212767 8.626216 7.387141 7.483479 6.979555 -3.199069 -6.356865 -4.200553 3.742779 -7.693142 3.852423 0.586611 1.936798 -5.023882 -4.037802 -8.170071 1.852114 8.356727 1.160042 -5.810904 1.415225 -1.847553 3.647030 6.435775 -4.530763 -9.164524 -3.425047 -3.563015 8.601163 5.789543 9.692455 -2.913922 -4.849422 -4.837730 -6.427062 -1.546602 5.688572 -1.218022 -1.851630 -9.240389 -6.518881 -2.524262 1.482296 8.665948 -0.182186 2.660182 -7.536776 8.357960 9.583165 9.563210 7.641481 7.496216 1.482357 7.869357 -0.471332 -2.217235 1.176585 7.648508 -3.719292 5.533960 -0.536220 -1.765411 4.807140 -3.583209 2.039521 1.419174 2.836357 -9.460232 4.620471 0.506920 -1.055301 2.850146 -0.259377 -2.675205 7.309444 7.980746 -3.836659 -6.760432 8.675251 0.175309 -2.419262 3.330737 -8.264456 -5.622740 3.230244 -4.515765 -7.895162 -2.205932 2.457877 -5.256579 -2.032722 -0.868703 -3.429412 -9.019026 3.240170 -6.987523 6.505419 0.132114 -8.779245 6.847825 8.583856 5.571963 7.296870 -2.031535 -9.037746 0.477492 -9.676504 7.079856 -4.623528 -5.111488 1.030587 -1.109475 0.309777 -4.327515 0.983004 -5.193887 3.013463 9.906737 4.094561
1.944022 -5.264997 -8.869992 -5.763708 -9.916278 6.796152 1.366046 -3.159925 -0.260118 7.254244 9.596632 7.017816 0.435243 -6.579892 6.941444 -7.521891 0.251142 -1.797602 8.737125 -7.852347 6.229359 0.120083 6.895255 8.730691 4.907328 9.231896 -3.291085 0.349802 -3.697765 -9.173834 9.026457 3.175950 -9.280496 5.474657 1.476473 0.496263 -9.653279 2.953942 -0.487001 9.921421 -8.310963 -6.826675 5.671797 -1.439261 -8.067756 -4.384385 -6.888604 9.277825 7.521307 -4.563770 5.887047 -3.062387 -6.503696 -5.069676 -0.920823 -2.734977 3.749468 -0.872429 8.468921 -1.894522 7.682944 -3.057692 8.096119 -8.422405 -7.010427 8.196125 -2.167540 1.197634 -0.941214 4.995862 8.192849 8.375939 2.679379 2.318854 -2.449692 7.547619 9.564586 0.956297 -7.202751 5.039539 5.420634 -0.329949 5.683975 9.646533 -1.897192 2.165454 -0.301962 4.719982 1.595062 7.658798 5.654460 -5.100028 -5.128724 0.617606 -5.059834 -6.361534 -3.099719 2.257813 7.656427 -8.437955 0.475357 -0.590651 -2.842602 7.135773 -2.282930 3.011449 -6.511053 8.544490 -0.128105 8.725295 -9.162885 -4.332817 7.866424 -0.076207 4.030572 -2.282726 4.943626 3.830465 1.035748 -5.731212 3.655421 0.032356 -4.650676 1.478943 6.545641 7.247096 -2.911144 2.086563 4.421287 1.163951 5.410224 -3.589990 5.385710 -6.260822 -0.250761 -3.479543 4.566904 3.537200 2.233663 -0.620243 8.230433 0.993705 3.408432 7.747617 -3.095314 -3.536104 3.548143 -8.077543 -1.442199 -9.530294 9.853646 3.438919 -6.171701 -4.676828 -2.993732 4.966543 -4.386547 9.566576 1.405476 0.920815 -7.384909 7.530693 2.770821 -0.442932 5.465216 6.221817 8.246520 -9.664284 -0.481614 1.366133 -2.499840 4.597165 8.392318 5.298574 -2.322460 -7.376351 -2.285388 2.097751 -3.724451 -9.614279 -4.011043 -3.750076 7.697883 5.851262 -0.918957 -7.761055 7.016562 2.026518 -7.460349 3.837760 3.676362 0.725940 -0.601446 -9.127013 -0.278921 1.284347 -4.358190 5.089943 7.778551 -4.053241
-7.252307 9.093486 -4.213493 3.974249 0.876972 -6.708842 -5.826327 5.750006 9.009282 -6.927721 2.409268 2.728751 3.328393 -8.189082 -8.397825 6.374946 9.350276 4.921333 -7.258492 -9.684408 1.367069 4.250887 -9.215747 -0.757231 -7.890588 0.687548 -3.486404 8.397357 -0.634774 8.778203 5.427521 8.322055 -3.139545 -6.934402 -7.939355 -5.272885 2.663229 -5.446585 -7.536679 7.300632 4.628947 -5.099238 3.262123 -3.474680 -1.054190 -3.904692 2.488830 9.155791 0.194203 -4.039430 7.905030 6.884732 -2.701000 -8.582139 -4.797688 4.718737 -5.544806 8.759933 3.402558 6.860698 -6.080703 4.155307 -0.579228 -2.918083 -0.560595 6.440360 -8.209603 -4.268708 -9.623334 -9.680867 -5.571712 -6.110858 -8.462232 -3.104922 -3.780872 -8.041621 8.538650 -6.132032 -7.034377 3.987114 6.610561 3.280202 3.184756 -2.125685 -1.398860 -6.530519 3.267651 -4.450211 -3.572556 3.138847 -9.040603 -7.985103 -2.034202 -4.901035 4.635623 -2.985491 -0.227908 7.893266 3.248685 4.080761 -6.086655 8.759220 -4.091708 -4.811882 -6.534611 -6.012771 -3.245114 -9.875576 8.539261 -2.291645 7.129274 0.270256 6.022426 7.496652 2.468240 6.813531 -5.048140 -6.123007 -2.558207 -1.450930 -0.939197 0.428913 -6.799581 -4.959382 -3.894689 2.608658 -6.974332 0.245133 2.157527 -6.936388 -5.493388 9.113040 -7.748060 4.456395 7.912072 -1.188452 9.459251 -3.953169 1.596132 -5.129380 0.349760 -3.039387 0.781499 1.239067 3.676009 3.077553 4.312506 3.815426 -9.267031 -2.256132 -8.839225 -3.566057 1.742373 9.054681 -4.078016 -0.297322 2.197925 0.444905 -9.357236 7.152550 0.610899 4.008692 -6.572112 7.460286 7.966136 -6.867333 1.353199 6.225872 5.155055 5.078851 -3.880570 -2.113020 -6.414764 -1.331540 -1.158111 1.371063 -2.366067 -5.677578 6.403333 4.098213 5.487319 -4.054334 -5.057054 3.521796 -1.418300 3.606953 6.597223 -6.359591 -1.103057 2.837633 2.865658 2.105354 0.902458 3.919503 7.510633 6.813900 -6.389106 4.416211 2.644335 -0.596488
9.421950 0.406234 2.096391 -4.924976 7.683820 -4.187507 -1.866426 1.055347 0.326094 4.089450 -9.140402 3.361637 1.203881 4.956295 -1.714819 -9.262166 2.982647 -3.601626 -3.676487 5.963104 3.215790 1.560147 -0.578988 -5.782248 -4.821842 -4.558778 5.527785 -7.422650 6.254416 2.513133 -9.017068 -1.028885 1.034455 -7.075109 -8.836137 2.879859 -4.812887 -0.676557 -6.186956 -0.484949 -9.099707 -2.794682 -7.710554 -2.645069 8.684155 -5.826694 -7.263780 3.358339 -4.988262 7.856336 6.243658 9.334184 3.041766 -6.515657 -2.679956 3.100010 -7.103015 -6.118380 -6.301382 -3.129441 -7.545580 -3.099769 0.802921 9.782473 0.981895 1.638228 7.112874 -8.796597 -6.259990 5.189448 6.020125 -5.952775 -3.935096 1.215504 -9.391390 -4.939333 3.271103 -1.183819 -6.473911 -1.112629 -0.891960 -3.039850 -4.028538 8.852730 6.248463 -4.497581 4.312455 -1.294217 -8.695289 7.459116 5.454218 -9.786498 -9.132827 -6.042093 -9.732115 9.112262 -7.810509 0.845452 0.184837 -5.272140 -4.373181 -0.086466 -4.759765 -0.885361 8.440101 -1.574852 -2.340385 -2.250687 8.424377 -8.934735 4.769853 6.670345 9.072940 -7.029327 1.508957 -0.908154 3.778837 3.599866 5.644600 -2.481079 -3.590690 8.025758 -2.462628 -3.343197 7.836269 3.388819 -3.349508 -7.811387 3.979811 -5.054326 4.570158 2.591460 5.348032 4.484438 -3.513664 7.662060 9.287908 1.549941 -2.030788 2.957317 3.985145 5.654450 -6.458043 3.598395 -8.598244 -0.940981 7.566969 -9.782854 -6.014902 6.164165 -8.657524 8.919921 -8.526474 9.220612 -5.584391 -1.208023 6.520300 3.564354 -5.083504 -0.870338 -3.254463 -8.127650 -7.477874 2.755623 0.081363 7.249818 -0.613995 4.554058 5.786186 6.483566 -1.483122 -0.331088 7.623160 -6.707269 -6.603575 8.061285 5.854567 5.917169 6.786766 9.658422 -0.729653 -0.186557 -0.602904 9.256181 8.822020 3.923115 3.115057 9.064349 0.889669 3.576833 3.524434 -0.443879 5.944464 5.081085 -9.040655 -2.900807 -9.665384 -2.479493 2.333367 9.892016
-9.570252 -4.744724 -9.471810 8.295748 6.839828 -2.121877 1.793750 7.047362 7.108449 -2.269620 9.390926 -2.329165 -0.909179 3.720062 1.061575 0.272800 2.249553 -4.872074 5.558255 -3.620327 -1.916734 -2.977711 3.916475 -1.426852 5.433699 -8.817479 4.659883 5.848875 -0.948822 0.787350 2.955332 -9.383987 -6.404187 -4.885691 -7.645824 -0.189900 3.384869 -8.418798 -6.256939 2.614755 -3.451287 2.353023 3.671149 6.711201 -8.679831 7.015100 6.222419 4.291016 -5.549116 1.567037 -4.590846 -5.491383 -7.231811 -2.957007 -3.789669 -2.875243 -3.474599 -7.562757 -6.665700 -2.399342 5.246491 -1.459217 3.117985 3.088300 -9.180212 3.698271 -8.268949 3.637194 -7.419826 -3.522715 -1.281780 -0.342032 3.618365 -4.317893 -4.420356 -7.111180 -1.204162 -3.180255 -0.152008 -3.156006 -9.070845 5.726025 -1.660031 -5.312804 -6.850384 3.587587 0.360645 0.324967 -4.719395 8.771236 1.799443 7.968711 -5.796353 -5.384811 6.769148 0.656055 8.022190 4.626197 5.065537 -5.815532 -6.193092 -0.132202 -9.230445 -5.519102 6.150972 -3.092539 5.161742 4.733068 3.831108 5.895403 -7.350070 3.182028 -2.188691 -1.222294 4.194090 -5.411513 9.329519 1.999231 7.942836 -9.057175 -1.054435 -0.263390 -5.864397 1.851154 -8.371974 -0.251592 -3.854297 -9.519225 1.396920 1.612923 6.977388 -5.246207 5.447382 1.219908 6.607226 -4.273465 4.810341 4.479406 5.034827 0.990675 -8.184850 -7.740780 3.344097 -5.800211 0.158701 7.405405 -2.229524 -1.060358 -3.675189 -9.312435 -9.000064 -6.831224 -9.456531 8.842741 2.413513 8.252684 1.465509 -5.755760 -6.566235 -9.452078 4.368711 7.371081 -9.249788 9.304071 -5.735032 -9.535251 -3.829742 2.468059 4.544745 -9.174975 -3.855446 9.163583 -3.704954 3.239663 2.053833 3.952870 -2.868383 -1.206325 5.685445 5.785376 -8.731440 1.244644 3.570844 -4.633840 4.415161 -3.554429 -2.969241 -1.976229 0.814551 1.266550 -1.528316 2.151146 -5.125845 -8.852348 3.841207 -5.742506 -6.597391 -6.634549 2.872517 6.953005
7.782217 -0.049269 2.478648 -7.709224 3.326355 -8.781355 -4.376874 1.895376 2.440698 -9.157256 -3.324634 -0.135363 7.446863 -2.419693 6.352131 -1.670790 -7.536741 6.647121 5.314554 -1.426123 -2.020894 6.111988 3.868367 1.533167 -2.603369 4.489941 -8.835680 9.559318 4.513861 2.967425 -5.772624 -5.066947 -3.515234 -1.876876 -1.772605 -6.996224 8.941372 4.625534 7.446361 6.703899 -4.594101 0.713969 -3.344266 2.201136 1.136045 8.852218 -5.773222 -8.103060 -4.406346 4.393672 4.552247 1.975256 9.400961 1.815396 -5.132128 3.664422 7.557507 2.524666 -8.448345 5.479213 1.170524 6.964087 -2.569396 0.476474 -6.447239 -6.488487 3.616111 9.054742 -7.755628 4.202458 -9.195004 -5.050770 4.455407 2.480262 -8.651620 -7.320117 9.898091 -7.770365 -7.876739 9.465268 -2.419787 0.446199 0.944088 -7.249956 4.992048 6.025193 0.808699 5.950693 -7.753958 8.365977 0.344978 8.503175 -3.749706 -3.225499 2.992982 -6.683876 -7.676015 6.339051 -2.271372 -3.204715 -2.587423 -9.797718 8.153325 -5.173264 2.092045 -3.327848 2.449857 3.592017 -0.138075 4.645559 5.847705 0.857941 9.745339 2.276984 7.134882 9.015681 -1.534071 -3.490275 8.016825 1.803950 3.275681 1.666835 -4.162199 -9.594292 -2.505436 6.344915 -9.199697 3.435377 2.560619 5.381562 5.121926 -9.964328 -2.579123 -0.212847 2.236091 -0.139877 4.105778 -2.011264 -9.007929 0.711493 4.526494 7.485472 -1.460609 1.296911 1.110111 -4.214865 -7.399301 1.867326 6.564435 -8.703635 5.704278 1.147202 -7.128380 -3.231690 8.283146 -9.851299 2.304710 -8.143699 -2.576264 -8.640513 3.749075 4.560785 -5.894031 -2.204165 7.592597 -1.539988 -0.775131 6.130725 2.785887 3.020143 3.715041 -5.741498 -4.771076 2.860115 5.472145 3.158354 -0.669139 -2.237471 -0.924048 -4.661066 4.638312 -9.688444 -9.738057 -6.655219 -6.998554 4.255610 4.840598 1.017834 0.927892 -0.403653 4.975412 1.056089 2.061728 6.269931 6.831454 5.010979 2.959437 -3.927852 -7.246047 9.597931
3.006314 7.847242 6.939097 -9.225217 -7.069962 9.822550 3.258607 8.581172 5.974465 -8.726208 3.340409 8.446401 3.960013 -9.215243 0.900591 3.874903 5.975948 -4.513092 9.385996 -9.644268 -6.698327 -9.737053 7.533276 7.825985 2.095424 1.217235 6.681183 7.138554 -9.242834 1.406059 4.065491 2.173894 -8.516441 -6.275260 -9.754972 1.892176 -9.995368 -0.858548 -9.935277 6.172208 7.272493 -9.317726 -6.849340 9.624517 -9.435455 -4.875586 8.588098 -9.537403 5.680203 2.380317 0.520455 -3.744321 1.879389 -9.128246 3.974079 7.566813 -6.466040 6.104006 -2.304603 0.411726 -5.148309 -7.522915 -0.669333 -7.169954 -3.899905 9.658196 -4.460643 8.171439 -7.223613 5.722425 -4.731756 1.865018 -3.721726 0.279682 -4.979282 -5.809679 -2.996193 -0.912865 -8.727976 -0.467189 -3.076596 -8.297988 -4.325343 8.515651 1.142849 4.464594 0.458925 0.092032 1.715916 -4.075208 -0.693917 -2.376725 -7.428061 -1.127842 5.377170 3.860672 -9.743948 -9.456704 -0.767482 -9.901673 -0.408538 -8.129324 -6.461055 -2.199951 7.159255 -9.030368 -7.562231 3.955345 7.664070 8.904215 -8.160902 -2.480977 -8.716896 2.882746 -1.946663 -3.891307 6.607800 -1.702908 -2.916533 -5.711578 1.266484 7.678406 3.496530 8.047300 -3.467222 4.627537 8.822667 7.969827 0.323674 -0.685731 8.936135 5.663565 -1.161886 4.482534 4.365338 -7.802731 -1.793601 -4.096337 -4.582826 7.993494 5.404506 -8.109697 -1.057695 7.716623 -4.319560 3.227952 -0.571430 6.781995 6.631451 9.507827 -7.907483 4.140858 -9.995956 3.052468 -5.752094 -2.340891 -1.609323 8.861557 5.936546 -8.186567 0.751987 9.130134 5.311410 4.454998 3.251611 -9.090102 0.084832 -5.509243 2.731121 6.780860 -9.322831 8.281871 -8.147579 9.033614 -9.370252 -8.581424 -6.379805 3.406526 2.962454 3.037791 -9.896663 2.698974 -9.794998 -4.483545 -5.127658 9.517831 -5.716331 5.258183 -0.301079 -3.234495 1.182011 6.248842 6.038277 8.212866 3.566342 1.915040 9.866135 -0.412742 -3.892558 -1.279631
-2.230847 -0.088981 -7.019868 -7.753123 -9.402645 3.584120 -0.225635 -8.124814 1.614176 8.059905 5.830644 5.651398 -8.170288 -9.542117 4.645431 -5.009295 -0.916603 7.515039 5.908888 8.595619 2.897495 -1.755112 8.676600 2.167948 0.761268 3.611971 -7.565126 -2.646464 -1.534987 2.709633 2.694803 -7.446501 -0.970593 -9.857135 -7.347243 3.071393 9.437635 1.983012 8.829432 -4.630651 8.711109 8.827671 0.602483 8.759524 -8.382379 0.923233 -7.168813 6.618071 -0.626244 1.107246 8.754073 3.214560 0.364381 -6.079007 9.461405 1.666057 -2.722320 -8.936084 0.386755 -6.845865 4.139270 -8.344578 4.168035 5.730783 7.844850 3.668371 8.360140 0.976006 6.881291 1.723426 6.462696 -0.341937 -5.221379 8.875918 3.243355 4.582141 4.248150 3.208752 0.278546 -5.601483 8.391414 -8.935623 7.959326 -2.718304 5.770964 5.717520 -9.022784 7.007975 -6.232916 -0.519337 -5.633317 9.964917 -4.519080 -1.278841 -9.574201 0.203469 -4.685352 -2.676937 -6.235966 6.615529 -9.701791 -4.682451 -3.530392 9.708133 4.116919 4.126143 6.789996 -8.369600 -2.975127 -4.227979 -3.126734 4.021646 -0.482693 -7.002877 -9.943887 3.248522 7.423170 -9.474043 1.375850 1.157016 -3.057226 -5.664164 -8.333972 -7.723429 3.358407 -6.301839 7.789542 -0.252391 6.500133 0.746274 -9.618615 -9.124789 7.317871 9.437851 1.845295 -3.051480 1.282567 -8.092094 7.310210 6.345971 -5.469504 -4.692549 -8.717361 -3.753534 -6.735196 -0.063034 -5.112029 -7.082798 8.073175 -5.230088 -3.030466 9.942238 1.396744 1.398162 -9.834699 9.260914 3.525571 2.127862 -9.380331 -3.186094 -7.164393 2.030352 2.061966 4.456140 -6.238908 -3.250570 -0.088924 -6.024668 -8.629259 6.622267 5.932495 2.026602 9.392729 9.217105 -3.381496 6.751364 4.159701 -9.408600 1.306938 8.747081 7.825462 -5.654030 -5.021196 6.274023 8.442837 -2.695696 -6.487306 5.934383 -5.722783 2.564631 -1.243109 -6.655799 0.220868 0.564234 2.771986 -5.466606 8.314033 5.814223 1.320788 6.568171
-0.917980 3.517601 -4.091932 -8.779738 2.283052 -3.411088 -3.435629 -2.118760 9.133174 -3.164727 -7.627758 1.358899 8.259365 0.157568 9.229022 4.122356 -3.110407 3.288423 9.039015 4.977204 9.243244 -4.753804 8.351774 -4.715035 -7.606363 6.164537 1.228428 -3.802834 -0.888078 9.696604 -4.117510 8.290912 -4.727047 3.631895 -4.410152 -4.458357 0.713706 4.672129 -5.921267 -2.284568 5.667884 -9.527311 2.700066 -5.998810 -9.040371 -4.308790 -2.314910 -5.240558 -5.020758 -5.156006 -1.965263 -6.098503 -5.785853 4.321202 -3.753983 3.860021 3.519325 -3.318152 8.186419 -0.334755 4.848848 2.537066 -1.995880 1.804573 7.750477 8.335557 9.126073 -3.206223 4.917887 -1.651905 -1.233911 -2.946319 -1.572180 5.539821 9.837242 2.941217 1.725479 -2.055463 3.280440 -9.186506 -0.917396 1.672882 -8.441574 -5.732609 -2.127754 -3.351662 -0.819634 -6.371593 -5.702027 -5.770517 3.901392 7.323838 -6.317271 -5.977926 5.714827 -8.427755 -5.004761 1.608855 -7.515157 5.383111 -0.475871 2.031980 6.584136 -5.221929 -5.079568 7.002345 2.504484 -2.137785 -0.965717 3.424278 1.819766 7.340460 -0.147562 9.178638 -9.048283 -5.899883 4.712429 7.054090 0.344248 4.930811 4.306010 -5.266568 -7.524979 0.596350 0.711635 -3.282971 -3.833100 -0.931101 -7.033808 9.530876 -9.478318 -5.010042 6.890487 1.339433 8.953868 9.599554 8.266490 4.620470 -3.727602 -2.880516 4.906249 9.755739 -2.973203 1.660793 4.896390 -9.824335 -5.584646 3.773556 1.431456 -3.213508 1.389683 7.919135 -8.386108 0.514359 4.574327 0.515018 -5.641950 -8.679208 -7.081052 -5.051761 4.607064 6.454112 -2.460425 -7.433077 0.263276 3.704644 -9.376235 1.332123 -2.047710 7.514928 -0.946778 -6.904581 9.529697 -8.163825 2.996654 -5.170398 5.496562 5.280144 8.439142 -9.870560 7.099323 0.281257 6.283222 1.448588 -9.456855 6.326362 -9.667650 9.796246 -6.288281 8.640643 -0.890859 -0.938446 -2.338231 -8.114375 -1.804638 -7.864152 -3.527927 -6.995956 1.127503 -3.203835
5.740603 5.836536 2.427058 -8.502272 -0.133269 0.522875 8.646208 8.539715 -5.840909 -8.892746 -6.642652 -1.390088 -6.454261 6.803382 0.460945 -6.029130 6.039980 -5.161345 -3.993567 5.767727 -9.809405 0.942890 2.658491 9.510774 -5.729292 -4.122464 -6.057778 7.429459 2.446459 -2.375812 -5.298174 6.122215 -6.802160 2.566667 3.225423 -7.041495 2.636243 5.072625 3.874831 0.268392 -9.072449 -3.636755 -3.709505 0.530174 -5.322470 -5.001615 6.244763 -1.258091 -6.169253 8.711619 -5.669039 -0.447877 -4.058672 1.366035 5.090451 -7.602035 9.019656 1.860413 1.809593 7.375573 -5.261718 -4.852508 9.801679 6.590444 8.441099 2.929785 -9.590660 -5.647198 6.161309 -0.239574 -1.156860 5.774189 3.581831 1.046874 2.191661 -5.049439 -7.596907 8.406768 3.317610 -8.571260 -3.669588 -2.335992 -2.815885 5.663028 -8.860410 4.814193 7.142392 -8.640217 -9.338467 -7.189974 -8.086145 -0.569197 9.401312 -1.793796 -3.711214 8.202380 0.806935 9.926272 7.206225 2.219534 4.934006 -7.025567 0.496927 -9.838158 4.846654 3.800394 7.418166 -9.558763 6.992907 9.038213 -2.250490 -6.070800 6.793741 -3.254656 -1.906903 -7.120085 -0.135000 -1.039567 -9.373687 0.625523 -2.032214 -6.621511 3.676103 7.084359 8.333833 7.571319 -7.172357 -6.785131 9.926752 7.622058 0.100407 -4.943634 -1.603576 6.988137 -9.099538 -3.032204 -0.535632 -3.862708 -5.799444 -0.423983 0.161125 8.646753 -3.709467 2.253154 -4.086273 -7.288234 0.086985 -3.323158 1.716567 4.192372 0.241530 -0.248354 3.867734 4.023556 -6.513097 9.754334 2.935867 0.044893 2.933850 -8.486711 -9.595355 2.565457 5.282443 -4.246975 8.491079 2.454865 -3.393582 -7.280117 7.207134 -9.592488 -2.300342 7.348356 -2.902668 -0.017851 0.627526 7.587160 -8.318493 4.378300 -4.471477 -7.672861 -6.329282 -7.031644 -7.899356 -5.759749 8.084693 2.822017 -5.288427 -0.259177 0.351224 0.683505 1.991251 -0.595829 -5.902511 -1.411194 -8.234425 -9.307144 -4.065525 5.954608 9.362455 3.558061
-4.941732 7.202752 4.282238 1.464697 5.759386 -7.671972 -8.079561 -9.707384 7.510003 -3.516375 -6.488555 -0.062311 2.957116 -5.019806 -8.498235 -5.252217 -0.999411 -7.400794 7.545201 -3.871135 -2.046371 3.795019 4.884543 7.476624 8.349241 5.597841 0.455900 8.090230 1.796568 -0.648360 2.894540 -3.331357 3.985201 2.180725 9.926696 -8.430036 4.668740 9.534127 8.025200 -3.387324 5.157659 -3.300764 9.272320 3.525136 -4.656920 5.404166 -2.823891 7.031799 2.355123 -1.762309 0.127323 -9.506654 7.750704 6.271630 -0.308393 -6.889485 9.386235 -5.080938 -7.573862 -3.278064 1.620339 1.208582 4.533957 7.182953 4.907162 1.568082 -3.428494 3.671770 -9.736535 4.246252 -3.317878 0.252553 6.514977 4.605648 0.748389 4.970535 -2.738794 -3.276151 4.845236 2.837833 -4.954526 -9.881667 7.617049 6.113253 -9.020592 -0.037844 -9.952440 -4.230445 -7.987544 1.948047 2.607372 7.899058 1.603395 2.597206 -1.330124 7.002595 -7.456353 1.798913 -1.348547 -5.795646 9.763091 2.917182 -7.643137 3.809794 5.138771 -5.064907 2.085770 2.814292 -5.377441 -2.627119 -7.369729 -7.770665 -2.170255 1.069878 -1.905233 0.489243 0.808568 -2.245628 -6.516652 -7.380504 -9.379716 -9.998569 0.916364 -4.508585 -9.127278 7.382331 -4.812425 -5.805666 -2.914049 3.856159 -8.254892 -5.269354 -8.679912 5.236619 7.583225 -1.787144 6.399160 -0.713915 5.575468 0.475305 0.613252 -1.987180 -1.863823 5.191907 -3.445617 -1.343383 1.874321 -3.270593 -6.871340 -3.580755 4.272051 -6.734891 -5.942891 3.704412 -4.195007 -5.497339 2.006622 -4.507816 6.115412 -2.949357 1.475713 -1.792404 9.171753 -1.001899 -0.563836 2.785775 9.872689 -6.660048 -4.959782 -7.227207 -4.205310 -7.916788 -4.450103 -4.198962 6.380123 3.156789 0.355551 3.685539 8.381611 3.399698 -8.649917 7.355557 3.812393 -2.765722 -6.401846 -4.307966 -5.314157 7.603842 3.614148 -9.458837 8.485304 9.574567 -0.724330 -5.374952 6.906683 -9.861016 -5.089588 -2.757248 3.765833 -7.315690
5.340900 4.955746 4.879471 5.388502 -3.182977 4.159342 1.106749 -9.042363 -5.104888 -1.319385 -4.053392 -9.576128 7.205053 9.026929 8.522418 7.866689 -4.794182 -2.564160 9.247111 -1.100333 5.299349 3.044653 -3.040408 1.269412 -5.562542 -3.390736 -1.432842 -7.376259 8.119519 -7.286994 -1.208684 -7.015495 -4.700738 -2.953972 8.912980 -1.205703 9.426862 8.836220 -8.353464 0.116907 -7.508933 9.318650 1.467797 5.757546 -5.952939 -3.189018 6.732486 8.299503 -8.137431 -5.737286 6.527572 4.572570 -8.370634 -9.208700 -0.940924 1.343683 3.907605 1.828120 -7.241145 -4.832157 1.606129 -8.377036 1.331620 -8.833227 5.776157 -6.427256 4.797824 -2.784925 -4.674777 3.587766 4.274370 2.631893 -0.783599 5.428649 -7.884622 9.569076 8.685468 8.237713 9.025436 -2.963582 3.260803 -2.666267 8.859542 8.347059 6.812347 1.004757 1.239486 -7.560090 4.829067 5.439609 -7.095462 4.300883 -7.520454 -7.920616 7.087044 3.658591 -1.854999 -9.660611 6.979735 0.345232 -4.795126 -5.899591 -1.504689 1.815753 0.824354 5.523372 3.328172 0.433385 -7.744438 3.278897 -6.994868 7.116497 7.863240 -4.657265 9.879133 1.013915 0.190395 8.833645 5.260335 -7.120918 -2.002832 9.499896 7.838364 -9.303600 -0.521460 5.878078 5.995569 3.206917 8.321241 8.143366 -6.965522 3.401818 -2.148379 2.755347 -9.399756 3.027829 -6.630696 -2.817032 0.003642 -7.284576 -8.444822 0.317479 3.945209 -7.946319 9.370912 -2.243834 2.448243 2.938318 -2.607967 5.092124 -7.130208 0.354961 4.828832 2.982209 -5.302085 4.791091 4.218166 2.410169 0.586771 -7.288967 -4.158046 8.624572 -6.321582 -5.754465 -2.128594 1.256234 -9.619491 5.286811 1.629538 6.239050 -1.710059 -7.920126 -3.837284 -5.668931 -3.205431 9.564168 -7.185431 0.613996 -7.491003 -4.147094 7.270184 4.411654 4.479506 7.222232 -5.150458 2.251910 -2.968348 -5.051693 4.319688 -9.557675 -9.752682 8.413879 -5.096910 3.427805 2.264380 7.043636 -8.934538 2.939522 -4.330611 9.675783
9.583242 -5.525101 -0.204834 -1.249548 3.895853 6.616716 5.005429 -5.856088 -5.026211 -1.196439 -3.215624 8.495176 -7.249799 -2.819452 6.447884 9.979124 7.953271 -2.025485 1.964045 -2.138988 -7.731510 0.116621 -7.311080 0.531532 8.571925 4.866747 -8.713832 -6.829472 2.353820 6.774434 -6.787462 7.295693 3.167669 -0.787128 -1.857906 6.447774 6.778946 7.502865 -2.564980 6.644273 8.168610 1.024381 2.605481 0.924820 7.276706 1.207261 -5.532445 2.184656 8.663055 0.706145 -5.990184 -2.308498 -2.764576 -3.521675 -3.499537 -8.535440 1.249630 -6.899144 7.835366 -9.154485 5.088109 -0.303728 -8.539077 -8.827969 -4.797000 7.070783 -7.485126 8.850282 -0.552947 -4.833241 -7.859147 3.197706 -9.437519 4.809307 -1.754852 -3.672130 9.175227 -4.976670 -6.995264 2.235267 1.714122 -5.419701 5.552265 3.216606 1.563607 3.772078 0.650374 7.899583 -2.857597 -4.026332 -9.999663 3.625735 -9.515273 9.869998 0.923022 1.841402 -1.887861 -3.351364 -0.865438 -9.051405 -9.849181 -5.546811 -4.054872 2.829148 -4.905265 -3.305722 9.891258 6.247146 4.048236 -0.217812 -0.720458 8.362294 -3.854007 4.566515 -3.643057 3.280258 1.812158 -4.637448 6.767289 -8.019813 -8.704466 0.597771 4.644432 0.887465 -0.738250 -1.248386 -8.067810 3.010722 6.624530 -4.569970 0.542897 -0.824275 -2.187422 6.009132 6.503852 3.680966 3.717305 -1.229636 -6.296073 7.278109 6.393361 -7.558645 0.450082 9.187181 2.274093 0.130052 -7.208057 -2.319460 -9.973262 2.066946 -6.427560 -7.887205 -6.235034 -5.616487 0.980077 -7.608662 0.590211 -5.348051 5.922646 -4.887127 -9.125469 4.944410 -2.818755 0.822388 -0.183773 -3.995003 7.195310 4.839551 -8.039980 -3.506442 1.334168 -7.324796 -5.658790 -8.818785 6.856422 -2.414217 0.370597 -9.957246 -3.321047 -0.741819 5.214845 4.949560 -2.301816 -2.189548 -6.706065 7.619123 9.426672 3.858612 5.513969 -7.764645 3.871494 6.246706 5.165995 9.839769 8.738335 0.230490 -4.463178 -5.206626 -2.528034 -1.511146
-0.739008 -2.248669 -9.175936 6.215286 3.552961 9.353425 -1.772366 -3.031718 -0.996111 2.464478 -0.044385 -1.751443 -7.154155 0.517146 -4.663029 -1.984078 -6.666090 3.802299 -1.261531 3.148604 5.309283 9.274450 3.534548 5.695514 8.860661 -9.233969 -4.939643 -6.366602 -3.381796 6.046631 -5.273493 -9.318698 6.373310 -4.468168 9.217993 9.686222 3.980446 3.294258 1.392687 5.197672 -7.804968 -4.059368 -7.124427 -8.481302 -7.836809 -7.184740 0.901973 3.708953 8.168767 6.361343 0.204059 -1.826202 8.550897 -0.345636 -2.030086 5.235621 2.724262 2.131506 -5.144536 6.457898 -8.990668 -4.002022 -5.984585 0.382905 -2.290256 -9.722763 1.725141 4.611349 -2.076164 -8.766808 -2.077191 -4.779079 -0.532747 1.512426 -3.030659 -6.397158 -5.027712 -6.731534 8.141741 -2.179363 9.789346 0.495360 3.953366 -0.859342 -1.864654 -7.909872 -5.963569 2.314777 -4.144769 -7.564748 -4.124171 -2.535041 -0.246529 4.473564 -9.800775 -7.606646 9.952893 3.519547 4.597543 -0.231381 -0.094916 4.143743 3.811902 3.224178 1.180113 -4.450054 0.353382 -2.538317 -7.715433 3.245703 8.232816 3.737696 -7.274329 -2.376425 -4.724790 0.795857 4.224483 8.373317 9.295920 -5.510834 6.262786 -1.865043 4.773865 -6.238717 7.477315 -5.352988 6.900290 -0.405265 -4.154207 4.047526 -4.412730 -4.605046 -9.471493 6.885638 -5.875618 6.249681 -7.540078 1.982703 -1.258790 7.714369 -6.453931 -9.772039 1.528352 -0.191175 -6.313205 5.350564 -4.174612 4.428526 -7.001837 -0.886289 1.076117 6.516532 -3.776634 9.548123 -6.975331 -7.350742 -1.322934 4.053820 5.837589 8.076948 2.202937 1.928169 2.904318 1.270412 -0.622649 -7.853487 5.497537 -0.542924 4.013279 -4.036995 -6.202848 3.032864 -4.958137 5.964876 1.548731 -9.941088 4.080740 7.381865 8.851349 -9.147835 6.642734 6.878417 -8.958171 -3.183133 3.067050 -5.501460 7.449283 8.520449 3.564175 5.267267 -7.212176 6.607912 -5.601464 0.576817 -8.679342 5.731071 -1.077278 1.924467 -9.664750 3.758545
-9.019097 0.804261 -7.705499 4.294427 3.968066 5.943351 -4.714909 3.429136 6.930101 -1.205666 9.978023 -6.426173 0.731359 -7.904329 -1.027251 6.923321 -2.406503 -0.180097 3.783034 -3.375622 -8.476296 3.578155 1.210545 -1.935391 2.406435 6.652793 4.688400 -1.230172 0.865979 2.179057 -2.673952 5.637611 -7.619827 -8.404470 -8.483789 -8.431614 5.708174 5.641614 4.039261 7.989396 -6.405682 -8.735961 9.880276 7.779424 1.008140 6.475167 9.786363 4.802554 4.333671 3.588864 3.760302 -3.973164 2.777088 9.051936 -3.404138 5.863054 -8.064983 -6.862234 -9.040404 -2.204646 -0.775677 7.338502 7.724787 -2.947318 7.293195 -4.971157 -0.345746 -9.533183 7.286126 -5.080518 -4.077142 4.500317 1.077630 -3.960840 0.565932 1.035501 -3.621265 -2.969768 -1.001190 -8.911215 6.486457 -7.780303 0.285187 5.076752 -7.228430 -2.209507 6.338261 7.168437 4.112627 -1.657858 9.085892 -7.420428 -7.237579 5.118685 4.940611 3.686121 5.601238 -0.139298 -2.998787 -0.787378 -3.109028 1.541195 -4.249150 -9.841440 -2.523566 -6.481855 8.637763 4.116627 0.055303 9.399058 -9.658166 -8.974657 4.344684 -5.853993 4.347555 -1.750545 8.626209 -9.064251 -5.631722 -4.836495 5.278466 -4.888888 -0.029045 5.612852 -1.494551 -4.562897 -3.137291 0.474413 -8.201161 5.026751 5.507504 -5.787726 4.363838 -0.270985 6.877145 9.671394 -6.451876 7.511486 8.492348 -9.683200 8.561348 2.685672 2.323848 -2.776974 0.829299 -0.031482 -2.598955 9.710885 -4.379202 4.356703 5.707351 -3.846192 -2.741814 9.535931 8.779204 -9.445802 7.685276 -8.880179 4.314178 4.474872 4.495873 -5.196861 -8.217475 1.089051 2.327005 7.105075 6.581430 -6.226615 9.834457 8.823403 3.029703 -7.135165 -9.194642 -1.137309 -8.692220 -3.083371 5.009362 8.442506 -4.406367 1.505449 -6.379818 -6.786483 6.452498 7.778266 8.743132 7.886771 0.458062 5.746620 7.711311 9.421819 8.998125 0.468640 -1.367676 0.118804 9.158483 7.130815 -8.675067 -2.604518 -5.788250 -0.203084
-5.917156 -8.248193 1.909360 9.838690 -7.798894 -1.726101 3.064750 7.731492 -2.002457 0.265111 4.306570 -7.691719 -5.642282 4.811402 -3.975202 7.484607 7.544423 5.490025 4.621170 9.848145 1.767307 -2.322386 -7.535625 -3.948920 4.213124 8.065979 -0.547394 3.309365 3.330695 5.375396 4.170414 9.505539 -8.813492 -5.049371 0.098337 -8.206243 -1.288887 -2.541394 6.096774 -4.905717 0.831695 -0.134941 7.170006 2.750450 2.764880 -6.017825 -6.761861 6.706668 8.773311 -1.525281 8.828627 9.613136 7.417703 -4.409802 4.489350 -0.784564 4.084591 5.169001 8.139051 1.585676 -2.130535 1.544310 9.943113 7.148934 7.854877 -9.558088 9.696389 -8.076070 -8.782273 -5.602398 -2.675061 4.823046 -6.141937 -2.660058 0.203534 3.156212 -2.012987 4.479213 -0.869253 -9.432452 -4.017575 -4.215261 -4.660302 -4.932776 0.914107 2.083306 -0.051966 8.120233 8.330822 -2.377821 -1.459264 -9.292852 -2.364093 4.242748 3.908998 -4.028830 -0.410016 -4.062438 -9.277557 0.836299 -8.122385 8.018149 7.897578 8.938783 0.900088 3.415016 -1.661719 5.660009 1.289108 -5.452553 -1.653187 8.449940 -5.106648 -1.379993 4.975861 8.002502 8.680859 -9.636258 2.738472 5.302927 -6.981111 -6.510387 6.491137 -2.615495 6.796080 -0.352261 -2.317544 5.972483 4.453433 -2.866729 7.883410 7.838032 5.529703 -8.497908 -4.918713 -7.613416 -7.951106 -2.843231 8.607953 -6.039485 -8.556325 8.747900 -7.046222 2.723560 9.366616 -8.933097 7.555524 -1.054249 0.025379 -5.900938 -9.358369 9.794170 -4.533362 3.440994 4.811515 1.973663 5.771901 2.493244 -4.342201 5.996049 6.280998 -6.302041 8.556538 1.431186 -2.222629 -6.632468 -3.440190 4.164955 1.623890 8.035250 4.275556 2.582508 9.132020 5.765724 7.357145 -5.414301 4.612641 2.257892 -9.343731 -2.925719 -6.466747 -9.463484 -9.378966 7.353965 8.359878 3.451255 -7.218132 3.219971 1.771703 8.263589 -8.623434 -5.625189 -0.887572 -0.911940 -6.473183 -4.173609 -8.635787 -0.913445 7.770172 -1.402981
6.697595 6.284429 4.490208 -3.675503 0.213419 -4.289582 9.600017 -8.409142 -6.969114 0.402687 9.902645 7.288569 5.143859 9.792539 -9.098213 -7.907352 -0.281635 -0.428294 -7.201364 -5.806066 2.308872 -7.568310 3.588887 -8.521652 -9.859720 3.039699 -2.346646 -7.780944 5.536029 9.070007 -3.892930 0.916226 -0.793515 8.746161 -3.513618 -9.301264 -3.572317 2.954498 1.505133 0.504918 8.872708 7.130412 -3.609340 -4.059249 -5.319392 -5.488431 9.663009 9.558237 1.447411 5.637690 -3.862671 1.021337 4.991813 5.706738 -2.803546 -1.194232 -9.026154 -5.026079 4.997405 -8.297597 -1.676618 9.742661 3.072468 3.284550 1.767932 -6.228349 -2.436389 9.237249 6.595905 1.006802 6.339621 -4.659267 -3.720708 6.455199 -7.331699 -2.471943 -2.197879 5.704226 1.145588 3.653832 -0.531908 6.601410 -1.029147 6.417504 -6.169545 -1.180923 1.379726 -4.897633 -3.002768 9.512625 9.665197 -7.054435 -0.459000 7.190229 -0.716951 8.245786 6.126289 7.012921 8.844998 -9.756088 1.714539 7.039421 -8.841751 4.432757 4.044840 -9.665381 3.757665 5.494370 -9.962913 -7.232838 -8.223491 7.421819 0.019066 3.564299 -5.743315 -4.908489 7.999053 8.070845 0.447046 3.048632 7.906364 7.789015 -1.970852 -2.686304 -9.958836 -4.473354 7.003709 4.815998 -0.904174 9.106638 -4.794273 8.865964 -9.100641 9.206115 7.113668 1.773061 2.876978 0.186190 -3.073037 1.273222 1.707020 4.740791 7.111683 -8.563956 9.110784 -9.965053 -1.519174 1.988695 -4.949924 -6.803547 -8.058613 9.643086 -5.379088 0.525502 -9.693132 0.784808 4.787996 -3.713294 -9.246527 7.431515 -8.701480 2.432444 -8.057308 -6.567617 7.797734 -4.825246 -2.767815 0.547149 3.689616 -6.438790 6.311877 4.572782 4.249899 -9.208355 7.177510 9.659536 2.446649 -3.412948 -2.393062 -6.868266 -2.637813 4.034083 4.115355 6.657321 4.188013 -1.073575 -7.521572 -3.023351 -6.683103 8.875962 9.067255 -0.211560 -2.020100 -5.548003 8.500505 -7.108211 8.912964 0.038558 -1.759743 -7.535910
6.450645 4.014489 6.351278 -7.490551 9.757154 -8.006205 2.730789 -4.178005 9.477855 9.129438 9.144458 -6.400449 -3.757474 3.218379 8.344962 -0.409328 8.224999 -8.682143 4.244588 -4.730782 -2.712922 7.509151 -3.481189 -0.358783 -0.170260 -7.847197 -6.903985 -3.851569 3.175758 -3.986984 1.301831 -0.732644 9.779762 -5.423863 -1.272802 7.520703 -0.293583 0.598998 -5.258927 0.660449 4.633262 -2.959915 2.365770 -0.465745 6.271843 6.851979 -9.038632 -5.338575 5.144562 -1.296370 3.100833 0.158126 -7.569121 -5.514641 -7.809702 -3.683613 3.361231 -4.070453 -7.862423 5.429397 1.071310 -4.342142 -5.106895 -8.292199 3.275861 8.636696 -1.515932 6.257207 3.174092 -7.288859 2.203755 0.198363 -7.393342 -7.816090 -6.004367 3.932990 3.099778 -9.474615 3.453368 5.736194 7.591628 1.767625 -7.458797 0.444403 8.817329 -5.920342 -9.174232 0.675697 -2.030407 -3.781162 -0.592712 6.014446 -6.274735 -3.400686 -7.261562 8.021005 -5.487302 -5.786732 -0.804640 -7.594668 3.987894 2.482993 -1.579587 -5.889580 8.686495 -0.881080 -4.475826 -7.870120 2.813960 8.777118 -7.513595 -8.509752 -1.513302 5.458875 7.685009 4.739020 -8.723615 -7.230590 2.009287 1.738314 2.637113 5.871169 2.225020 -7.743388 -3.022508 -1.993714 5.484333 -3.273731 9.551186 3.577543 5.191273 8.881212 -4.312783 1.924755 4.828661 -7.758733 2.119975 -5.502908 -2.230742 0.847973 0.642621 -0.371970 8.378252 -6.489041 -0.817143 -6.729071 -7.549321 9.588448 -5.870837 7.754506 7.835327 -7.057674 -6.489539 -0.240832 -5.480311 1.512104 7.512578 -5.023836 -8.829622 -1.990033 -4.988086 3.202277 3.234225 -1.179318 -9.668762 9.780216 4.298813 3.213600 -3.830483 5.626586 -6.333581 3.282443 9.783532 -9.506682 9.614711 5.780033 -1.089804 -2.939153 -7.964511 8.908427 -9.362991 1.431538 0.362073 -5.432134 5.079348 -5.467587 2.213894 -7.002580 -5.095368 -4.715477 -3.502560 1.764871 -9.635358 -6.862460 6.725746 -9.666838 -6.945939 -7.532580 1.598666 -2.427640
-1.846523 8.647704 9.963864 7.564270 6.361777 4.386338 5.486790 8.666002 4.264659 -3.647784 9.487113 4.568668 -4.373679 5.762221 4.934110 6.946452 -7.277715 -5.842019 -5.610884 5.722202 8.688008 5.679694 5.203568 6.302470 -8.882149 -7.421472 -4.510953 7.392751 -5.888992 -4.059037 -5.176673 2.360819 -7.308662 0.708057 -5.273069 2.547696 -1.219207 4.783354 8.099084 -5.156565 -3.860952 -7.702024 9.723744 3.114599 4.780567 5.063597 4.907155 -2.183090 -8.772518 4.595026 -7.409945 9.641538 9.246721 8.158214 3.892277 -4.224592 -7.298066 0.731760 0.025505 3.425110 4.723712 7.972052 5.588880 -9.115485 2.838879 -2.596766 -1.550019 -3.523005 2.662106 5.954145 -0.781921 -5.359056 -0.012432 3.550942 4.743404 -9.825489 -9.562414 -2.773713 -4.090180 1.860718 -8.701756 -9.357693 3.481169 -1.883129 9.069902 3.733636 -9.846481 -4.551927 2.651696 2.459818 -3.993890 9.167725 -1.005831 5.020286 -8.315681 -0.895252 1.823978 5.080252 -5.951653 -1.634668 -5.078086 4.544748 -5.765520 5.661016 -5.665110 1.547608 0.122785 -0.878563 5.335931 8.110903 4.281152 -1.226732 -3.388247 -1.992516 -4.805601 -2.954538 5.753307 3.501867 -3.632505 -1.131315 -5.968875 8.748228 9.859759 3.500360 -5.115511 -8.659228 6.767665 -0.641632 9.902145 9.085633 1.908445 2.869936 0.030626 0.002150 -6.121331 0.350856 -4.676991 -4.526263 2.271724 -8.267464 1.916219 -8.162438 5.526731 0.402451 -9.967672 5.884416 -9.595412 -2.608116 8.057667 7.768821 5.104110 -7.641448 2.396348 1.615845 -9.462428 3.292465 -0.400295 -2.545331 4.094162 0.230730 -2.802526 -3.628359 1.382129 1.412689 2.441708 -4.222053 2.751941 5.665084 -9.242355 -5.297968 5.774790 6.902577 8.023058 -3.505641 -5.387058 5.832534 6.212765 -0.603280 1.253978 7.130726 -7.779008 -6.416753 -7.956537 -2.290675 -8.683626 -2.230801 8.300739 -6.484081 0.592902 -8.215547 7.896612 3.409991 -4.077055 -3.673181 -1.023886 0.321968 2.937065 -4.205202 6.988797 -3.525425
-1.833150 5.819823 -1.826715 -5.253905 9.523564 8.833702 -1.150570 -1.409090 0.050980 0.466798 7.201253 3.424453 1.948546 9.803472 2.241702 -9.891123 8.197583 7.749564 2.517327 0.176072 -5.846717 2.421713 -9.564645 -2.781693 -6.436365 -9.179732 4.744686 -7.765195 5.109990 6.218591 6.569176 -3.596187 8.430652 3.926466 1.366043 -7.546226 0.280772 1.156280 6.042431 8.919735 9.317494 -6.293152 -6.060133 0.843315 -7.635260 -3.888848 -0.519868 6.840354 5.047747 -0.590815 -0.039286 -2.169741 -1.314331 -1.948945 -0.027350 2.273169 5.720507 1.504762 -0.011850 7.335894 -4.698152 8.477652 -0.623900 1.559543 -1.535162 7.223803 -2.591291 3.862404 -8.366123 -9.630947 -2.087064 2.747211 -4.128517 3.742212 -8.860135 -9.729116 7.784428 4.299600 -6.238102 8.252854 -6.301489 -5.952734 -3.692743 -1.112022 2.565500 -7.639605 -3.784957 5.540003 -3.902935 -3.203568 7.916394 8.254675 -9.217610 -5.909865 -0.264850 -0.766015 3.613075 -4.480721 2.949967 -6.277472 -3.978836 3.737742 8.356181 8.593682 1.632984 0.508378 5.674247 5.459074 -1.048150 -4.854979 1.980116 -5.621768 1.894339 0.098496 7.884780 -8.681631 -2.224325 2.397489 1.226720 -5.864357 3.949305 1.454108 -7.350237 2.152490 -5.942694 8.331118 6.453536 -4.037580 -6.315584 9.500951 -6.702931 7.358023 -6.936914 4.010478 -6.913683 -2.697610 7.521304 3.183737 -5.600120 -7.732179 8.658287 2.345524 -0.334968 -9.976583 1.049416 8.525402 4.782165 2.819713 3.582167 -2.292438 7.548883 -9.598171 6.306738 7.049675 -8.555269 1.807581 7.606417 -4.228242 -0.552025 -1.975744 -2.252222 1.140746 -4.058519 2.559181 -4.890754 6.438449 -9.180038 -5.362966 6.207983 -0.630907 0.567140 -1.819709 -4.137218 -4.448805 -8.576139 0.792076 9.049799 4.068071 -3.505097 3.475052 0.344182 -6.826265 6.528645 3.203583 -1.376853 0.896096 -9.674842 -3.719220 -7.084978 3.470503 -8.024635 0.895530 2.985714 -5.623975 -6.605542 -6.087520 -3.758437 6.637063 -1.993194 -8.991896
5.010007 -8.830807 -3.326652 -8.033750 -4.442817 -9.817078 -8.074342 -1.458226 -4.178816 -8.467155 7.588208 0.442486 0.180070 -2.587861 -8.149933 2.310834 -0.632829 -7.880950 9.722650 2.288881 8.954877 4.039507 -0.909126 -5.241672 8.839536 3.161325 0.994705 -0.512252 9.183389 5.724571 4.282874 9.655773 -8.277849 -9.477179 4.776999 2.647616 5.013728 -0.576744 -9.078386 -0.853826 6.644303 8.264758 -8.978266 9.561853 -3.591215 1.744302 -8.684384 2.276165 2.921048 -6.169702 -4.159176 7.236858 0.800210 3.729111 9.158853 5.376430 7.289462 5.747197 0.218385 -8.249042 8.260429 5.935188 -0.114967 -6.022968 0.124686 2.706705 0.824828 -8.315481 -3.211143 1.664231 -0.577929 4.116759 9.796883 -0.725702 9.742094 -9.767853 1.650318 -1.923668 -3.665908 -2.979983 2.659813 7.703818 0.944413 -1.228163 8.239638 -6.813952 -3.042008 2.922028 -8.221029 -9.004622 -0.009600 -7.554942 -4.864290 -9.045866 -9.196543 5.592825 -4.197434 3.960423 8.158172 -8.095872 -4.185588 5.781894 -4.127426 8.093113 -2.245785 6.104751 8.672007 -6.542304 -1.879727 0.901525 0.198831 -7.183394 9.433243 -7.145079 8.298930 2.225892 -0.833757 -4.568987 0.470090 -9.969806 -6.486195 3.769323 -9.669229 -2.909767 -4.714804 -8.778573 -9.950662 7.120645 -8.584041 1.621301 -7.408622 -5.605193 -7.819964 5.932187 -5.571073 2.580351 9.216359 -9.146939 4.722832 -4.890706 -2.730395 4.358077 -8.011692 7.044974 -2.853532 -6.971693 3.077561 -2.194361 8.792706 9.220895 -6.124264 -9.110875 -0.932644 -0.989788 -1.707346 -1.834343 -4.907828 7.742541 6.393082 9.457273 8.668627 5.513921 -6.799917 8.163055 3.916305 -1.460218 -3.849606 7.063581 -9.143146 2.262131 1.756370 -5.606117 6.700875 2.451183 -6.654034 8.480236 -2.200539 8.322292 -2.184259 -5.314145 -4.670918 0.735766 9.032006 5.762243 -3.687214 -7.016792 -2.541794 -0.470211 0.676880 0.596982 -0.610646 3.762839 -7.456285 -8.341064 -0.053921 0.891923 5.286836 8.312902 -6.464946 8.378036
-9.202622 -8.253296 -0.343932 5.657162 8.283740 -2.707445 7.936623 -6.660343 5.086808 -8.114356 -5.589955 3.021064 -3.190244 1.177209 -3.621891 4.122810 3.998918 -3.382971 -6.292573 -8.000458 -4.255512 2.571609 1.623554 5.160129 -8.553678 -9.122897 9.392122 9.044282 -3.755586 -3.818983 -0.244920 -6.510986 4.531988 4.695390 4.474095 -2.121171 3.065737 -2.306168 0.501765 7.392975 -4.843221 -3.418793 -8.239397 -2.965255 -8.583783 -0.297453 -3.074131 -3.264829 -2.844462 5.085269 -7.445852 -5.684450 2.981745 2.269489 -6.902695 -8.441882 0.302230 -5.757782 4.982010 -0.212080 -7.079272 4.113405 -0.320527 -9.432490 -2.959645 9.712036 -2.460615 -5.048276 8.354457 -3.585451 7.332106 -9.644470 8.144080 -2.069290 0.267563 1.897293 -9.273912 1.264352 4.640680 9.651067 1.901612 -2.927047 8.850594 -3.344772 -2.908896 0.490538 2.914108 7.033880 -2.826317 5.541488 -1.644337 8.435764 -0.538788 8.691075 -5.497803 -9.923496 -6.435524 7.434264 4.775758 9.296825 -1.747869 0.022700 0.552400 -5.249745 -6.003267 6.032773 3.824390 -4.894387 -0.256604 2.420645 -6.596429 -0.475537 -5.822276 -1.039256 7.792293 -9.954339 -4.998808 -9.295871 9.940511 -5.706530 -3.357119 4.823246 -8.384145 -3.700992 0.295949 -2.489090 -1.516227 -6.236095 -3.084354 -7.868124 1.400701 5.566507 9.230177 -7.196784 -7.006927 4.885302 0.855243 7.136464 5.885598 9.530058 -2.120368 4.044417 7.752526 0.877640 2.141634 0.133889 5.017695 -5.872644 7.404361 4.316218 4.861828 -4.387734 -3.632618 -5.787701 -4.792755 9.361101 -8.271016 0.497654 0.563405 -1.609638 0.613817 7.440481 -0.898070 -8.722286 -3.884114 6.140502 -2.524162 -6.777127 -7.621636 -1.225975 8.334614 -4.304955 -5.503525 4.901153 7.215307 1.770835 -3.189290 -9.532570 -5.394634 -9.893216 -8.983244 -1.063643 2.996142 -4.868575 0.890392 -6.163634 -9.446136 4.822150 8.528165 -1.668320 -7.284999 -8.248621 8.718852 0.286819 4.208830 5.386857 -9.644237 -5.323462 -1.002855 -5.904184
-8.247709 -7.894877 4.828152 9.561311 -9.508854 -0.529375 9.522177 8.558025 -0.355443 -7.922351 3.878879 4.290537 5.549537 -1.928332 -3.420164 -6.560671 4.449413 7.628186 -1.920874 9.828450 9.698087 5.860003 -0.714357 1.753439 -1.356779 -0.439156 0.203756 5.200734 8.552897 4.592009 4.462077 -1.816074 7.657899 -1.620998 0.312298 0.279694 -3.417741 9.290855 3.911058 -1.598639 9.177022 6.898153 0.460438 -3.883098 5.746695 9.509713 -3.938633 -2.763869 4.812417 -9.265628 -7.341665 -3.071204 6.544240 9.102444 7.351022 0.030965 -1.996955 -6.040610 -7.683204 6.470326 -4.201798 2.868292 -0.817073 -4.221181 4.890574 -0.735824 -0.646705 9.180491 -7.453205 8.931995 -0.612671 2.380236 6.755436 -3.762379 8.581299 3.233395 8.831345 -0.619677 -1.747723 -5.963942 -1.106050 8.775546 0.958641 -5.016135 -9.962813 -2.222492 0.704646 -5.532452 2.252632 -8.788949 8.703289 2.640619 -4.946582 2.995206 -5.500771 3.168521 8.150961 0.689328 6.830557 -6.688483 9.433685 9.364311 -2.350751 0.721454 2.993394 -5.019422 7.646561 -0.573076 -0.144406 3.374534 -8.998987 3.741650 4.310994 3.064847 6.683780 2.469686 2.750612 -3.558782 2.593683 -0.446916 -6.583366 -4.320259 -0.284572 -5.686923 8.968722 2.153507 5.166902 2.298088 -1.951244 4.746958 4.331534 0.899507 2.294503 -2.151419 -5.296786 -9.460633 9.449937 -7.694948 -0.175215 -4.840068 -1.165075 -0.803567 2.380943 7.151795 5.299869 -1.984023 3.103682 8.293878 -0.535464 -2.271307 8.560121 4.493043 1.017224 -5.249906 7.135332 4.499236 -3.523304 -5.812695 2.301959 -0.534447 -0.677150 -0.425608 3.214942 6.918789 -8.337766 -6.907481 -8.021450 -1.066253 0.644908 8.745801 8.855409 5.608569 -2.658078 3.456417 8.817525 4.914925 6.862073 7.274239 -3.262916 4.465846 4.547579 -4.980974 1.494861 -2.149539 -9.493795 7.209084 -6.635300 6.645806 1.866552 -2.862740 4.319617 2.615632 1.143979 -5.362396 -1.990693 -0.402089 -5.450391 -5.145779 1.453091 -0.190010
-0.746385 7.983360 -6.782448 -3.406328 6.582935 0.907963 -7.933951 -1.970095 8.861033 -3.691496 -1.478339 -1.253006 -4.298685 5.467188 -5.641830 5.835401 3.842200 7.324464 8.672108 6.293397 -9.471839 -2.408010 -0.054084 -7.844109 4.956430 -7.486397 8.773525 7.127292 5.361632 -0.697195 -6.858721 8.968802 -2.263798 7.689544 9.836003 -2.331353 -7.177395 2.263516 -6.830804 -0.646555 -2.770147 -3.551831 0.406652 -8.713022 -3.111180 -8.225824 6.650932 3.984646 6.427843 -9.846211 -9.926833 2.460672 -9.502584 2.736554 -1.729598 5.453532 -6.084471 -8.983405 -5.585970 4.774042 -4.951071 -4.379778 -7.677554 -7.618125 -9.824591 1.987419 0.737747 -2.858300 0.775795 0.662945 -5.872446 2.448160 3.863949 -4.460313 7.512666 -5.229353 8.219969 3.873692 -3.076245 4.637276 5.874306 3.443436 9.784417 -5.024325 -4.666215 7.030874 9.887700 3.153639 6.651173 9.458027 -6.171835 5.050828 -0.792824 -7.988844 6.107128 -5.459738 -8.641010 7.310221 8.908298 -7.700275 7.577885 7.450515 -4.157002 -9.342860 -9.378799 9.376547 -5.763123 -2.698330 8.201370 0.312424 -9.635687 -6.347644 1.245307 -3.717838 -4.756886 9.259756 5.997729 -5.853519 5.459787 1.556033 -7.222304 -4.304997 8.094793 -3.107796 4.879024 1.652914 7.261885 6.787210 -5.545618 -6.646555 4.407995 -2.086687 2.441846 5.836007 2.914989 0.749595 -7.482194 1.964366 8.980970 5.601246 -4.197529 0.748660 2.339661 9.928323 -0.356342 -9.126696 8.767821 8.670568 -5.904310 7.466984 -2.878962 -6.848774 4.735455 1.845534 9.442427 1.742518 7.830553 -7.748613 0.718257 -1.697359 -8.776349 7.249724 -0.391628 6.032737 -0.178677 -3.295791 -0.137976 8.615350 -6.943268 -2.231130 3.762878 9.908947 9.900412 -4.287789 -8.713073 -1.370219 8.360816 -0.361182 -6.911702 -2.866668 9.705965 9.470030 4.726989 0.977468 -0.604253 -3.685868 1.064348 6.807103 -4.123132 -0.370873 6.650267 -9.938050 -4.253779 1.217633 -1.781874 -7.603529 -9.319975 8.317240 -9.612631 1.705153
-9.484625 4.998062 -1.847767 -1.756554 6.594393 -1.742990 -4.427819 5.265264 -0.673138 -5.080507 -6.458769 -3.744385 -7.996265 -9.727734 6.948376 -4.612533 3.222161 9.019956 -2.822121 -4.474705 -1.036684 4.208123 -1.342862 -8.746385 4.544936 -2.136521 -7.914036 5.372333 0.924014 5.336544 3.806951 -7.372952 -9.280340 -6.334079 -1.996927 -1.868625 -5.044502 0.711767 0.134336 -2.909780 -8.380757 -2.104180 -1.264566 0.324777 0.547091 -7.367423 -5.547809 8.996384 -1.951829 3.159234 -1.637063 -0.586553 3.378483 2.636290 -5.800887 3.932021 3.504086 -6.127815 1.597876 -4.255966 7.285571 2.319037 0.699303 -6.090804 -0.078893 0.789915 -8.331978 -8.953423 4.942305 9.362928 2.506150 2.722987 -1.551497 -2.751251 3.311004 -2.506240 -9.343687 -9.954050 -5.257756 0.338842 -9.493807 -4.372672 3.596036 4.248408 -5.702261 -0.232525 -5.157308 0.836338 -2.689417 -5.515751 1.876801 -0.226530 -2.370457 -5.332056 -9.955549 0.903963 -6.113452 -2.938150 1.582472 -8.827483 -0.120785 -3.155794 5.684499 1.921828 2.955452 7.002648 1.644214 -8.317320 5.972816 -8.527124 6.455257 -2.069513 -2.551212 2.671354 -3.032566 0.212619 3.167087 5.949241 6.544563 8.086371 -9.143657 9.076572 1.638514 4.533750 -8.591370 -8.572982 7.972766 4.220565 -3.522193 9.849879 -5.087093 9.300916 -1.805873 1.859887 -5.566334 2.337439 -9.458176 4.600709 -2.821427 8.144508 8.139899 1.859367 -3.333557 -4.340824 -3.689792 -0.365546 -4.442441 9.530705 -2.223721 -6.191079 4.905115 -6.959401 2.631591 3.959451 -8.160558 6.865960 -2.059886 9.057292 8.314644 1.676316 1.859823 7.255629 6.038901 -4.508367 -2.520880 5.052437 -3.016463 -4.108054 9.841874 2.658155 4.844903 7.098620 2.046776 -4.230167 -0.361686 -8.729176 5.524030 -6.145866 9.913964 5.227377 -9.767642 -8.348351 9.825448 -1.804642 -5.568472 -5.791870 -3.402639 -3.176699 -2.109823 -1.902513 -7.996210 3.178918 8.133706 4.770416 8.461222 1.144457 8.267424 -6.674632 -1.911879 6.219242
-3.551807 4.251338 4.898541 1.737223 2.303125 -6.376085 2.622765 -4.839459 4.855020 -0.467236 8.132765 7.813194 -1.367984 6.915231 -5.424648 -2.346197 9.448147 -9.921658 -4.666943 0.775352 7.406913 1.841275 7.087901 -3.238625 8.404370 5.521561 -9.134250 -4.515136 -9.544501 2.868535 -7.038976 1.850676 -9.726449 1.199647 -4.454028 -9.830889 -3.155604 -4.920419 9.687091 5.512181 1.757921 7.534349 -3.571471 -9.965472 -7.506724 -7.125191 3.902530 -0.962701 3.139988 8.548179 -0.798441 -7.397637 -0.367782 2.799419 -8.904801 -9.342291 3.205670 1.707235 3.377033 -9.462877 -1.112783 -7.401874 7.866725 -4.909602 -8.000865 7.856923 7.909239 -0.996389 -4.705630 2.651145 1.210450 -8.399855 -5.350967 -4.990844 -4.410944 1.239046 -9.385713 -1.074969 -7.871436 -1.531932 7.099460 -4.887688 1.826054 5.731837 -8.189368 0.640821 -9.575089 -9.422938 -1.980188 -0.527278 2.711533 -3.177518 6.985763 0.287291 -0.028901 4.815197 2.869253 4.938486 -2.901731 -5.936064 -5.934310 -7.007736 4.441813 -1.988627 -0.642876 -0.257877 -0.013460 -7.713161 -2.055927 9.777685 -8.691924 -8.988079 -3.083720 7.151678 -0.658459 9.744077 9.471660 1.781682 -5.697381 -8.467742 0.982793 2.396395 0.113164 -3.161863 6.838840 -5.477669 4.632079 2.665462 4.988014 -8.220344 2.208682 -5.511570 -6.082740 -5.845730 8.973558 2.623253 -8.261271 -3.211401 1.005821 1.154800 1.905069 -1.808762 -3.708805 3.589431 -6.636500 -4.040005 -0.483921 3.843397 5.829288 -9.361687 -7.306588 -5.677012 -1.127716 8.507192 -5.982537 -0.394961 -8.902685 -2.399593 9.122986 -4.898483 -3.995816 -1.455359 -8.207507 9.767840 0.109019 2.792480 3.828422 6.449728 6.983023 5.255248 -1.643407 -3.876779 6.704356 1.233614 2.191649 2.114325 4.140312 4.525237 0.977943 -4.794402 -5.979348 2.417398 9.023224 -7.152720 -8.675989 2.756982 2.473567 -3.153605 7.977616 2.807618 2.005108 -3.774383 9.233876 6.848015 1.765006 -2.411886 3.083363 -5.432761 8.585683 -7.834532
8.897210 0.856700 4.601420 9.190927 9.903949 5.737102 -2.958863 -3.432383 3.404331 8.300031 9.807463 9.656682 2.324766 7.134474 0.642024 -3.451862 -4.642032 -6.547109 1.677929 -6.843748 9.102243 -4.475699 5.876360 1.163218 8.122591 2.094579 6.615191 5.691281 9.763121 -8.404640 9.696060 8.575554 -9.256528 -4.161063 4.845501 1.107446 -2.859995 4.303627 7.108179 -5.746192 -7.995442 -8.765138 8.112896 6.240647 3.401124 -8.824394 1.117518 -0.829817 -2.378031 -8.725415 7.601690 -0.569866 8.510239 5.655761 -4.918162 -2.363152 8.424017 7.634651 -3.837929 8.315392 8.929847 -0.827714 6.277775 -6.324681 3.580147 9.103856 1.922394 3.832788 9.611644 2.793810 -0.040580 -2.240422 -1.429878 8.846185 -3.748037 1.693111 8.819022 4.199144 6.943235 4.358061 -2.073483 4.272435 4.948769 0.044277 -5.407211 -9.812627 -2.399018 -1.425931 0.904295 5.417768 7.429494 -4.510328 0.775162 -3.600897 -7.613969 -1.279294 -1.387564 8.845629 -7.184436 7.913917 -1.476972 8.543151 -9.098756 9.583339 -7.523842 -0.006170 -5.394830 3.531075 3.065050 -7.119012 6.163024 8.898557 6.718607 1.903600 -5.226204 -2.768931 -8.891624 -9.407737 -9.627294 -2.445423 9.141972 -8.097189 0.612815 -3.405574 2.254887 5.520316 -6.308902 -3.850236 -0.259836 8.584048 -3.397241 -8.393207 9.471116 -1.367316 -8.473736 -9.576932 -0.220422 3.797032 -4.770201 -8.545826 0.460164 7.778480 -6.837640 7.753850 0.738658 4.637204 3.154541 2.984572 -9.747575 6.983612 7.028885 -0.552074 -1.209722 -0.905454 7.951957 4.762399 -9.459913 0.424063 -6.178540 6.685530 -6.416595 -9.131814 5.378774 4.872034 7.477910 6.169719 2.079264 3.573481 1.418490 -5.665760 4.798886 -3.212222 6.905885 0.116324 8.002148 2.956283 -0.329952 0.751582 8.950902 4.823324 3.924581 -5.391388 7.899922 -7.238460 7.882341 8.509253 -6.083862 -8.904577 3.446240 3.740136 0.033702 -8.834454 4.193645 3.421913 -8.509377 -6.504707 -9.938211 9.278051 -1.527313 -4.566568
0.471958 5.905444 1.372032 -1.227420 6.830842 -2.437217 4.298145 -4.091897 4.034735 -3.586392 7.404159 -8.587646 4.877076 5.656239 -5.588237 3.045503 3.246729 -8.628651 9.575982 4.707495 5.687245 9.091574 3.388326 -2.642036 -7.142859 -8.403630 -4.994732 -3.888103 8.452011 6.715406 4.440494 4.784174 -7.251761 -2.212892 4.416264 -2.105152 3.060566 -0.745413 7.650360 -6.180600 -1.861730 5.078678 5.890216 -2.099576 1.471055 -7.715032 3.759068 -6.305635 9.742961 -6.663027 -2.297641 2.564133 -0.036312 -2.935410 -9.669177 -1.635691 3.637119 -1.123161 0.528246 -9.636178 9.654146 7.307248 5.213381 1.308164 2.000981 -9.975162 -4.225945 2.267550 -0.981617 1.682273 2.744856 -2.397650 -4.320146 -6.856493 3.272274 7.033358 0.024274 -1.452818 5.693899 6.787576 4.270810 4.869994 6.407857 -2.010530 -4.342176 -5.845489 -8.590330 6.805347 -1.206524 0.347111 -1.888247 8.065809 1.888662 -0.405283 -6.046413 8.286404 7.263479 -2.073874 8.052985 -0.469135 6.669329 -6.905245 5.985179 6.893420 -0.444530 -4.237849 -4.863486 7.539307 2.305645 -6.295779 -1.665791 9.531484 -2.573738 9.616445 -2.324908 3.330652 8.424548 -3.000262 -1.624582 8.560952 8.750505 -1.909027 -6.275603 0.046316 -3.883220 -8.436085 5.805926 -0.542831 -9.538240 -5.180958 7.005569 -3.513282 1.539509 -2.155510 -8.461388 5.229959 -3.024683 -9.835696 7.758392 3.020400 1.543884 -2.961481 -5.805871 4.894596 -9.153623 0.530852 2.165820 7.913137 -0.061592 -4.144213 -1.325101 -8.078477 9.975506 9.884101 6.316878 8.277517 3.605651 6.222996 5.556197 -8.131860 1.736018 -0.905024 4.333987 1.227850 7.404986 5.156177 -8.853262 -3.414692 -1.575336 -7.450505 3.198957 -1.356568 2.662644 -6.100033 7.099311 5.721824 -6.419824 6.381234 -2.938007 0.950419 -9.515385 -3.626455 1.673898 6.632607 0.214928 8.118134 5.283142 5.355563 8.761691 -9.531411 8.436773 5.388012 -9.263587 -0.684050 -7.940508 -8.141624 9.427390 6.514847 -0.973305 -4.525273
-4.529393 2.138873 -0.280960 9.283260 -5.463343 -1.681005 -1.627396 0.131798 4.907190 4.953594 -3.960576 4.765898 -2.647529 -0.944528 2.105913 5.948120 -1.657726 0.194499 7.577049 -4.727947 9.470076 7.059638 1.299081 7.621409 -5.990523 -7.760045 -6.868931 -7.427648 0.299844 -5.175053 9.412491 -5.666558 -9.707639 -6.843467 7.760929 3.350455 3.026063 -8.328118 2.263901 8.209793 4.786594 8.366429 4.631027 -8.014925 -8.107687 4.392218 1.155443 5.090635 4.982173 -8.639262 -8.623372 -9.257358 -4.371479 9.996205 3.651842 -7.690996 -6.618218 2.244116 -2.030876 -3.697555 4.909606 3.619006 9.199344 2.685626 -3.848845 4.411234 -9.617422 -7.781128 -2.613768 -1.959206 0.551810 3.133876 6.658700 -9.696309 8.810980 6.027165 -9.697535 6.279248 6.908844 -4.897676 6.259496 3.677075 -9.941026 -8.106599 -7.550631 7.132963 -7.931546 4.401248 5.079498 9.143536 -6.169534 1.180917 -3.210916 0.980326 3.323388 5.376891 7.745506 -0.111164 1.236909 8.986874 3.421444 2.711937 -4.530865 -9.977456 -6.088445 7.256766 2.401969 4.694709 6.525910 -9.172531 2.284914 8.098061 -5.636125 1.453174 -3.912200 1.033770 -0.629792 -4.173883 -3.571248 -7.487474 -5.608405 4.639547 2.691076 -7.799040 -0.679084 -0.640392 1.352818 -4.004682 9.870438 6.861209 1.952710 4.880287 -7.019617 -3.064785 -4.250010 -1.983544 8.285353 6.702480 4.829883 -4.047408 8.397190 7.486099 1.144874 -5.208589 2.983383 -7.320423 -5.317319 3.368778 7.391229 -4.468148 2.077517 -8.612278 -1.322005 -7.322345 4.240288 6.964704 4.083944 2.177578 -0.259077 4.914900 -7.274952 4.564339 -0.665830 1.917948 1.250783 -4.644261 5.048538 4.533798 -4.518687 -1.165434 9.489602 6.742268 1.859906 -0.077768 -0.707007 1.617659 -2.296942 -1.593568 -0.085046 -9.701567 -4.960628 4.449842 -2.934090 -8.637504 0.926983 6.135993 -5.566091 9.671568 4.863763 -7.411796 2.115525 -6.647432 -9.301911 -4.849698 7.128113 4.153133 4.507531 -3.829876 3.759749 -2.581580
-4.406685 1.388596 4.170821 -3.301551 8.290635 4.349696 6.466291 -4.894620 -7.273550 8.927172 9.359944 4.136968 6.230952 -3.724081 8.109060 6.230987 -1.925573 6.273496 -8.048809 3.598723 -8.591010 -6.725096 -0.058604 -6.653410 5.020156 -1.094279 -8.347789 -9.178822 5.428238 -0.214602 -5.959030 1.124760 4.444727 1.830743 0.181282 3.185430 -6.669134 -4.806112 1.669115 1.436322 2.055592 9.366979 0.946753 7.778107 -5.029236 -3.207552 -8.467620 1.519932 -2.729016 -0.156850 -4.249269 -3.119675 5.008540 6.724891 -1.334681 7.838154 2.753083 -5.074973 8.234127 3.743875 7.766014 -3.894153 -2.380279 -1.194959 8.090605 7.732197 2.057428 2.000145 6.089174 -4.531250 -4.667331 9.188290 3.231539 -0.170286 3.091464 -0.800509 4.754982 -9.038806 1.742183 0.099368 -5.465633 -8.968939 9.548464 -6.437611 2.081599 2.844198 -4.009170 6.047540 -5.018453 -3.552535 -1.444200 6.728331 7.159137 -0.075621 -0.914725 8.290979 -4.834735 -1.966066 -7.255224 -3.985335 -1.734132 4.172945 -9.880623 -4.271328 -2.923343 -7.512969 -9.975737 5.630998 5.296611 -0.542901 -3.694490 -1.960270 5.240377 -1.488091 -6.761703 -1.237593 2.845382 6.013455 9.067832 7.820228 -5.246366 8.523418 9.124884 -1.363967 -4.373858 1.596618 -1.648487 3.422192 8.278587 -8.509520 6.561847 -4.481398 -1.730178 8.134662 -7.509350 7.195947 -8.395151 -8.604919 -0.972857 8.166008 -6.540068 9.534888 -1.421685 -7.058862 -7.099351 -6.661566 3.191397 -7.420879 2.534255 -7.467623 -5.891584 -0.155970 -8.805691 5.350297 -8.131204 -5.949190 1.465345 -8.570906 6.869948 6.221953 -3.396209 0.361387 -9.224919 5.163733 -5.515157 4.552413 1.992623 4.980078 2.139860 8.345233 3.935357 6.673246 2.862974 8.267909 -3.685591 -0.562870 7.537990 -6.433778 -6.746583 7.793766 6.819435 4.137897 7.002177 -9.224035 -4.261042 9.195756 1.806821 -8.132678 -8.594974 -2.714634 -3.638308 5.023291 -9.550793 2.477710 -4.482978 7.332096 0.543365 -6.334471 -3.275178 6.288896
-4.061486 7.114402 -2.611449 5.964820 -0.594376 -4.412961 8.887053 -7.518769 -5.612076 1.783031 6.018637 -7.473651 6.931237 7.712212 -5.746646 0.828133 -4.982462 -7.390413 -0.264383 -1.805579 6.365966 8.255893 9.258029 -4.665898 2.695333 4.314452 8.613780 5.340767 0.018484 3.625145 3.545279 -1.143452 -1.469077 1.952170 6.156750 -1.938462 -0.541329 -6.908844 2.558791 5.559742 2.190538 -8.391260 9.802121 1.133838 -2.276738 0.409834 -4.268548 3.129764 -7.827281 8.087245 -3.446315 0.949475 -8.092311 -1.678139 0.479832 9.755539 -6.700396 8.959221 -2.372358 -3.994482 -2.180677 -5.275871 1.150009 4.850202 3.497653 2.965495 7.278458 -5.989923 -1.949519 -2.179943 1.772904 6.109751 -8.938794 0.120375 0.778463 -2.394694 9.628491 2.562192 4.514500 -6.890860 9.320963 6.755635 -2.983955 -6.536374 1.695453 -8.885817 -0.184872 6.622252 -5.526965 -3.753327 5.647471 -3.035749 6.326848 4.924490 7.181025 5.884294 5.897945 2.613924 2.240170 7.969720 5.054931 0.821224 -8.201057 -1.657855 4.101684 8.899950 -9.583169 0.243436 -6.444277 -7.756183 1.932518 1.302632 -8.107015 9.625272 4.900364 1.463190 8.834615 -8.771752 6.601829 -3.775251 7.001825 7.288076 5.919727 -5.351307 9.578864 3.327394 2.065879 -4.803770 3.475540 -0.609306 -4.799566 -3.997559 -8.755885 2.829516 4.156885 1.262189 -2.950096 1.457411 -8.381919 -1.079272 -9.956366 -3.721619 9.178055 -1.304888 -5.871979 -0.679516 -8.093843 1.023736 -7.657691 1.445318 -6.289257 -0.142555 -3.101512 3.817723 -4.354908 3.080349 5.699475 -5.948603 -8.268453 -4.575277 -8.038908 -2.087043 0.464216 -9.849036 7.685209 -5.765491 2.467174 8.806522 -6.223877 7.288803 -2.788776 8.824427 3.200110 0.938552 -1.400220 1.514457 -7.250731 -0.590984 2.008326 5.303434 -4.583251 9.112164 -1.460018 -5.403302 2.819411 -0.112721 -8.518910 0.151161 -4.035354 -1.394584 -1.126682 5.003263 5.652954 -2.001568 -7.692890 7.341875 4.691211 1.620543 -9.771467 -3.519005
2.533747 -3.094575 -7.527757 2.240994 -4.140173 7.366386 0.932817 -1.505179 -9.085767 0.803465 2.414043 -4.603667 0.795717 -2.995653 3.878912 -2.104129 -1.868572 -3.589912 0.198648 -9.908975 -7.747074 0.991639 -7.059698 -6.864314 -9.126424 -9.056100 9.800306 -7.128021 8.158968 2.190072 1.604219 1.477073 9.266612 4.316685 0.160721 -7.936860 -7.757134 9.128479 8.093444 3.616630 4.502306 0.375671 -1.281569 0.538847 -3.908691 -8.298618 9.015019 -4.144876 0.329368 -7.433569 0.733870 -6.120445 -1.941869 -8.276600 0.933955 7.557912 -8.763027 4.800553 2.321911 -4.175939 -6.790264 4.809332 6.723486 -5.116726 -6.949901 1.764486 -2.539387 -1.962994 -9.907661 -9.930269 8.449523 -1.092709 -4.866278 3.087019 8.596816 -2.851274 1.327794 8.124149 5.036213 8.631203 -9.050001 -8.508563 3.696396 -4.146796 2.149032 -6.933801 -0.725411 -6.874065 -6.223335 -0.547148 5.392162 2.363591 -6.264425 0.154284 -9.383123 7.559113 -4.736532 -7.716373 5.846817 4.907288 8.097252 1.301797 6.460843 6.819752 1.221930 -3.236619 2.852922 4.927287 -6.785307 -8.006354 -0.398472 -1.166642 -3.336561 -7.560947 8.690310 9.256241 -0.149836 4.673740 -0.533522 0.180283 -6.468798 8.516347 -6.834018 0.735160 3.726456 0.114170 -5.913626 -4.656199 4.263027 0.652033 -8.838886 0.608726 -4.393389 -5.292866 7.329188 9.762798 7.459796 -3.076406 -3.670707 -2.538935 2.391987 0.324224 -7.224460 -1.042890 1.156438 -2.780566 1.735427 -5.977385 5.866234 -4.233922 5.202532 5.220187 9.509238 6.839457 5.106822 -4.080412 9.182376 7.305469 -6.136983 6.988689 8.756772 2.290392 1.177792 0.585441 -6.592937 6.020492 0.281849 -0.937543 -7.676877 -0.896126 -0.382959 2.159420 9.092975 0.646080 7.124489 -5.687600 -7.426396 7.576777 -8.536721 1.051819 0.656482 4.261312 9.759135 8.294462 0.643351 1.085360 8.238949 -1.979448 2.666472 1.097015 3.944863 -4.835814 -4.948989 6.135435 1.897885 4.652487 -5.868664 1.041578 -5.684149 4.623373
1.565475 -1.639065 6.741234 2.005445 5.644187 1.279939 -8.688110 2.102518 3.697858 -9.880714 1.049498 -5.943852 -4.921606 5.872290 5.854240 -7.999964 -5.447607 -7.645474 2.463949 -2.846928 9.761274 -2.520277 -7.688486 -3.807952 2.016422 -3.320706 -5.331124 -6.461236 0.392632 -1.212390 8.149352 -4.358543 -0.336320 0.194474 9.443947 3.881233 1.481704 1.819354 0.194669 -7.235242 -9.282638 -5.423062 -9.606261 -7.272282 7.455883 -7.191164 2.955229 -7.640876 6.638693 -4.260594 -2.191773 3.054188 1.685180 -6.832780 8.706248 -8.900457 6.875555 1.015005 -7.111685 -7.457039 -3.976633 -6.034208 8.400253 4.927414 9.357001 -1.874261 1.997451 -3.985043 0.009782 -1.478799 1.797498 7.591581 5.948331 8.149798 3.908605 8.081348 -0.968569 4.104569 0.977926 -5.163672 9.571036 5.744049 -2.520063 -5.930494 -2.591132 7.054412 -3.676903 -2.181655 -8.544788 -4.648423 -0.486660 7.001252 -4.533758 3.050627 7.581659 9.158672 -7.642536 -1.139266 4.571426 -0.166637 -0.992583 0.097551 -0.087721 4.307079 -8.733937 -1.263322 5.495143 7.817828 -6.177059 -4.941306 -6.782543 -6.750444 -1.816004 -3.161674 -8.598547 -4.186495 7.917599 5.156245 1.235794 -9.587766 1.034460 -8.983474 -7.628049 -9.528596 -7.305193 6.506681 -0.148484 -2.923574 -6.860296 -5.271859 4.732015 -2.761220 -9.509896 7.261050 0.775941 0.928631 8.899858 5.335734 5.608578 9.335434 -3.589338 -6.697354 8.522040 -7.159972 -0.096916 8.386429 -9.484087 -1.718935 6.896575 6.829195 1.612042 -1.667417 -2.405194 -5.482075 -5.895045 1.004611 -8.864511 9.676774 8.996598 7.941791 6.372644 -7.337353 6.316952 -0.454401 -9.376674 -4.985115 3.230556 -4.049979 2.366375 -1.825245 0.781971 6.361154 7.551294 -3.696965 4.014547 -0.303444 -7.817538 3.844780 -5.806938 -9.203694 -9.113683 -3.233669 -8.885801 1.272890 6.443364 -6.825878 -0.168351 -9.368550 -2.936698 -6.514354 -1.398008 -9.381736 0.578165 -2.950627 -1.106645 -7.268533 -2.316505 9.153483 -5.729938 -4.798135
-1.391601 -0.813258 -3.838908 7.218824 -1.517123 0.505386 8.780711 -2.454810 8.136832 -3.013182 -0.707289 1.542999 8.624408 -7.568454 -4.998966 8.969680 3.970273 -6.918524 6.028158 -9.231425 1.757889 7.452337 -4.952943 7.398521 -2.686028 -7.217064 -2.851323 1.529453 4.581551 -4.893847 6.124385 -5.095454 -0.845004 -6.348910 0.430100 3.078988 0.785190 -6.820800 7.417058 0.972785 8.482457 -4.270652 0.981251 4.341372 0.640421 5.598117 5.742708 -2.808226 1.108326 -3.797694 -6.863115 -0.105975 2.476251 -5.907140 -3.475767 4.738172 4.178898 4.709474 1.424671 4.457553 -5.607860 8.160338 9.577673 -3.814037 -8.238558 -0.306654 0.874534 -6.262421 2.861478 2.550869 -3.064800 5.830315 -4.752005 4.825798 1.977775 -6.192397 7.988064 8.085183 1.741657 7.973478 7.568818 0.096201 -5.335450 8.753697 -8.674763 6.925228 0.185235 8.702614 -6.472135 0.614682 -1.571784 -8.408781 -2.265282 -4.428750 -5.957009 2.274405 2.281701 -2.163460 7.355883 9.771983 3.275280 -8.786971 -1.142344 5.283483 -7.533021 5.733002 -2.609627 -5.028886 3.334729 -7.860472 -7.384920 5.656988 2.130192 7.204766 8.083607 4.655433 -7.347729 8.324911 -5.345768 -0.516258 2.860957 7.920826 8.494101 9.506494 -4.223196 -4.896805 1.975784 -2.220139 -8.570150 -4.602139 -5.000415 3.789863 -2.794758 4.178687 7.837794 6.236745 -7.063258 2.087829 -3.780813 -9.646729 -9.801204 -3.206290 -1.873179 -8.806413 3.853415 -6.210590 -4.404390 0.602150 2.971584 -9.056331 8.221848 -5.468751 9.589922 0.527704 -9.976961 3.708642 -3.651039 8.056432 0.360427 -5.471426 -0.227488 -1.964816 3.357506 -7.726811 -8.190100 -1.628139 9.722152 -0.634986 5.839596 4.066089 2.926939 4.933258 -2.823835 -1.273187 -2.141708 2.876054 -0.694987 5.452315 -2.137955 -6.335483 3.944254 -8.359319 -2.479207 -5.154392 -3.776026 7.806938 -1.653006 4.311474 1.892300 -9.906838 9.339507 -3.248857 1.325471 7.088104 7.656893 2.534157 -6.513106 -5.049888 6.411010 4.245655
8.359679 6.089095 3.668311 7.905392 -6.191013 -9.376927 9.196056 1.147240 7.360061 2.781814 7.697084 -9.555505 4.270890 -7.434612 -7.213555 -5.882145 8.876871 1.900055 1.978653 -3.846380 -2.646807 2.625195 -5.513273 -1.933151 -5.643317 -2.488185 -2.839450 -9.422972 -5.645436 6.477418 3.639789 -4.872722 -6.483499 8.888982 7.412816 7.880738 -6.258611 5.605971 6.347076 5.385725 4.765300 -1.159889 9.839971 -1.266177 3.768111 3.571663 7.506820 5.727682 9.108554 -6.309738 -5.233165 3.895578 -5.649176 0.543292 4.711833 -9.358942 1.129944 -8.527472 5.763339 -6.289267 -5.911488 -8.420683 1.115275 -6.198312 -7.351062 4.992003 4.548912 -3.830658 9.221205 3.159257 -1.707264 9.616579 -5.444735 -2.305686 -5.531701 9.721745 9.902893 2.197366 -2.961649 8.929178 2.416088 1.651819 -3.921673 -8.868263 6.557197 -2.227615 -2.487074 6.918857 7.175285 -4.269837 -6.186672 9.676704 -3.553162 5.880734 8.891816 2.758618 -5.340601 -4.472032 5.891247 5.944427 -7.680414 -5.550729 3.745673 6.047868 -1.405217 8.644734 -8.466301 -0.511544 5.682806 -1.521408 4.845297 5.371231 1.159000 -6.659740 -2.043819 -2.049514 -9.609489 -1.699129 2.699081 2.590226 8.268391 5.404768 -1.723865 3.017240 -2.851751 -9.680631 4.628263 -9.227181 -2.919902 -2.266538 -2.493073 -8.092981 1.078962 5.625599 6.680515 -5.753731 -4.710826 -2.056263 4.712291 -0.072085 9.856482 -9.480965 8.838820 -6.633460 -7.982420 -9.650764 9.167875 -5.731879 -4.801090 6.620522 8.756364 8.597576 8.468744 5.272696 -8.214890 3.280645 9.209445 7.667481 -4.138082 3.811959 -0.116093 -5.594408 -7.540992 0.764761 -4.399689 -6.784851 2.975561 -7.166240 2.462134 9.924835 7.105130 1.992378 -4.356005 -8.005827 6.984209 3.742505 -5.345047 -5.518813 -0.353554 -0.247707 6.631037 -0.997249 -4.035574 -4.136119 7.472467 -8.129604 2.065980 -6.945343 4.788044 -0.333195 -0.582287 -3.100527 -6.488785 7.927342 3.303243 0.067533 -6.524433 2.063546 -7.864114 6.705523
-1.425192 -9.227162 -8.333279 -6.153267 -9.218344 -7.357715 -3.132259 1.519015 -1.701201 -5.370344 5.994517 1.919955 -2.756867 -9.612314 8.039486 -4.026698 8.175005 0.521944 1.076835 -2.402010 -3.258927 5.928285 8.488176 9.394849 4.893018 3.946148 1.491895 7.226981 -6.838824 6.631989 0.585500 5.761936 2.829102 1.845416 -6.380264 -3.017663 7.434503 -1.787211 -4.700264 -6.885690 -0.852344 -7.195302 -2.818849 8.728346 3.770732 7.330974 1.756988 -9.793204 -3.112746 6.977942 4.876173 7.202569 9.375635 -4.488490 8.949993 -7.221701 -0.916665 -3.480300 -4.483932 1.925777 -7.255036 -6.844705 6.436075 1.258494 2.132498 -0.535587 9.819083 0.342911 -6.435174 1.872067 -4.038580 -3.408802 -6.318386 7.011253 9.787324 -6.821395 0.233518 4.917037 5.684021 -1.503158 7.691704 2.192958 -9.945765 4.399882 7.650304 1.391113 -9.876467 3.602452 -3.268110 -1.402073 9.268739 0.608516 3.059037 3.087822 -6.608741 1.407411 -9.720417 -4.810773 -4.972650 -6.777758 0.413335 -4.822860 5.879463 -3.829825 -8.062149 -4.429598 8.905141 -9.493282 -1.397783 4.788569 -0.832776 -1.396961 -1.728401 -1.915804 5.627232 -8.357956 -0.358121 8.411952 -4.512858 7.667075 8.385320 0.984680 3.332531 -4.673276 3.554318 -4.996359 -9.534128 7.213982 3.499050 -3.151568 4.271682 -1.291537 8.092348 -1.057109 -3.342736 8.539857 8.344156 -8.100767 -1.721804 7.788105 1.306487 5.801005 4.919498 7.587556 -8.284397 0.527889 -9.608497 7.470710 -8.482151 -9.357683 0.823956 -8.439794 -1.533271 -7.789418 -9.283429 -6.084538 2.367081 -6.144935 -7.112239 8.335963 7.248903 -9.297607 6.455617 -9.148788 3.885169 9.593024 -3.884625 -8.375439 3.701719 7.420877 -7.632004 2.875572 5.646254 5.536669 0.705863 3.065653 -7.255444 2.499858 -1.984603 5.253758 -9.645902 -4.987871 -3.606103 8.501557 8.311660 -8.113375 -6.347581 4.522865 5.340874 5.241366 -3.460911 5.672650 2.486209 -2.604984 3.512584 5.315390 -2.441954 7.593665 2.884871 -1.226278
-0.914494 -8.832535 -4.642924 -3.170078 3.608845 4.160167 4.930876 3.718408 6.679727 3.940510 -6.591012 -6.944218 -0.780305 0.406448 8.757891 8.013772 -3.169869 -2.272795 9.466041 2.161614 -4.035113 -1.855930 6.685813 -5.054269 -3.001181 3.171017 7.239869 -6.341827 4.296288 0.817047 2.087873 8.300637 -5.201279 7.053997 7.818334 -7.276135 9.304249 -5.945853 6.314693 1.833045 -0.559678 -8.809061 -6.809829 -6.431596 -8.958105 -6.432877 4.184240 1.201113 2.637124 -7.957194 -5.782763 2.865078 -5.032661 9.482553 8.677175 -3.837395 9.407501 -1.985866 -1.236337 9.100739 0.479179 -5.854973 -9.706011 -3.916223 -8.010921 8.166733 5.209099 4.775794 -0.071996 -0.458740 -3.328892 6.690934 5.373919 -6.103514 -2.143006 1.107873 -5.862363 -4.184960 -5.174861 -1.536275 -9.506825 7.008085 -0.824346 -2.634722 -5.587406 2.010161 -3.091876 -5.461562 4.487980 1.099719 0.522030 -0.790943 8.830787 5.573636 4.298807 -1.295003 0.375975 -6.298201 -3.564382 -3.339872 5.999611 5.707046 9.310938 -8.956925 7.539421 1.377902 -2.448206 -7.691065 7.223147 -8.548320 -9.945591 -8.825103 -9.921322 -0.529896 7.360868 2.615630 3.725333 -2.801839 -8.238945 4.677399 9.323604 4.234139 3.158939 -6.684064 -8.726207 4.329484 0.470865 9.939815 2.862928 -6.317056 5.093386 -1.817704 -6.113062 9.132479 -9.728814 -6.818787 3.217622 3.398014 2.673547 -3.425634 -5.607437 7.608153 -1.755401 -2.497743 -9.616760 2.378837 5.911269 4.500001 6.624850 4.453287 0.308202 4.732363 -9.260225 -6.991197 -6.551419 9.668394 -7.712167 -2.778934 -3.038015 5.913163 -8.158307 -9.302504 5.664303 8.757763 -6.143843 -5.396247 -2.084534 1.645024 1.594071 1.868898 3.769119 -9.820182 4.557364 -5.184794 3.532166 9.796691 1.171201 2.189682 3.630630 8.622026 -3.241681 1.726831 -3.407070 -0.110040 -4.194275 0.630223 -9.863114 6.470120 -3.665390 -8.723582 9.800934 -2.905952 -7.085283 1.013215 2.231352 -4.729838 4.322556 -1.437402 -8.828014 -0.719226
1.955967 9.928659 1.856062 -0.224185 2.469054 -3.907832 -2.280281 -8.725673 4.394808 -9.449890 6.840899 9.532277 5.493213 9.820782 3.225276 0.261433 6.373748 -8.946195 8.285702 6.813888 -0.442557 9.261820 -6.695403 -8.699020 -1.105061 1.484033 -4.138522 9.848411 -0.659422 9.401731 -4.821624 0.839286 -6.106745 8.490832 -0.777243 -1.016395 -4.199681 6.015427 9.470606 7.573552 -9.189230 -5.949624 -4.417747 7.961190 1.064755 -9.190319 -8.117671 -6.916867 -9.129408 0.319558 9.584705 -0.714215 6.083779 -7.476192 3.050681 -4.024778 -7.275491 0.344647 -4.925118 5.800599 3.344176 -3.731255 -4.873443 1.552891 4.805300 -3.180351 -5.119673 4.952740 6.443018 4.992270 1.754536 9.295158 0.501798 4.214176 -1.747745 -4.178692 9.387129 -1.446020 -5.509783 -7.331379 6.441789 -8.955924 -0.108453 -3.640382 -6.762958 1.089055 -2.930405 5.947327 -9.619811 -9.254405 -5.130338 8.924774 7.173310 -3.224817 -3.484624 4.127983 -3.356031 6.473074 9.466107 4.736466 -5.293252 6.306061 -6.371258 -7.219959 -5.860125 6.287063 7.361093 0.920033 3.042746 5.576927 -6.385657 9.497510 -9.734969 6.536719 -0.476936 1.683615 -1.176801 5.667571 6.607973 -8.081372 1.105772 -4.940725 -0.793952 -6.447639 5.877908 3.123133 9.992367 6.310817 -2.136101 -2.037796 4.503767 0.923822 -7.828429 8.883705 -3.836141 5.925977 -8.119941 6.971770 -6.282888 -4.657291 3.525408 0.473667 -3.383825 -6.681082 2.741279 5.350604 6.076521 7.051086 3.636662 -5.403691 -7.417633 -2.479203 -7.703257 -1.976574 0.493157 -3.799908 -9.961350 -4.424260 4.022018 -0.187571 -9.127281 -6.236387 4.099773 5.423180 -3.750058 -9.439683 -3.855068 8.172737 -4.946564 -4.608537 -9.954131 4.501055 -0.976320 -2.418213 -7.181390 4.778156 -6.875727 6.124630 6.422125 -5.756478 -7.406972 5.330564 1.893151 -2.960073 3.278536 5.107736 9.646205 1.421015 3.727995 -3.434326 -0.770588 3.525772 8.076947 3.222740 4.092946 -0.413182 -2.648129 -1.232613 0.457715 8.547829
3.503170 -2.615860 -2.931706 -9.282055 5.264932 -3.917113 4.715690 0.364831 5.397593 -7.764273 -0.582948 -0.853449 4.485864 0.435032 8.981032 3.423529 -5.777634 4.427074 -4.257476 8.213938 1.300494 6.956574 -6.501799 -1.681375 -0.818516 -4.166116 -6.162935 -2.091465 3.043803 -3.078499 -1.638624 6.591714 1.195496 -7.533790 -1.625170 4.864548 -4.239569 3.058846 -9.698511 5.701621 8.325557 2.474345 -4.181819 4.119933 -3.019670 9.152686 -9.578438 -3.246682 2.772154 5.753434 -8.178768 -7.833299 8.303762 7.665006 1.068949 -7.289507 -7.719603 -6.561347 4.258062 -9.196806 -3.456092 4.510381 -9.033582 -5.595329 -9.846286 0.451618 0.344719 -5.797334 -1.255021 3.023562 0.131696 -4.826784 1.826655 -1.233660 -7.976376 8.087917 0.028906 9.579519 5.631155 -5.901447 9.460314 -4.653664 3.917976 7.448264 4.863379 -8.818214 -3.791137 -8.991704 -6.246309 7.008628 -3.172054 6.778658 -5.063328 2.570155 1.434291 -8.697591 1.114863 8.871779 1.527247 -9.946986 0.353257 -2.211710 -4.219711 -0.644424 7.892883 9.735261 0.379520 -4.558134 -3.358644 -1.088874 0.765216 8.969992 7.296576 7.474788 -8.775872 4.833154 -9.928835 -2.013724 -0.832216 -6.713826 1.542290 3.746039 1.496353 9.249605 7.596963 -4.168054 -1.649761 8.078845 -1.480601 4.303896 -4.659003 -3.169729 3.210975 -1.118101 6.847558 -7.755042 2.993538 7.287681 1.999085 3.185313 7.672304 -3.265176 0.986876 0.961661 -7.635142 -0.091359 -6.835707 9.162853 7.412089 8.438930 7.969125 -7.771405 -0.056404 9.849294 4.100854 -2.188985 -9.864955 -1.513457 -4.156717 -7.427789 6.084602 2.943171 -3.893778 7.068839 -9.490949 -9.457799 -4.552226 -8.125582 5.259007 -3.386533 -3.433791 -6.056264 8.343644 2.012405 0.928960 6.210770 -6.219980 2.814192 -7.555413 -2.516277 -3.163385 -9.293168 -0.224177 -8.125009 -6.686187 -8.528043 -6.370618 -4.607208 -6.392888 -9.463425 6.554623 9.040622 6.514749 -5.676077 -5.803409 4.743822 9.472409 -7.423784 0.132798 4.254358
-5.013225 3.888632 1.174917 -4.313962 6.904855 -4.206758 -7.706139 5.393686 7.367158 -1.963642 -0.221997 1.563237 3.090575 3.250023 -0.893307 -1.850544 1.634640 4.475023 5.347529 7.606431 -2.055792 -3.225499 9.785252 3.207143 -0.096493 5.564047 3.672504 -9.378702 -5.393044 9.146597 -2.663320 9.399489 0.656695 -8.226600 3.518509 -8.559669 1.390866 -5.807669 -5.847288 -7.218679 7.079894 -2.549680 6.054588 8.161263 4.063331 -5.753386 6.360472 -3.403788 1.865590 2.711541 5.114674 1.888736 3.120654 -9.098212 6.634654 0.020870 -1.253435 -9.587976 -4.134780 0.501153 0.007636 -5.500228 -2.556644 8.519873 2.206878 5.000521 -4.019314 -7.776612 6.128038 -5.419563 9.456944 6.173270 -1.079538 -5.996988 -8.002519 -1.179562 7.163099 -8.409240 2.127168 -8.580141 -3.443381 -5.570989 -3.896735 -8.240359 7.765647 -7.490018 9.068700 7.687930 -2.259570 -3.268475 4.163218 -4.842091 5.784141 -4.037134 -5.937441 6.143561 -0.236060 -6.863325 -8.990458 -8.574915 2.160522 -0.411375 5.624327 -9.935582 -7.048692 -9.923177 6.490447 -8.381965 6.290153 5.247957 -6.755007 -9.625797 1.347239 7.600628 6.338126 1.743352 -9.868918 9.779104 1.963311 3.436189 -9.619563 1.726437 -2.224419 1.725857 -1.931137 -2.781811 6.846899 -8.013253 6.353184 -4.178163 -1.280230 -8.334961 3.019401 -1.367125 9.782611 -7.638524 8.341353 -7.681043 -6.979584 7.893052 -0.320899 0.696531 -7.665143 9.692367 -2.223535 8.878732 7.111641 -0.027846 3.302605 -2.569508 1.046807 1.073606 -1.271046 -7.996823 -7.258880 8.219778 1.563902 1.964692 -7.219318 5.409504 -2.843514 -3.685970 6.340343 5.709626 8.422951 -3.429717 4.948864 -8.715054 5.493206 -5.405903 -9.045030 -9.284852 -5.467206 -0.506915 2.652228 0.975323 6.892001 -7.377592 0.225402 -6.766412 -6.931634 -2.643093 -2.199479 -6.994052 2.070515 2.180331 2.042382 0.740717 8.525646 6.573254 5.924371 -8.118034 1.520723 7.502672 -3.884864 7.020354 -8.892269 -6.276489 2.089258 9.332286
2.673542 8.521174 -0.622495 1.643326 -1.577016 -6.674863 6.523539 -5.651500 -4.166654 -6.571712 6.172671 -5.133380 5.308466 -6.873955 4.594903 -1.301300 -8.422093 -7.727970 -9.496555 -5.124299 2.999382 2.889335 6.162584 -7.409870 -6.849900 -8.925121 7.418411 -0.245819 -4.221029 -4.073363 1.879504 -5.769572 -5.744265 8.040923 7.276561 0.931841 4.643897 -3.192916 -2.522058 -9.184304 9.869523 -4.997441 -3.770664 5.497000 1.303430 -9.073302 -5.602123 8.733467 -4.534881 1.647561 3.920425 -0.352976 -6.044521 -1.965680 -0.438354 -2.653009 -9.491334 -5.884016 -8.330438 -3.516470 3.509962 0.750701 -3.721109 -1.361306 8.992563 -1.869614 -0.718735 4.391415 3.837977 -8.377504 -2.159863 -0.659977 1.744599 -5.181029 1.176134 4.025383 -5.344529 0.228437 6.314680 6.206128 -7.645346 9.497795 3.385299 8.769003 1.830564 -9.848856 -1.407347 8.542662 -0.335178 -2.144379 8.900596 -1.440192 0.190971 -3.341587 -7.491272 5.778367 -8.688910 5.838992 0.910114 1.376507 9.066163 -4.924567 -1.895250 -5.964062 -5.664500 -0.705082 1.190011 8.518000 -7.301172 -6.661268 2.097712 -7.046699 6.547500 -1.099918 0.762916 -3.557534 -1.439612 -7.154895 -9.561146 -1.175955 -0.316045 -8.083082 -7.904639 -7.483013 3.301926 6.703900 0.039513 5.169518 8.651392 0.312157 8.925181 -4.071715 2.751491 6.515722 -1.819939 -8.728409 -9.391294 -4.380341 -6.102670 6.632185 9.346746 -9.850870 -1.482127 -6.459786 2.606715 -4.918480 0.369388 -9.603656 1.660542 -7.987229 1.512325 6.559265 8.779911 6.055024 -0.942037 -3.390578 -1.216850 -7.030529 -8.491239 9.151085 -8.983944 -9.582033 -4.308408 7.729167 -9.137027 -7.468443 -9.343239 5.226507 8.973469 -9.463371 3.371250 -7.597097 -1.385291 4.143984 -6.110590 -6.886012 -1.166009 -8.242903 -6.758855 9.026054 8.574467 0.139301 8.704929 8.139845 -1.130455 -1.921471 3.197519 -6.713041 -1.638403 4.248849 -1.076393 -2.813571 1.451366 1.247478 9.259794 8.699224 9.734826 -4.455283 -6.950716 9.616497
7.083283 -1.411676 -8.509513 -2.346456 6.018885 -9.957387 -0.506208 -5.869697 4.875842 0.118160 -5.603347 8.000113 3.557900 1.005264 8.498956 1.700715 1.047029 -8.245021 5.504059 -6.307654 -5.143185 9.991161 -9.787202 -6.517535 -5.428256 9.181372 -2.822083 0.527112 7.568419 9.500742 -2.264026 -0.727657 1.766047 -5.620344 -5.909371 5.518677 3.196136 -9.471459 -7.933302 4.018167 9.122758 -9.133250 9.444606 8.788928 -7.881656 -9.014880 -1.120397 -0.622942 -0.612214 8.750548 -7.790535 -0.279363 6.123817 1.676354 -7.744696 6.857419 9.103265 -9.724773 -0.407023 7.633285 9.109698 4.177010 9.777971 4.526319 -9.667563 3.502978 7.938609 -8.671023 -2.060588 6.329783 2.968373 2.073048 -8.047972 -2.444896 1.355800 6.400928 -0.121088 -3.286299 -5.524835 -6.951352 5.166271 -4.937593 8.178341 -2.332064 0.613344 7.938268 0.719837 -7.211155 8.600635 -5.693717 2.033360 -2.972535 8.896475 -6.807651 -8.182369 5.343439 8.214899 6.423333 3.675775 4.296667 -6.458410 -1.294848 -3.605173 -3.537903 0.294457 3.599446 -8.677878 -4.628161 5.371366 -5.927333 1.424675 6.010324 2.589205 -3.659949 -5.293757 0.862754 -3.262026 2.724694 -9.251115 -7.228250 6.527768 2.968355 4.860433 0.916803 1.853744 -6.355941 6.546359 -4.467262 0.617674 8.616253 -1.032453 -2.219998 1.731051 1.787320 3.544583 0.197053 3.699335 2.571738 -1.117110 -1.486687 -8.931012 1.741347 7.500236 -8.151156 -5.240677 -5.802046 -6.778823 3.865634 -4.473772 -4.377185 -2.803636 -4.489902 -5.015567 -0.529910 8.720691 -7.773223 -1.760777 4.364949 -0.753226 -2.599217 -2.590479 3.918907 -0.744441 0.989471 2.440243 3.956107 8.504794 -9.366066 -7.564520 3.464366 5.240894 -8.207587 0.591135 -9.223163 -5.144423 -9.058842 3.335588 6.465887 5.258295 -6.321317 2.207004 9.740778 -0.364466 1.167318 -0.590967 9.946726 -4.878791 -8.430647 -2.299057 7.843357 -5.489953 7.517103 -6.379710 -0.252655 -3.168360 7.971296 2.585452 -6.879560 1.327498 3.038887
6.480452 -7.543609 7.753337 0.085312 5.026880 8.827491 2.923198 9.450202 -8.076386 2.895319 8.485561 2.394002 -5.205494 8.255513 5.545157 7.354912 7.493751 -6.819632 0.496590 -1.901425 7.586692 -1.523664 9.817544 2.614275 9.929689 -5.915893 6.703111 -6.727896 -5.259040 -3.026844 2.996315 7.742471 -2.179554 4.014909 2.895664 -5.189968 9.914434 6.545710 -0.447478 -2.691745 -5.988843 1.036238 4.906025 -8.492139 1.755132 -3.494613 -9.888725 -4.637786 5.239808 -9.320446 -4.269194 4.102202 2.093177 7.433861 0.375195 -9.488316 5.927584 -1.559161 -3.482821 -4.189185 -1.709897 7.826385 -8.785463 -4.728707 -9.221208 6.653032 -6.889071 1.744650 -1.756447 -7.750284 7.393049 1.527969 3.392220 -0.166820 -7.090695 -1.131352 1.062286 0.774787 -4.581974 8.761129 -4.650962 -8.987458 -4.367346 -1.368290 -8.835477 -7.182297 3.841116 -1.704313 4.418517 -3.490608 -9.622232 3.680860 3.846005 -1.053569 -3.891538 -9.772129 3.606773 9.767033 3.562958 -7.213468 0.911432 2.917519 0.992886 -6.919900 -7.053350 8.430953 -0.244232 -3.188361 1.442472 4.230888 8.027132 -5.885072 -8.867035 -5.565902 -8.016823 -2.069171 1.441460 -4.965939 7.204808 8.446778 -7.094203 -3.783485 -2.787505 -1.223962 -0.557295 1.402184 -3.778947 1.277636 1.163886 8.340236 7.778970 -2.118455 -6.772411 5.376429 9.067016 -8.561277 4.707970 8.400117 4.228224 2.203974 -6.018885 -8.573779 -8.047830 -1.106776 -6.999220 3.146853 1.945817 3.588865 0.604353 -2.221847 9.617753 -7.207198 9.445587 1.878045 -6.451152 -2.801923 -5.566910 7.422120 -3.091501 3.145049 0.373343 -8.914613 0.593679 0.736440 1.505752 -5.931054 9.642786 6.525195 1.982496 6.828497 -5.260631 4.921050 8.063329 6.931169 9.854739 0.297693 -9.408851 -9.855100 -1.548986 -9.622095 -7.427017 2.072698 4.435483 0.157069 9.285783 6.609231 -4.969122 9.176326 0.820118 -8.928138 0.507192 -1.371760 2.299701 -8.955481 -0.993648 -5.630556 0.357881 -2.630985 -2.344403 2.151623
-7.752193 3.252265 7.521511 3.844305 8.170696 4.943546 -7.544414 -1.848791 -5.259447 -6.602106 7.783911 8.097459 8.484952 7.677527 2.780956 -6.077199 -8.085369 -0.352460 -4.109830 2.368841 -3.700921 -4.750526 9.785866 3.671532 4.746057 0.060553 5.090066 6.320245 4.286145 -7.788141 -7.796485 4.313320 -8.977530 4.616876 8.016604 -8.297806 2.249899 -6.997017 -0.287435 5.738237 -7.452041 -3.517531 -1.390955 5.577939 7.662732 -5.487601 -1.995120 -0.481604 2.797127 -2.295935 -2.815940 2.274982 -7.514099 -0.198938 -7.842609 9.239677 8.395092 -9.012752 1.886013 -3.337619 -9.751775 -9.945678 -9.694312 -9.124317 -4.831818 7.889351 1.813643 -2.749325 -7.319163 -9.576995 9.293208 -9.078360 1.661477 6.107165 -2.939334 2.489106 2.033640 9.904473 4.431971 -2.556240 0.558245 6.188763 -6.469434 0.785696 2.683790 -9.248498 4.500665 -6.454712 -7.471044 3.592460 7.019170 5.656767 -2.912762 4.997988 -3.375628 6.811953 2.631252 5.280138 4.377689 7.992384 -8.870853 -8.320533 6.515252 6.290904 0.403021 1.929802 -0.575601 -6.364091 -1.593510 9.495131 -4.030060 1.475874 -8.086371 -2.938397 3.669218 8.294284 -5.086678 -9.713067 -1.377130 -3.480329 -9.810649 0.421252 -7.540337 -0.827989 -6.214381 5.506416 -7.604338 -3.898145 7.330192 -7.076305 2.635378 -3.171159 5.933401 1.692248 -2.389917 -3.183601 7.112172 3.557345 8.464926 2.861501 -8.387346 -1.285660 5.230217 2.079312 -6.348485 -0.680678 6.166648 -5.640859 0.069573 -1.197668 1.037413 5.400118 -2.435009 -1.691229 2.966197 9.141466 -9.362024 -6.880019 7.460234 5.547679 -5.685567 -6.075513 -9.065718 -1.901249 7.366302 -7.036286 -3.593838 1.458384 -2.531391 -1.083272 8.785804 1.911789 -9.583211 -1.694759 4.175714 -9.152309 -1.381314 8.567809 -8.778730 -2.234933 -7.738316 -3.409658 -1.247712 -1.439435 3.787815 9.360478 -7.350161 9.287626 4.064169 -7.898194 -3.616680 -3.459417 7.760288 6.664277 -6.261331 5.729612 0.351195 -4.318813 7.566796 -8.771184
0.139537 -3.997307 7.308297 -7.184562 6.947764 -2.903133 7.795868 0.058135 1.447565 2.027832 9.662405 -4.684288 -5.933188 7.238810 4.040648 -4.792749 -6.998701 -8.163344 0.939592 0.577530 -4.287475 1.864246 7.662323 -4.875137 -5.646262 -4.854887 -3.009862 5.244014 6.529540 1.077650 -5.866964 -4.932097 -6.064766 5.896207 1.895441 1.226921 3.801594 7.122380 -0.698530 2.476360 -1.654549 5.399323 -9.260725 2.030258 -3.884884 5.986710 8.101399 2.356214 -7.417827 6.415474 -4.065843 -0.133783 8.933247 -7.093027 0.601297 -1.113872 8.417405 6.334712 6.906671 -5.756629 -6.682650 5.074113 7.064483 -9.046691 1.956948 5.584752 -0.106339 6.257481 -8.575418 -6.945501 9.247477 3.900620 9.628138 6.637399 -9.352938 -3.686931 9.843991 -8.367254 -8.188914 9.050834 -0.442659 -1.957005 9.808029 1.016214 -9.702753 -4.268908 1.676426 -7.881648 6.892200 9.640360 -3.719222 -4.194749 2.770570 2.890661 0.419177 -8.103843 5.399204 7.674352 -6.717793 0.282610 -6.776733 4.695522 4.069819 2.465114 -0.980375 -7.866783 -0.374933 1.654020 9.050759 -1.378457 5.255528 7.971956 -5.970612 -4.507664 -9.873244 1.059624 6.834786 -4.490097 5.813526 -7.906616 -6.284129 -1.626335 -3.193207 -4.874601 -7.368446 3.205791 9.546510 7.342136 0.286651 -4.134255 0.195556 5.373882 8.510165 -3.145819 -4.284591 8.691438 -0.674732 -2.738625 -2.253843 3.729280 -1.338459 -1.438425 2.561840 9.345562 4.473624 -7.792474 -3.744359 -3.022156 -4.962601 -4.578901 -4.850706 -7.162773 1.139241 7.894547 6.383083 -3.221617 6.262062 -9.782929 5.371533 -1.872528 -7.954842 -6.570300 -5.925473 -8.536869 2.652024 2.547440 -0.127797 0.253651 -2.441001 0.131738 -7.583732 4.013809 -0.296433 9.672419 4.899189 0.280004 -8.232712 4.340772 3.584636 0.521039 2.169896 -0.209292 -8.249643 -2.111396 0.145413 -9.418201 4.350027 6.386331 3.947066 -6.628245 0.541400 -2.082082 -4.652655 -0.815371 9.927400 4.093117 2.579742 -4.725394 -2.137801 -3.619041
6.917708 8.283215 1.374231 -4.683379 6.357971 7.969373 -9.937730 -0.627687 -8.056719 6.829776 1.536297 -1.566535 -7.459410 -3.701902 -7.664304 5.064650 -6.245200 6.560241 4.024979 -4.153891 0.999101 2.195470 5.044620 0.647924 -5.508032 2.533793 -3.630245 7.522881 4.376788 -2.913328 4.574317 -1.824091 3.197398 2.072781 0.407878 -4.759827 9.395674 0.387270 1.662768 -0.932834 2.359236 -0.437312 2.731469 9.116774 -0.834548 6.891441 -9.974785 -6.124735 6.960058 -2.869667 -8.415633 6.740847 -9.846896 9.137861 -5.933498 5.630719 3.051360 -4.274519 -4.940450 7.332063 1.660339 0.982239 0.371767 8.684674 -6.480322 5.483667 -4.861346 -6.771415 -5.543493 1.456828 -0.737665 -6.365451 -2.721530 6.403916 7.488120 5.195335 -1.185590 4.421529 4.913873 7.770620 3.881637 -6.305774 4.797996 -4.915583 4.891686 4.857768 9.896681 2.028901 -8.991604 3.998427 -7.030418 1.302666 2.711942 4.991386 -7.152222 -9.684229 -7.794294 -1.780910 4.474223 3.987382 -1.824432 -9.834778 5.793391 5.202448 -6.683102 8.879744 -0.904097 -5.590725 7.330168 4.810510 -9.647113 7.595464 -6.848812 7.860173 0.722912 -1.020507 -5.246787 -7.570863 -8.389716 5.681219 -9.098323 8.891026 -8.305918 -7.702691 -6.301053 5.601215 5.120998 -2.192478 0.221618 -1.487889 2.006359 6.464494 -2.457180 1.823458 -8.370308 3.216985 7.481541 9.799957 2.122858 -8.597213 -1.593328 7.367659 -4.179499 1.149546 -3.994340 0.621630 3.514299 -5.703804 -1.345140 -6.712686 -7.536672 0.097753 0.845464 5.771876 -0.486883 -7.957543 3.968780 9.630796 7.382492 -0.489049 -8.708425 2.766926 -1.736523 -8.041728 -6.109820 4.831409 2.977711 -3.682063 -7.354848 -6.148039 -7.689814 1.777162 2.500823 7.047149 6.766006 -6.159102 -3.781292 -2.505334 -2.394803 8.092077 5.541980 8.341584 5.377346 1.931938 9.113556 8.327406 -8.756331 0.329869 -2.058718 7.112914 8.652412 -6.725140 -6.685271 -6.522279 9.152110 9.874529 5.189787 5.149185 -6.672868 1.388578
-6.895974 -1.269267 -0.890288 -0.217644 3.190069 -7.398735 -3.219040 -2.569865 2.842044 3.888055 -8.648300 8.428865 -5.733818 0.313437 -2.992366 -0.731208 2.455012 8.721324 5.756893 8.471059 -7.644795 3.441082 6.437637 0.258675 -4.373999 -2.190671 -7.840613 -2.408553 -9.392534 9.169577 0.077532 1.396254 6.482019 0.155929 2.429037 -8.022787 -6.803551 7.709984 -8.547712 -5.844808 2.972096 -9.247376 -9.188780 -4.986621 1.422460 -0.614121 4.040856 8.028943 -3.337098 -9.836943 5.526132 1.019901 -0.926002 -7.823434 8.480917 9.116299 7.266421 8.837940 6.513173 7.798203 5.092175 -4.537223 -2.374663 -1.672267 -4.945582 6.976173 2.497487 9.379500 -0.644420 6.469095 -6.271479 3.336640 -6.205334 -6.590452 4.903159 7.832893 -5.975060 -6.090946 2.690770 0.985647 8.758467 -2.382256 9.537029 -9.488188 -0.321640 9.897968 -9.191640 -4.702613 -2.100205 -4.309571 -8.023669 0.304725 -2.412154 -1.009855 1.632705 2.051599 -1.979225 -4.646755 -2.347359 -1.763778 4.862656 -9.544133 -6.709262 8.775307 -8.620343 -9.839538 2.827267 -1.738236 -9.274901 -1.821204 -2.293670 1.345941 2.057121 0.457972 -9.791904 7.348384 6.812012 0.896953 7.558697 7.973548 -6.143088 4.725049 6.242298 6.758484 -9.927731 3.682534 -7.086185 -7.169393 -4.603931 2.737786 3.374829 -0.506187 5.126375 -8.162314 7.175790 -9.540341 -6.767733 7.266685 7.450633 5.493342 -6.384728 -7.157907 -2.211107 6.051092 -3.070421 -1.376276 1.278186 -1.809559 3.211988 -0.945521 1.715266 6.869269 -7.477733 -5.144067 2.822410 -3.073234 -7.109322 -1.137882 9.080948 -7.520509 -4.588458 7.922116 2.640235 -4.639999 -3.460724 7.722304 -4.818588 -3.835407 9.841988 -5.288578 -6.364624 6.922860 -7.370366 -4.381002 4.379565 7.321372 3.982292 -4.980172 1.078775 6.583669 -8.928419 -4.077464 -4.465169 0.605172 -1.869816 -5.809628 3.447857 -2.629233 -5.145927 -1.451447 -5.336257 -8.027559 -9.700471 6.883242 -0.555423 -6.571860 -3.694700 -3.837742 -0.029235 -7.229398
-9.749057 3.596696 3.102886 5.531552 6.831172 -8.582842 9.288044 -0.657455 9.014191 7.920392 -9.235748 1.286270 1.691120 6.773552 -8.371176 7.364165 1.755036 9.937155 6.000313 7.424896 -7.645472 -0.298317 -3.450902 -7.650512 3.287941 -0.826666 -3.313734 -3.055479 7.566669 3.211422 1.931594 -4.269327 4.626879 -4.342812 3.001645 2.955280 -5.207651 -6.107761 1.152559 7.982226 8.515096 6.653776 0.933773 -6.314440 -3.252092 -1.343171 -4.097126 -8.047832 -0.892062 -7.128678 -6.680320 2.384263 -2.494628 1.879966 8.997419 7.907427 2.915405 0.506631 -2.162622 9.339156 -3.193992 -9.012954 -9.427933 2.418404 8.360644 -9.663060 -2.806971 -8.354913 2.529012 -3.397744 3.152046 -1.246497 -2.101375 0.191958 0.912488 8.024019 -8.609175 9.681244 5.541174 -9.515769 3.511951 -2.060683 -5.206873 -2.021356 -8.329649 -3.373629 -8.216495 2.738639 2.362767 2.998697 8.710036 5.977368 -5.568448 -9.315498 -7.621695 5.122362 -9.153028 -6.809666 3.841627 8.051163 -0.850835 3.034072 -5.007552 2.848471 -5.019086 5.131063 -1.349463 -9.091017 3.230234 0.332547 -8.737392 1.638713 -3.167349 -1.281895 -5.177448 -6.788284 -6.463718 4.447971 1.262235 -3.120858 6.796980 7.080247 7.587245 9.284614 -7.634092 3.563076 -1.650141 4.021912 -4.418247 -0.961342 -4.107437 -2.080312 1.669311 1.274480 5.420905 -2.981562 5.528924 -1.990962 -4.758499 2.530919 6.393303 -6.350020 -7.133646 -8.208731 7.307517 -8.030913 3.621932 -5.275017 -1.628617 8.134626 -7.621084 1.642354 5.036406 6.263771 1.068261 -9.150670 7.765740 -6.615490 4.410370 4.062834 3.037508 -3.806079 8.147463 -4.670132 9.586877 -0.959791 1.161418 5.927631 0.353586 -1.307773 2.262120 -6.730991 6.695222 -4.003379 3.167521 7.501007 6.182778 3.420119 -9.647183 -9.412608 0.931721 -8.677484 7.379257 8.161141 9.844366 -4.637978 -6.187359 9.600341 5.291127 -3.741330 -4.541488 4.074482 5.056321 -6.994451 1.031432 9.795938 -6.023917 6.602992 -4.958332 -2.088445
1.996329 -5.650620 -5.548907 0.745617 -5.850851 -3.846293 -6.596789 3.759904 -3.854524 6.523730 -2.041240 -0.370851 5.658212 3.884780 -8.634624 1.375721 -7.669708 5.746238 6.571501 6.633306 7.640758 4.841304 -8.768757 4.414580 -7.825647 -0.635471 7.956064 -3.627255 6.566234 -4.377685 -2.392832 3.233804 -2.961099 5.383940 -1.787486 7.897301 0.235424 9.333371 -3.930710 0.319553 5.664519 1.216951 -4.295365 7.297833 -3.269285 1.175643 -0.902098 2.717347 -2.205108 -8.635151 5.092856 1.413665 3.029690 -1.022024 -5.373488 3.335537 -1.800225 -6.455802 7.611162 5.165314 -9.848034 9.383661 3.149886 -7.719349 3.762941 -3.231017 -7.967309 2.268607 4.033395 -9.053635 -6.160864 1.221884 -7.626174 5.970714 -9.499738 8.422837 5.714077 2.208960 5.785731 0.607015 -4.357858 -5.498860 -6.165235 -1.333804 -6.569064 9.915285 0.144243 4.308637 -3.623670 9.651073 -0.592092 0.780782 6.635749 2.308386 -2.731574 -8.226883 -2.658744 2.746278 -6.292665 8.949295 -0.215381 7.893124 -9.367132 0.164722 6.269921 -6.125446 -2.172850 -4.072163 -6.507804 -5.989059 -9.153305 9.702762 -8.251868 0.983721 -0.985039 5.755324 7.289662 -4.502009 -1.156624 -0.521951 3.709045 8.091604 -3.850711 9.844437 -2.891222 -3.473978 -0.894348 -1.216726 -5.722056 2.458554 -4.380960 6.146349 4.364913 -5.278241 9.143765 -6.895194 -6.127145 -4.735265 -8.930106 -9.356928 -2.245771 -1.554511 -5.761361 4.894686 -9.539574 7.999514 -2.414936 -0.301401 8.691821 7.907467 -3.502021 0.961575 0.213818 6.896412 -4.876777 9.172662 4.128610 -6.241327 9.449877 -4.759250 7.902609 -9.191108 4.518204 8.655584 -0.137701 -0.288105 8.977346 -6.927438 8.395253 1.547609 -0.047907 5.790798 -0.647298 0.411041 7.134057 -1.755106 2.323541 9.671773 6.972154 -3.248729 9.532747 -8.911466 5.565001 4.432537 9.768529 9.600249 -2.541937 8.303159 -2.727728 -6.721044 -6.578661 5.573937 -2.213921 8.897074 -2.736963 8.124943 -8.101987 -7.667220 -4.427946 -1.432177
-2.159162 1.002496 3.711796 6.509732 -9.102309 -9.231538 -5.847949 4.940677 -1.123317 0.640601 9.182145 -8.287111 5.277343 2.603658 6.200407 -7.660380 -6.061751 -8.354717 7.635722 6.047783 -2.800478 -5.222879 -2.974337 1.076193 -1.917434 -6.907966 -3.756109 -6.247361 3.584452 -9.576898 1.706582 3.504773 -8.447054 -3.313399 6.256184 -5.002985 -7.705196 -4.296440 9.860633 6.746871 1.711569 -4.227066 9.004526 2.465866 -1.495585 0.378276 -4.634294 -1.399296 -7.683296 8.663291 7.943822 -3.929735 0.640171 -0.977400 3.092822 -0.653975 8.183878 -0.066547 -3.185804 -4.177086 -3.974179 -3.276986 -3.985064 -9.128601 8.913284 -1.877404 6.240293 -2.071128 -9.446662 -2.281594 9.507447 7.883821 7.968378 7.870836 0.395037 -1.277504 2.218549 -8.871174 -9.132389 -6.063939 -9.285701 2.765455 -8.864793 7.185412 -0.149185 3.178318 -9.731728 6.677894 1.052407 7.610846 -4.641795 -5.584536 4.931284 -6.230056 3.828399 -1.823549 0.027460 8.614382 -1.758552 -0.412000 3.781666 -3.701320 -2.849582 -6.293599 9.209816 1.131616 -6.922228 -8.389229 -1.823658 -1.135743 1.658258 -2.058887 -1.685693 4.736982 6.118364 0.670467 -0.228806 -6.205416 -7.669480 -4.822790 0.762937 2.411283 -4.716674 -1.561460 9.025929 -0.229735 -2.731226 -0.264043 1.748372 1.715697 0.118206 3.861401 0.001863 -6.961358 2.782261 5.235203 3.459941 -0.659237 -5.030388 6.339805 3.247956 2.820817 6.254411 -5.691241 -2.833777 -5.193938 -3.761235 -2.611054 8.706108 -5.015911 3.657854 0.100580 0.281234 -5.437360 6.606645 -2.439221 4.809801 5.238796 -7.443730 -3.899361 1.456367 1.593420 -0.447493 9.969970 -1.305143 -6.686191 -9.529273 -8.886719 4.964392 -9.459626 -0.147166 -2.946489 -1.658927 -0.564542 4.296455 8.559935 -0.507974 -2.412716 -5.997779 7.931108 -8.019861 3.503337 6.252367 8.215275 0.218986 0.057439 3.497061 -4.578623 -5.331036 2.087578 -9.296205 9.050269 -9.898224 7.210003 -0.811134 -3.960641 5.982588 6.100779 -6.061075 -2.368876
7.835014 -7.055675 -7.192229 6.840072 -0.566123 4.105133 -8.432986 -4.674011 -2.106721 -6.053500 -1.701565 -2.008270 -5.972414 -2.908549 2.492788 4.761181 1.475466 2.856381 -5.248634 5.758074 -3.339820 -1.735354 -6.475966 -0.773201 -8.755367 -0.679718 1.356144 -3.071796 3.761401 -8.809528 2.388305 -9.059104 -9.445838 -0.362423 7.010696 6.598856 -8.133677 8.476347 -1.741343 -6.488029 5.589731 -1.320123 -2.718270 -1.348010 -8.597082 -2.967817 -1.222185 2.582828 6.979835 4.001148 1.724401 -5.305426 5.985670 -8.460854 1.941455 -0.274311 1.228813 -3.793677 -9.658459 -5.801906 -8.553025 9.496146 -6.038618 3.225000 -3.644569 -8.792326 -9.027177 8.466447 8.878655 -3.831098 -5.540261 -0.014832 8.464553 -2.547166 6.990363 -4.998626 -3.798547 7.900057 -0.517087 -6.813023 -9.373895 7.833979 0.842931 -9.512737 7.013258 7.781251 -7.916056 -9.899995 1.525880 -8.290202 2.152403 -9.617721 -0.486266 -4.744494 -2.736710 9.666460 7.581825 -2.007924 7.424452 5.551777 -9.900819 -8.512308 -2.888768 8.849650 -1.373335 0.347994 -3.595811 -1.754342 -1.216835 -8.933852 -9.601165 -3.688203 6.062839 8.587698 6.335579 -5.358745 -1.052941 -7.954623 0.487452 6.780476 -4.982983 -9.416808 1.940522 7.727768 2.378312 -0.775567 -7.326954 -3.604536 7.820176 6.206590 5.678753 -0.388058 -3.319995 4.744874 -0.764073 7.052033 5.992825 9.458371 -7.148923 -2.096180 -6.187432 -0.051083 -8.821746 9.319328 2.917874 3.145734 -5.464013 -2.358027 -7.345233 -1.744958 5.608543 -9.330292 5.652666 -9.748635 4.797484 -7.621067 6.966827 7.872406 9.498632 -2.174912 -3.598382 2.818671 3.468242 6.267218 -9.466828 -6.540318 3.010784 7.262701 -2.672587 4.494384 -7.326199 4.912300 6.939409 9.841875 0.459139 -4.927565 -1.638465 -4.625584 -4.240681 -7.499441 7.320700 -9.258306 0.124063 4.426833 -0.874296 6.751088 -2.165713 -7.847511 1.647030 -8.411230 -7.894053 -9.444371 6.919447 -8.717269 -4.875868 -1.874757 -9.647490 -7.190060 -5.857934 0.802321
-7.370965 5.445766 -1.703972 1.291124 2.547329 -2.240086 4.534964 -6.441716 -2.097133 5.812913 5.731051 0.710443 -4.687954 -8.833360 -0.008813 9.150276 -2.016291 -6.127743 -8.647677 8.827953 -3.814179 2.791611 -2.822584 -2.251164 6.104606 -7.493795 -4.892215 6.279189 -7.340414 -1.777656 -5.360955 -5.951951 8.031696 -5.165097 -6.825466 8.832773 -6.538736 -7.519836 1.544824 -8.679966 -5.054609 9.505186 -4.970589 1.422900 -1.715159 -9.309950 -6.966007 9.053436 -3.002169 7.386291 -8.186493 -8.448345 8.799899 -3.997272 6.458367 -1.290137 3.840438 -8.410598 7.812952 -4.195941 1.211759 7.686721 -6.201676 5.265239 9.440889 2.719315 -3.257163 -2.440792 -9.804630 -1.918318 5.766276 8.161235 -4.708230 -4.639061 3.958803 -0.486204 7.922348 2.010379 -3.547123 -1.211474 0.334771 -8.421938 -0.237780 2.825745 4.214178 3.202575 -8.538432 2.682443 -4.808053 7.821250 5.116455 2.498823 2.369137 -8.251968 9.369244 8.603191 1.741487 -0.698480 5.307138 -5.167871 0.037311 5.365128 -5.847691 8.775363 -5.374492 2.087656 8.436928 1.622143 -4.935747 -8.082170 -9.511562 -3.588549 7.550401 9.035401 5.943859 5.818805 -8.520998 8.168780 1.381111 3.537709 8.449270 -0.096654 -1.115745 1.115676 -6.193639 6.550218 8.539929 4.006380 -9.435466 -0.090313 6.816722 -3.009234 -9.996067 0.980710 -1.671518 3.059651 -4.584645 5.991554 -2.270587 9.034811 5.545131 5.177635 2.628155 9.660105 9.047183 1.462236 9.139508 8.431312 -0.792214 -7.945858 -4.954490 2.622142 -5.497173 -1.435217 2.461886 2.368180 2.594767 -7.508995 -1.031931 9.238213 4.106064 7.712941 -4.759234 0.367008 -6.541204 -7.010595 -0.742863 -4.714393 -6.163716 -0.899177 4.493728 8.484361 4.715540 -0.648749 -5.666188 -4.613177 -7.248742 -2.931109 5.931422 -0.703447 5.479215 9.556879 -3.601486 -2.962400 1.031171 4.534915 3.721128 -9.673715 8.697986 -1.817856 -8.534765 4.880224 5.880896 9.982673 5.937471 3.247874 1.276342 -0.931187 7.421499 -1.129041
4.395628 -6.230033 -9.440491 -6.750353 1.772068 -1.099263 2.780546 6.994353 4.147131 6.905424 0.952268 2.725922 7.626469 4.243948 1.355669 9.462733 -5.679246 -4.638070 -1.496327 8.511627 -8.269180 6.685056 9.936574 3.430434 5.426717 7.847024 -3.776964 1.543981 4.155633 -7.548773 -0.704877 9.566347 0.727023 -5.073052 -5.987489 -8.628235 -4.500791 -5.698784 0.224745 4.676380 9.149288 -2.281428 -2.837454 -0.106342 2.206664 2.773837 -0.585691 9.337054 -3.384908 8.492655 -9.196605 -2.017861 9.893254 1.968328 7.716113 -6.837371 5.995084 -4.466042 0.616156 2.436899 5.526877 -1.719481 -3.648985 -9.787494 -0.098834 1.864172 1.980523 4.791554 6.287836 -9.467903 -7.550657 1.531344 9.305994 3.299164 5.451976 8.211498 -1.274318 -6.799514 7.668550 -2.675311 4.496900 -4.037905 -1.741678 0.160994 -2.465482 -3.169812 1.746483 -4.506911 9.620385 -6.562403 7.109977 -6.079231 -2.937950 -7.160126 -7.929324 4.575029 -2.910362 6.155386 -8.730714 -3.382444 2.132873 2.498888 -6.703265 1.931769 7.015053 -7.525185 0.613188 -4.049268 2.533257 6.320230 -3.163519 -3.633864 6.944188 1.638351 1.583251 6.632896 -2.303760 0.373985 9.679814 6.179815 9.392742 -1.404956 3.411186 -6.823854 8.297936 -3.801238 -5.136502 2.686888 -2.658539 -8.863183 -2.180973 -1.966680 -5.593268 4.046939 -4.854270 7.756551 -6.762053 -3.613157 7.557531 9.119158 6.645932 -0.718957 5.787040 -0.059653 -6.059247 8.602843 1.138239 -1.351737 -1.911067 1.580450 6.593766 8.420946 -2.576187 -2.704684 9.116455 5.772911 3.863815 -2.535764 -3.659527 1.508930 -1.664557 -1.405832 -6.122465 -9.380753 2.237127 4.862399 -0.526249 -7.383972 1.235188 3.542070 -0.649107 3.388985 7.533959 7.572939 -5.044410 -2.634371 4.840199 7.653647 8.144065 -8.728431 -0.202862 -7.039586 6.148600 -6.767154 4.985334 2.585460 -5.148585 3.246393 9.113743 4.360438 -3.682454 8.746385 -9.901010 7.866160 0.596968 -3.394637 6.281184 -6.988432 -1.085282 2.906108
-7.718609 -6.270820 -1.566874 4.282319 -0.726400 -1.853468 2.728562 8.802412 -9.469199 5.067242 -6.131385 -0.388709 -8.757141 9.255039 -9.525872 -4.588720 -9.907892 5.495663 -8.780126 -6.924507 -1.058029 2.230723 -6.205624 -7.418362 -9.578614 -0.222295 -6.663454 -6.439560 2.286417 -1.274389 -8.898653 8.363650 3.137275 -3.822864 -2.153356 1.188799 7.849578 9.743481 -2.536398 -4.296531 3.900831 2.786265 5.609426 4.498761 -4.136549 -4.805399 -1.296463 -0.748290 4.901413 7.370845 3.005482 4.066122 -2.490389 -0.282352 -4.116018 -3.173991 -3.212286 9.907109 6.044323 3.274832 4.322934 7.087841 -7.750778 5.402961 -3.990789 -5.848696 -1.383801 -2.573979 1.682919 1.911859 -1.262581 1.005549 9.120778 4.304443 -0.948989 -4.357860 0.225496 -7.769173 -8.496146 -6.165727 4.754636 6.408501 3.721460 -2.793721 8.760969 -9.866460 1.116582 5.427896 -4.800931 -8.859506 6.455461 1.842938 -2.607304 -7.084854 5.581423 -5.198165 7.299955 6.496656 7.180871 4.982304 -8.721948 -2.250975 -2.954674 1.301597 1.687538 -5.633732 -6.386189 -9.669075 -2.481317 8.751228 -7.116972 -3.845504 -9.752173 -3.605876 -6.586472 -1.489241 -9.804835 -1.850955 -7.612594 2.407939 1.273118 9.107820 3.741660 5.913632 -9.048924 1.007262 -8.088351 -6.274123 -3.956539 -3.299966 -9.630690 -8.182831 3.807279 -5.627050 -8.796920 -0.468914 3.814529 -3.926924 -0.641784 9.928465 -3.470014 8.376505 -8.676802 6.524311 2.244769 -8.608090 -5.951954 -7.892432 -5.981667 1.158907 -1.753634 -3.734782 -3.592185 -1.353992 7.525607 -5.354976 8.828964 -8.492228 8.205994 1.744796 -0.204115 0.354197 -9.495845 1.887501 -2.574907 2.143305 4.976659 -8.115429 1.512718 -4.022604 -5.468278 -5.101982 5.250795 -6.847764 -9.132201 -9.026269 3.598392 -0.996381 5.123843 -7.840525 -0.549613 -7.678379 1.939298 -9.081596 8.199815 -6.763533 9.692270 -3.298028 -1.159924 8.261862 6.121905 6.512400 -7.643088 -5.051988 -2.901888 4.835503 -0.212354 -1.727407 8.125938 -8.486639
0.219101 8.778088 -1.369998 5.771037 -6.196271 -6.468670 0.645259 -2.522806 -9.706697 -8.643533 -1.075699 -3.635178 8.846997 -2.438902 -8.586651 6.459065 -0.058228 -1.045483 0.259359 -9.901958 4.148152 0.291619 0.596104 -8.644739 -4.821856 8.610418 4.766115 8.429902 0.802322 1.946350 -7.467695 -9.488757 -0.175333 -6.139615 0.090350 -2.923066 -9.990761 -9.582989 -1.140996 8.928047 -6.283211 8.084706 -7.445082 0.839235 8.618583 8.201788 4.586102 -2.964972 5.343914 -5.376524 1.809943 -1.597095 1.534379 1.355373 1.009013 -3.183028 2.625704 -1.716491 2.430963 -2.764588 -3.811722 3.220176 0.140500 7.079596 2.129928 -9.571252 7.481060 0.920522 9.722319 3.935336 0.487614 -9.126948 7.879502 8.569331 3.141540 -8.027044 -5.461349 6.173669 8.693653 6.978482 3.451730 -9.042914 -2.859027 4.801480 4.586322 -7.257186 7.801813 -7.797714 6.087676 6.323595 4.138400 6.404279 -5.133061 7.279003 -2.892094 -0.662700 -4.448744 9.052048 -9.581028 -7.717543 -8.321191 1.401993 7.625281 9.712631 -9.630709 -8.424861 0.412476 -6.054889 0.883688 -5.970887 1.363082 -6.458528 -2.679385 -3.418326 -8.488127 -0.984307 -5.934442 -6.764626 -9.852621 -3.980452 -5.108792 -2.012844 2.730689 -7.420626 3.560379 -8.984614 6.361401 5.787093 9.502210 -5.709119 -9.781126 -9.971412 6.779742 -7.376161 5.762784 -2.657878 3.722648 3.887948 -5.211553 7.204186 -8.879589 8.908893 -1.716601 -9.326717 -0.117920 5.732126 5.917800 -4.177742 0.646113 4.348149 -8.372728 -1.776496 6.044479 -3.598773 -9.403021 -8.910104 -8.592502 -7.067181 -5.624535 1.275378 -7.643499 6.674446 -8.686323 -6.333217 8.474115 4.941947 -5.006594 -9.419550 6.981395 -1.086927 -1.982462 8.072717 -0.183005 -2.012724 7.644937 -5.763047 6.677653 -6.084470 -4.204935 -9.106508 -8.768070 5.012545 4.640304 7.592958 3.361501 -8.674032 -3.510109 -7.480300 -9.622449 -6.227988 -3.156216 -7.812659 -9.508059 -7.249862 1.511621 -8.369035 3.059708 4.278946 5.568121 -5.089891
0.632560 -5.238488 -2.133000 3.245543 1.894173 1.714771 -0.706858 -0.671342 -7.091162 2.593833 -1.315693 -3.933950 -5.537857 -3.460591 -5.805381 -4.839540 2.698415 -1.642573 -4.829548 5.378888 -0.602768 -8.140495 6.280032 -8.484720 7.194917 3.785486 9.958810 -3.561792 -6.180797 8.615415 6.367818 -1.713375 6.719802 5.545644 -3.137885 -6.626041 2.979132 7.475008 6.576859 4.760982 6.780373 -1.768041 -3.992817 7.869103 -9.864344 -5.297811 -0.291006 -3.500656 -6.418336 9.575567 4.175147 9.845999 0.818482 0.276032 4.509073 0.686215 7.845828 5.852488 4.881732 7.505160 5.477078 -5.973897 -8.923607 -4.773251 9.832158 3.455464 1.443672 -3.466468 -5.071257 5.639790 -8.766780 1.449456 -1.947774 -7.085145 1.476708 -1.937220 -3.914869 1.777207 2.105205 2.579718 4.877373 -7.701806 2.894039 9.924813 -5.450274 -2.961062 -0.885785 -0.601606 -6.033772 -8.249064 3.477192 5.153013 -5.161177 -6.434826 3.234176 2.615724 -9.017855 1.058224 -1.381065 6.312582 7.853595 3.052334 8.173968 -1.147348 9.404756 7.183726 3.345249 6.969732 0.369905 4.572984 -4.938298 -3.804754 -0.954606 -7.556846 1.297739 7.674770 2.245591 -7.890528 0.293141 -8.784641 4.834491 -0.185955 -0.430557 -0.108589 5.008383 0.729281 4.184071 0.243545 -3.713924 7.455992 -2.873618 -0.965059 -6.331962 -5.722485 -7.200171 -2.908277 9.974079 -4.263439 -1.043225 -8.120653 6.028944 -2.813064 3.178761 5.262816 7.940294 5.534742 -4.732928 3.449724 -9.395805 8.698154 0.425936 2.400669 9.111939 4.353272 -6.726381 2.767453 7.778701 1.248929 -9.667347 9.668377 6.163067 -7.097630 -9.253907 -4.136538 -4.884910 1.963592 4.495252 -6.068461 -7.442867 3.586450 -2.114075 -5.419729 7.639971 -1.942954 -9.046726 -9.814828 -3.182760 -3.967485 -4.620393 8.167464 9.231822 -3.771746 4.712344 6.324855 -8.722521 3.640990 -5.879504 -5.940027 -0.213405 7.048561 7.680121 0.237415 9.499016 -6.131446 -5.347418 -0.203689 -5.276391 5.451634 2.130839 -9.859898
9.988418 -3.679949 3.941487 -9.409650 6.440195 3.266013 -1.368830 1.410004 4.591690 9.143143 6.738567 -0.678950 -6.534816 0.387790 -7.036043 9.611387 3.695279 -9.267522 -6.274207 -8.308436 9.782438 6.089289 7.484378 3.169079 -1.861357 5.912458 9.924035 7.537225 9.554607 3.829515 9.132103 0.234706 -6.521121 -9.209085 8.410293 3.324633 1.229253 -3.340207 1.915580 9.366873 -3.743183 2.661379 2.072706 4.010463 -0.274162 9.247715 4.096439 8.412813 8.825572 9.828625 2.071022 4.666308 -3.319935 -6.882540 -2.935828 6.668528 6.795418 5.074141 4.429602 8.224474 -7.952870 5.327388 -0.879426 -4.215121 8.602482 -4.329040 -6.221280 7.197185 0.059425 -1.517440 7.495192 2.065688 9.721888 6.270092 -0.641208 -6.056452 1.493783 9.893169 -5.408715 -6.939535 -5.242806 -1.807490 -3.648115 5.242365 -4.456675 6.517846 -9.292798 -1.336347 -7.278209 3.299431 0.003071 6.024513 -9.598822 -5.449904 -0.640966 4.571875 2.662229 -5.079939 4.597262 -4.681884 5.522149 6.044619 -9.450650 2.049129 -3.776869 -9.208083 -4.880831 1.572572 1.211233 3.504339 -6.973639 -4.442213 1.002274 1.417728 -4.435260 -5.556701 6.669247 0.018410 2.031205 9.235668 4.107859 4.951829 -7.921961 -4.161538 -6.829932 5.942827 -4.063744 -7.225573 -0.597835 -6.380937 5.114340 -2.787413 -9.621794 -0.455517 -2.845965 9.226474 -6.036078 9.551719 -9.781004 -4.927411 5.512675 -6.392717 8.587949 0.738521 -5.412098 2.663323 -3.923713 -9.068145 1.992093 -2.746278 5.929612 -7.434604 -8.030171 -3.600317 -6.316334 6.700105 3.716221 -3.485977 -5.465656 8.244259 9.241469 0.326464 -0.907205 -9.448199 0.178808 -1.438159 4.118030 1.944363 6.507962 7.072380 -8.264538 -9.042766 8.713033 6.057182 -6.589880 -1.753749 3.576135 3.752320 3.856336 -2.615320 -5.970680 5.550169 -4.946716 4.800764 -0.109643 0.273943 1.522508 2.820441 9.203070 2.027743 6.694565 -3.400854 2.772127 0.954258 5.072968 9.071398 -7.689537 -7.211264 0.328729 3.403139
-0.447503 6.159895 5.853549 0.794765 7.166269 -5.241843 -1.503360 7.761943 6.268706 -9.061456 4.205184 3.867851 -1.767065 -8.322898 -1.977506 -8.711117 -7.597359 -0.118676 1.500418 1.833865 -0.449109 -1.742999 2.583409 6.761866 -3.361181 5.568366 6.159448 -6.636529 6.067107 0.194701 6.752116 8.290152 -7.695078 -7.268889 -9.452079 2.735518 -5.185404 -8.413441 -0.013280 1.550076 -6.524345 9.107836 3.666926 9.969877 9.324261 4.477542 6.478265 -6.989864 -7.404574 -0.473003 6.986060 -3.344347 7.151568 9.636195 8.613731 9.328775 -8.101262 5.167391 -3.572527 5.912138 0.838473 1.663903 -3.504332 -3.626884 9.430394 -0.640490 7.176826 -0.364597 -1.043230 -6.644800 -8.597401 -7.028257 -0.257992 -8.648414 7.873588 0.191905 5.221550 9.253925 -7.669646 -8.017110 4.972657 -5.308428 -1.825339 6.795283 -7.458593 -7.562068 7.789895 -0.642774 -6.411327 -1.175866 7.490262 4.130189 6.194300 7.013731 0.985891 0.093336 -9.483540 -9.808020 -5.283491 2.781264 4.450902 -6.648290 -1.898346 -1.313438 9.837156 -3.124124 -2.248814 -2.787390 -3.643717 5.379821 -7.278506 9.097892 4.704041 -8.316054 8.785944 1.218139 6.969442 -4.704169 9.217280 2.047708 -4.766709 8.462889 -7.906374 -6.826038 -8.436252 -7.768850 -2.324104 4.840232 9.829432 8.998045 -2.403566 2.385459 -9.460371 0.247392 -0.821744 1.530596 2.640681 6.156673 5.114532 -0.544844 -7.416578 8.340027 -2.311351 -8.920130 8.088484 0.766109 -0.493082 3.260307 3.891801 -7.568707 7.699678 7.781492 6.994779 -8.228315 0.111357 0.720478 1.899250 7.041516 -6.670359 -2.522882 -7.489294 3.312854 5.830200 3.204458 6.488951 -7.939428 -2.339005 6.165485 1.286524 -4.554817 5.004562 3.079388 7.166968 9.179431 0.541567 4.938690 9.868666 -4.523899 -5.582474 -1.634397 3.857054 6.835998 4.585339 9.606698 -2.843848 1.385538 -5.482210 -3.113663 4.983813 -8.471642 0.338985 -6.139931 -5.602956 -6.771025 2.380577 4.028879 -0.943048 -2.728196 -1.546460 5.213197
-7.331823 4.620860 3.331537 5.542581 3.598713 6.360541 2.910483 -3.830880 2.488683 6.254477 -1.174186 5.502257 1.036964 -9.797921 2.779558 6.351903 -5.310338 -2.671062 1.240504 -6.980022 -7.789207 -1.681808 2.502176 -0.702178 -3.328150 -3.377848 -5.778059 9.341233 -4.392476 8.946771 2.183612 -6.472202 7.950958 -9.931431 -9.362644 -2.920727 -5.270237 5.673569 0.000635 -6.961304 -6.751880 -6.454429 -4.555323 5.415006 -3.396048 0.888981 9.561735 4.983573 0.979080 4.781450 6.555778 3.746899 -0.214719 -7.921987 5.518023 -1.871162 1.619045 5.129515 -9.757252 9.771639 6.146518 3.269661 4.415375 -6.194966 8.391008 -1.829327 8.473592 -9.820885 -1.476140 -2.066528 -1.059885 -9.491117 -5.427495 -1.412628 -8.262321 -5.024898 -4.439475 -7.104545 8.576098 -1.157230 5.304019 -4.073783 4.081537 8.779110 -4.845549 -7.095404 -9.160144 4.809217 9.651327 3.891247 -9.974018 2.946308 1.348500 -9.744418 -3.727455 -6.490789 -3.045803 1.193709 5.192099 -6.188826 7.164425 -3.141542 5.599016 -8.317465 6.105019 0.269598 3.770077 4.508232 -6.579192 -4.578196 8.750673 -4.865240 2.822613 4.123366 9.106052 -8.989203 7.913694 6.604360 7.128242 2.800046 -0.802527 3.024344 5.233707 3.099141 2.708895 6.135140 -2.233189 2.976694 -0.543739 8.046991 6.099437 -1.276067 5.825655 6.841865 -2.611948 -9.686535 5.221316 -4.119859 -3.800144 2.727504 -3.710029 9.738065 6.159089 -7.432589 0.694707 1.021041 -7.451675 8.420291 -2.477122 -7.339957 0.203716 -4.794822 -4.631283 -4.209870 8.742461 4.994148 -1.058632 1.228669 -8.904407 1.845061 2.148147 0.790179 0.175381 -3.267828 -0.526426 5.429866 9.050223 -7.620650 -2.014858 -5.710855 -6.559514 2.813411 -2.959037 4.380270 -6.894422 -4.357206 5.849616 4.237122 8.393608 5.470849 -3.689303 -0.641456 9.377084 -2.594832 -7.970194 -3.475128 -2.057630 9.596690 -4.187429 5.849296 9.365507 3.574352 -9.442892 -7.305399 1.399976 7.970002 9.754939 -1.516199 -1.849737 -3.966788
-6.629148 7.291232 -5.655010 9.030187 -9.362648 8.209378 8.501537 -5.674465 -3.004153 -2.789421 -8.594991 -0.271715 -0.390114 -1.787061 -5.172403 -4.863109 4.520232 8.640429 -8.449599 -9.027591 7.569944 -2.488147 6.452430 -0.240850 6.525247 -1.833700 9.610302 2.202964 9.014115 -3.532309 -7.101485 -0.282366 -5.262369 -5.654279 6.774234 8.334047 1.770892 1.391012 0.175243 -7.982215 3.112032 4.162271 8.867345 3.998767 8.025438 -3.081690 2.471618 -7.466818 2.059656 -5.474930 0.094393 9.799378 -6.414000 8.795121 6.326466 -5.684269 4.589127 -0.200649 -3.986601 -4.238421 3.316480 -5.484295 8.419553 2.004332 0.957444 -6.328476 5.763434 -7.792793 6.371199 -1.537224 6.035655 4.808158 2.891348 6.181835 -6.465240 -4.275429 -1.947122 4.985374 8.189097 -5.756691 7.865968 -1.824347 -7.949784 -6.746675 5.434434 4.970659 -0.788604 -6.722729 -2.619143 2.282895 -9.633112 0.009332 9.227045 -4.366936 0.312699 3.776380 9.258716 -2.257458 8.576726 -5.116797 9.970345 -4.200152 -4.970140 -1.588693 1.347568 -3.922526 6.693962 -3.939277 7.854190 -6.088076 5.521517 5.768898 7.344158 -8.282224 7.189954 -7.585092 3.797958 -7.153771 -7.601901 6.433944 -7.211401 5.405920 -4.709353 -3.833625 -2.343774 4.446476 -1.660963 -4.384552 6.388185 7.059894 -4.213096 -3.285602 -6.003172 6.753121 3.612346 -1.104481 0.227960 -1.350718 7.970918 -0.324569 6.261331 3.729501 6.823520 -2.946210 -4.932982 -1.430236 2.886273 -8.086025 1.362651 -6.863901 3.450654 -2.259927 -0.616918 -9.852383 3.016765 9.293203 4.446683 4.626299 4.498214 6.879569 -4.686861 -9.162567 0.268312 -2.180332 -1.566917 3.075167 -4.297947 0.145335 -6.701501 -1.808008 -9.216367 5.281920 6.494786 -6.561571 -2.321434 8.068521 -6.545649 -1.281494 -4.281262 -5.384174 -7.835765 4.743517 -6.377405 5.615974 -6.093045 5.404657 -6.522719 -4.431448 4.619699 0.263914 -8.248019 3.682527 -0.149044 -8.448759 -1.209004 -7.735965 -7.814956 -2.793337 6.393782 8.471574
7.472503 5.842352 6.427518 0.195553 -6.984888 4.628452 -4.726711 -0.485984 -5.463439 0.525330 1.131497 -7.209791 -4.693748 0.227523 7.418492 7.291374 -8.552782 -7.085850 -3.878151 7.437218 -4.469321 9.712797 -6.657813 -0.329322 -2.597935 4.317574 3.681214 -9.864936 9.884037 -9.142524 0.855884 9.738024 -2.105156 2.163048 -0.226070 -2.502572 2.798873 7.419669 -7.742335 6.123632 0.678731 -2.216977 -0.887742 -2.317046 8.548287 -4.123298 -6.672932 8.661328 -5.332991 -1.471274 2.389193 0.244318 -6.096733 -9.397453 -8.595875 -0.405143 8.568707 -0.715226 -5.039819 3.181203 2.871412 3.896898 -0.552216 -1.127268 9.864625 6.293128 -8.074372 -6.011568 -3.740275 6.517245 -8.665788 8.150613 -6.910180 1.025406 -8.298662 -1.310840 -1.447331 0.382408 -3.318628 -8.557743 5.447383 -0.085667 -7.555118 8.790293 5.771614 5.237127 -5.342319 9.789386 2.591625 5.745764 9.531183 0.732160 6.134777 -7.752154 1.160984 8.054466 9.142397 3.098435 4.610665 3.057610 -8.462794 -4.539894 -0.063653 -1.063709 7.753683 7.494029 -1.137600 9.658370 5.242304 9.789556 7.863125 5.665530 -8.672077 -3.809850 1.145444 -0.652997 -5.001575 -5.466065 8.261869 -8.114898 -5.470844 -1.288365 5.265748 8.082978 9.142414 -5.188126 2.339137 6.522904 2.049984 8.577164 -3.093113 7.720308 -5.997510 -2.355166 -3.574628 -4.992694 9.983702 -7.299077 9.979376 -6.462120 -0.065301 2.076298 -0.093887 -9.227515 2.259126 8.117798 -6.063522 -5.067836 -5.515082 3.580948 0.265310 -2.578436 6.271296 3.225728 6.940516 6.553051 4.930647 4.553900 -9.700578 -1.165190 -9.444648 -2.785400 -3.793500 -7.994754 6.870315 -7.130228 -4.160757 5.019224 0.463725 -6.360736 -2.570919 6.022658 9.568474 -9.596535 -8.467749 3.391341 -8.371707 5.144410 -9.263529 -5.039144 -6.167742 -6.062680 4.522605 9.419922 -3.291323 1.235398 -8.189300 9.977507 4.635695 -8.826309 3.352313 3.676987 -4.863927 -8.117493 -9.183889 -7.620330 -9.795960 -5.804067 -0.257039 9.731367
-5.221983 -5.658514 5.967702 -0.517393 4.420764 -3.157350 -3.126639 5.517648 -6.839753 -2.412298 -6.476819 -4.158353 -3.100255 -6.822912 -5.419190 0.335413 -2.484042 2.651108 -5.710018 -7.287252 -4.728203 -5.473639 6.371694 -1.268709 -4.109508 -6.032946 -8.311545 -9.609292 4.283948 -4.068908 8.142165 -9.603724 -9.735695 2.739232 -4.165457 -5.924133 -7.209918 -9.952770 -7.740399 -4.295044 7.203940 -8.880392 -0.095844 9.161019 1.835541 -8.450006 -9.865066 0.313219 0.934197 3.570486 -1.082707 2.618426 -9.867614 -4.042981 8.929315 8.707120 4.878389 -2.440277 5.610614 -0.103521 9.273372 -7.027670 -5.387793 0.984759 -4.619394 -1.153719 9.062214 -5.325594 1.185102 -0.386816 8.782396 0.775020 8.825991 1.040554 -9.274450 -3.549555 -0.116138 -5.936245 6.688731 -5.603962 1.704875 -1.333754 1.784572 -5.958582 2.797161 6.315227 -8.787138 5.628018 5.155768 -9.478091 -5.350771 -0.050965 5.666439 -8.745490 -3.612217 -4.358820 7.753048 4.551727 6.191860 7.833385 -2.970252 3.604283 8.663598 -8.105624 0.780286 8.254231 1.828925 -4.428147 1.859315 -9.580918 4.994018 -6.821126 8.775551 2.902906 -2.522362 2.611195 1.144629 -3.397422 7.278246 -4.437516 -5.571811 -0.556823 3.501774 -4.257912 -9.310184 -2.861211 4.150756 -7.881548 -6.003758 -1.508559 1.579803 -4.677460 9.993575 -2.914410 -7.506103 -1.338107 4.577476 4.149957 -2.014627 7.737986 -3.994770 -6.267941 -9.483243 3.071576 2.883655 -3.833795 -5.343010 -7.585192 -7.045092 -8.866376 -9.318927 9.767643 1.756665 -6.410540 -1.828826 -9.859773 -8.438324 6.567548 8.071809 8.025816 6.860728 3.311764 2.687016 -1.542339 -4.394440 8.789575 1.909233 -0.330501 -4.134112 4.814452 -1.525840 -6.797489 -0.406385 3.212208 6.995034 -0.851373 5.401778 7.045137 1.075260 -1.925053 5.171146 0.579523 7.755196 -8.144370 -7.151315 -7.190011 4.726856 8.956283 5.459903 -6.038862 5.646151 3.985857 -0.453459 -1.241080 -8.563557 -3.329300 1.444561 8.614726 1.299771 8.512480
8.093938 1.179890 -6.055694 -5.704891 7.728030 1.270094 -9.824164 -0.227870 2.450285 -7.126704 2.917083 4.098888 3.552486 0.658428 -5.034641 9.016366 -8.077233 2.346071 -0.940737 -7.657967 8.470484 -8.382839 -8.108129 0.651207 -8.196704 -6.519909 -4.794537 1.705011 4.037970 6.108965 -6.682608 4.113313 0.921827 8.430139 2.925897 7.978022 6.458922 -4.175944 -0.959543 -6.000772 -6.958446 5.647295 2.109000 3.823133 5.572769 3.329272 -7.349905 2.406013 7.302891 2.850985 6.104882 -4.143630 -6.417009 -8.257580 -1.862523 4.191112 4.946822 -6.729588 -5.760159 7.048524 5.906825 7.841288 -5.541632 -5.011776 7.824718 5.286804 2.399638 7.250651 -1.428490 -2.752966 -0.734700 0.085659 -4.094023 1.115453 1.756960 6.899344 -1.258139 6.447672 4.954674 8.869193 7.228690 6.818224 0.798065 4.580173 8.984082 -2.388784 0.976581 -4.335377 -4.786200 7.353929 3.465539 8.758882 -6.270813 -4.544141 7.143081 2.826859 -9.126875 -5.627006 -8.282193 -2.397655 -3.914171 -5.013134 -6.399530 9.413535 3.765804 3.245217 6.867776 -3.197248 -9.124553 7.912142 -3.899439 3.791072 9.388000 -8.461446 3.255950 -9.065210 -3.481758 -1.391683 6.470658 -6.250125 -7.896830 -0.784844 -0.358397 -0.314587 2.335432 -7.772993 2.831344 -5.750150 -9.009392 -8.623829 3.890500 0.093765 -9.790897 -0.400599 -1.047368 -5.156952 1.084024 -9.098718 -6.051446 6.252336 -9.444892 -5.185792 0.450329 8.541511 -1.849411 9.010712 -6.945636 1.788107 8.844934 2.781525 -2.235565 1.634820 0.386010 6.248586 1.909471 6.137150 -6.544652 5.131100 -6.231426 -5.658503 2.780473 1.025128 2.493276 7.499617 4.735777 0.477002 7.322676 -2.539734 4.803166 -0.089375 0.968934 -5.499313 7.621706 0.687529 -6.930853 5.224622 -9.476816 0.694224 3.308786 -6.563513 -9.749305 -6.974661 -8.839324 -3.497461 -3.904343 -7.753677 -2.127881 -9.764884 -1.514919 -0.557432 4.041485 0.881126 6.009635 -8.319041 -8.756879 -7.735330 7.070846 -9.178654 9.186400 6.998649
8.084855 -0.794003 -2.450278 5.885443 -5.848351 6.760884 7.053611 4.917076 2.570750 6.058243 -6.071691 3.522445 2.187584 -2.287542 8.438146 4.827622 1.627108 -5.480916 3.680931 6.138853 -1.763444 0.855340 -6.725699 2.198987 8.467712 6.933362 -8.631842 -3.465905 -6.204137 4.254423 -1.508781 -3.438338 3.523719 -3.365837 1.677429 -9.683578 -7.689350 -5.224265 -2.691858 0.789138 2.212849 9.165450 6.830782 0.058678 -5.237558 -8.018171 3.817783 4.836837 -5.049214 0.506456 0.965555 5.501142 -9.602672 -7.550691 -5.758392 0.063921 7.391629 3.876588 -6.901617 3.819938 -7.556874 -2.132393 -0.407869 -6.130911 -0.236715 6.390379 -6.051633 0.961360 1.392735 7.818258 -7.180384 3.149681 8.525676 0.159839 4.165101 1.373547 -2.724099 7.347156 -2.055236 -3.359825 2.944693 6.893146 -9.010894 9.176992 -5.637765 -7.149017 0.097126 -1.405154 -7.474522 5.188877 -8.744309 -5.186888 -8.964907 -4.347406 6.826504 -1.404878 7.595210 -4.371733 -0.956598 4.484359 6.374295 5.485314 0.280521 -3.817833 -8.005412 3.062415 6.924924 5.046966 0.933055 -5.535523 0.945092 8.588902 6.091979 4.588671 -2.396308 -5.399300 -2.172468 -1.498242 6.820197 8.941582 -3.935570 4.497441 5.328539 -1.647634 1.194447 -9.063595 7.269259 -0.971953 0.196309 -0.350025 3.419494 2.798049 6.992020 3.314051 -3.370136 -2.696787 3.020668 -0.431105 -2.906743 3.354936 -2.378315 -3.364342 -5.643155 -5.722979 -3.669977 0.832031 -8.332406 -1.273556 -6.436980 -2.692818 2.826616 -5.437907 6.508628 -7.434224 6.568955 5.797342 -8.976633 6.040277 1.843065 1.025994 8.205248 -3.169279 -6.452482 -6.790312 -1.395724 5.864102 1.777648 -2.051538 3.139297 -7.683680 9.669536 2.461231 9.813471 4.514846 -5.128385 2.975360 3.829368 -3.984562 -3.248967 -2.853471 -0.320854 6.053741 5.799948 -3.781572 -8.870355 0.347199 2.808749 7.642969 -2.695112 4.208741 5.274286 3.818440 -9.422947 2.488114 -7.601755 -1.450797 0.375688 0.989663 1.395268 -6.537832
-2.179162 0.149539 4.341502 -4.028052 4.316833 -6.028622 -6.048764 -8.980756 -3.823265 5.808017 5.391821 -0.926445 4.796601 -0.947754 -4.448052 -2.529874 -7.272094 -9.438446 8.964527 4.304500 3.036818 4.428785 -4.215029 -5.061970 6.409695 -2.811231 1.578997 -8.917948 1.088607 -6.263490 -6.535103 3.951928 -5.635079 -9.233075 -2.114469 2.380999 5.836730 9.385062 6.950629 0.293834 -2.942739 1.997177 -9.220709 -1.599748 -5.873008 -4.006349 -4.514518 6.896908 1.805143 4.360935 3.006418 -1.769589 -3.160171 4.418753 -1.400881 -7.899299 2.245201 -3.762597 -5.662248 -3.866875 6.263990 -0.674463 -1.506795 -2.410060 -9.038513 3.464079 6.914636 -6.894270 4.343893 3.534953 9.968666 -0.196197 6.755775 1.576416 -6.015045 4.014883 5.495880 -0.445112 6.561558 -0.570447 2.949128 6.603364 -4.517618 -4.506641 -7.641490 -5.813591 -6.712833 -6.145051 -4.539704 8.413352 5.764160 -7.185505 8.587033 0.064513 2.749122 8.789881 4.145874 9.030144 -4.693394 -4.596538 -2.452564 -4.303517 -4.569294 -3.999307 -8.658601 -3.284265 -4.692543 4.722923 -6.960169 2.671395 0.523225 -7.605981 5.349253 -7.165982 -7.755742 0.901702 7.706997 -3.806307 -0.566762 -1.899390 -8.217104 1.971157 -2.183228 1.552177 7.068597 -6.744146 7.635443 2.181063 2.388019 9.091776 8.281763 -7.062227 6.784417 6.342023 -5.983678 1.308455 7.164918 8.049809 -4.952563 9.248688 -3.919056 3.273231 -5.929100 -5.139656 5.497808 -6.084930 8.149332 2.401828 -9.152217 -6.959717 1.443407 5.001233 1.814158 -9.311842 4.833712 -6.047044 -6.503200 6.821813 0.944814 9.709831 4.585151 -1.808352 1.185808 -1.564424 0.862118 5.075761 -3.932148 8.701650 -6.749663 0.047372 -9.416957 -4.835940 8.122636 -9.885800 -4.493902 6.573477 -4.643691 -0.899742 0.733085 -4.966253 -7.830600 -6.563678 6.084684 2.186961 0.476498 -1.601636 7.265511 -8.320763 -3.676427 -6.025912 7.064507 3.013772 -5.189395 -4.796363 9.288497 5.382012 -8.193004 7.514799 -8.377452 -6.830354
9.834156 -1.494814 8.800392 -2.627008 -2.970102 -3.712277 2.037028 -3.726944 8.225032 -5.869801 4.049080 2.511434 -2.881410 -9.323423 7.923515 2.901171 2.707208 0.767743 -3.917891 -7.630919 9.563791 4.413417 0.933776 4.196115 3.566737 -0.917737 0.535873 -8.300525 -9.685815 1.258458 0.980101 2.521172 -2.231929 8.751494 3.916217 -5.159187 7.128244 -6.695617 -6.947525 2.462049 -9.002363 -4.536562 -3.727795 -5.626203 8.787196 4.902484 -6.085625 0.171984 7.527242 -1.232405 1.767854 -4.564794 7.296967 2.290286 9.591505 3.786627 0.151472 -8.112058 -9.035312 4.750211 7.300638 4.553174 -0.872616 8.205317 -0.880708 -9.589684 -3.381788 -3.858086 6.627975 0.427629 0.891901 5.970457 0.523303 -8.506157 -9.019030 9.203479 1.175344 -5.661858 7.188212 -6.243610 -1.848927 2.434605 -4.365015 -9.084031 0.005884 4.828201 5.050796 -3.272259 -7.013670 -6.807142 5.059201 -3.553357 -4.025966 -3.153459 6.001313 2.973909 4.380735 7.551050 -2.216301 2.499731 -3.010154 3.923530 8.714225 -8.586742 9.408392 -3.616464 4.554581 1.846901 -6.039182 -5.190201 5.821501 -4.369992 1.736808 -2.393095 0.522159 -9.455755 2.418054 8.943410 -6.782375 -2.396374 -4.556121 6.747628 -9.214301 2.375945 -8.830376 0.534012 1.045729 6.534242 -0.681221 -6.840491 -7.817745 5.983267 1.280366 7.854325 7.895795 -4.482785 -9.905042 -6.605089 -2.693517 -1.352936 -1.347079 -2.302269 7.785365 3.192416 3.505811 -0.047323 7.872903 1.757652 -1.733358 -4.236567 6.828956 -8.700924 3.052731 6.867480 -2.465722 8.048209 8.239967 2.359351 7.030693 8.273204 -6.524602 -2.684777 -7.818953 9.083621 1.394655 -1.774260 8.876940 -6.687643 5.401662 9.004077 6.741865 -0.480184 -1.110907 7.845848 8.900212 -2.302179 1.709600 -2.024210 -9.636242 1.818969 -6.135167 6.451015 -4.356430 -7.748994 2.035215 -6.112833 -4.127522 -6.616977 3.784045 -5.693524 -9.023579 -3.828497 -9.842099 9.295813 2.391658 5.813111 -9.915242 2.844169 1.334652 2.168207
-9.903531 8.031106 7.198271 3.221330 3.173677 -0.210542 7.027847 1.499814 1.329926 -2.989228 5.633463 -9.024217 -8.874887 -5.449187 8.382713 -5.063918 -9.611125 -8.175779 9.311826 3.956644 -3.827043 -3.546412 -7.320961 -9.945757 -1.468425 -6.698795 -0.129743 -5.896109 -8.433420 9.537764 1.560863 -6.763027 9.622739 -8.979782 2.248957 2.636361 -5.326916 -4.599104 -8.331742 5.946782 9.431969 -6.258361 -0.363597 -8.024013 -0.589710 -3.577638 -4.715734 -7.705478 6.515872 -0.020527 2.851244 2.921567 -3.477793 9.335985 2.501670 6.256821 0.976823 5.980436 -5.022539 5.560650 4.710440 0.382060 -4.368365 5.170783 -3.563912 7.934701 6.908259 5.283602 -2.951952 4.454951 2.351595 -3.068620 -9.603908 -5.018824 4.758772 -1.134014 7.828408 3.146901 -0.939078 -0.938374 8.964519 0.819634 -4.859578 -3.711817 5.511854 1.047356 6.092737 -2.612755 2.985529 2.485404 -4.415326 -2.396861 -8.053141 -2.902725 2.838001 -2.108383 4.448068 1.910724 -6.926125 3.954381 -1.490290 1.911857 -2.934072 -5.287034 -8.108838 -0.114020 -2.177143 5.096313 8.763705 2.425336 -9.284656 5.489461 0.387410 -3.746972 -2.715676 8.519762 -0.692132 -6.807847 7.691489 -2.229586 -5.511077 -6.257272 9.347115 2.174566 2.213856 -2.311340 -8.764335 6.321804 0.956845 8.478001 -0.180784 -0.058185 -3.306341 9.244474 -9.306318 9.130307 -0.763175 2.777900 5.766335 -5.316432 9.402567 7.913132 -9.034999 -9.667295 9.811725 -1.450287 -6.332440 8.364341 -0.714700 -7.295228 -3.493167 9.164448 -9.910005 7.088480 -0.736347 -9.556494 -6.064951 4.600334 -6.228768 -8.682641 3.632970 4.332937 4.986618 7.019489 -5.739816 8.485240 -0.029568 4.621820 7.380561 1.800251 8.304065 -6.947497 0.017585 -9.904759 -6.281959 9.191617 -9.460156 5.520338 6.390792 -0.698069 8.541916 -2.211813 7.447492 -3.798710 6.060938 -2.337579 -2.046744 9.324752 8.538961 -9.902987 -0.950647 -7.950787 1.540871 8.473276 8.758762 -5.979085 -1.983269 1.266768 6.812545 -1.714371
-0.653254 -4.278664 -4.192808 -1.295533 0.027031 -4.046333 5.827347 -7.357740 -8.983797 -2.821157 4.012747 -4.415540 4.223642 6.626122 1.601904 -2.912795 -3.053311 -0.904254 -8.334638 -5.884103 -0.785580 7.313653 7.438913 5.805698 2.774691 1.169244 -3.223856 7.647454 5.742984 -7.421042 -7.823564 -7.050771 5.093019 -9.402743 1.881429 -1.461443 0.045122 -2.310895 4.281933 -3.268620 -9.375803 -8.716593 6.882707 -1.820060 -1.082957 3.052507 8.361996 -9.334018 -7.309464 9.391578 -3.862666 -4.538918 -1.280743 -9.767776 9.437179 2.965349 5.362856 -6.557440 3.146010 1.914485 -9.213411 7.682966 -9.572571 8.590451 -8.228774 1.316313 -5.046551 -5.494042 -3.074053 9.849411 -6.328020 -9.260025 -4.843158 -0.005441 8.094873 -9.251488 -3.236344 -3.492891 -2.950778 -1.904560 -6.827659 -4.088925 -3.756414 1.095647 5.157190 -0.753009 -1.974828 6.776911 -0.910104 1.749007 -1.568727 7.403793 -9.028004 8.118204 -7.773298 1.180013 -7.452113 1.667180 -5.400050 3.449822 8.306476 -2.653239 -5.945745 -2.117413 7.306267 -2.595852 -2.219233 5.074046 9.573467 -3.123784 -7.650320 4.850145 -3.678155 -2.223269 -8.751401 -6.371385 -7.748945 4.636824 9.092394 -1.410484 -1.135902 8.815970 -7.066485 6.761157 6.612935 4.009579 0.860955 -4.853809 -6.642102 8.393572 1.915464 6.048423 -7.089367 6.337936 1.432031 -3.515139 6.495786 -2.761086 2.620234 9.421898 6.408104 5.252541 5.412999 1.417843 -3.651851 0.295820 -5.504070 4.657351 9.998515 -6.964273 9.509187 -2.437387 9.177669 5.144054 8.236178 5.896212 6.493483 9.033438 -1.412285 4.181896 1.021633 -7.207072 0.217183 6.489817 -6.146002 -1.168981 9.009438 -7.783620 -7.821697 -5.419110 8.047212 -9.327267 -8.134649 0.128876 -9.423618 -7.722042 6.531811 -5.222150 -0.075784 8.674798 -2.735943 -2.189079 -3.310593 3.640315 5.698797 -9.999262 -6.516460 5.260383 6.337565 -5.538011 -1.430770 0.657063 1.494270 5.619970 -6.784130 4.197925 5.129253 -8.854093 -6.757022 9.485291
-9.095691 -9.921399 -3.640863 2.856047 2.749591 -7.992941 -5.125848 0.847310 -3.641086 -9.240810 -2.928291 4.676741 3.001725 7.401319 -3.717877 -8.001611 -5.250871 5.518926 -7.725165 6.529455 -1.048329 6.028386 0.691619 -4.715261 5.365777 7.319906 -4.844609 8.199962 -8.870844 -3.002862 -8.921358 9.024336 -9.594020 3.032475 -5.818793 -1.094080 6.815442 5.490525 -1.999034 0.771317 8.980408 0.205841 8.047922 3.687564 2.113246 -0.694084 4.453640 -7.589034 4.974015 1.960730 -7.085486 -3.455241 6.711817 -2.413193 5.695551 -1.371109 -8.815208 9.971437 -0.553728 7.357406 1.055942 -1.531077 -7.615660 9.515927 -4.203565 1.545857 -5.200432 9.909212 -9.981248 8.883266 5.392935 -7.044730 -6.140777 -0.564404 1.404106 5.419798 -0.362008 1.952274 -8.594642 8.239258 -5.038556 9.228190 2.321108 -1.836764 5.282769 4.084827 -0.680733 -5.840023 1.026378 -1.875720 3.153174 -1.921821 0.694279 -2.821857 2.160072 -1.211904 8.780154 1.202234 -6.318338 5.283969 8.394701 5.734434 -7.045715 -5.315256 3.580550 -4.448545 -2.384659 -1.674057 1.446614 -8.017441 -4.760494 -1.783368 -0.974697 5.595011 -5.191208 5.064624 6.051346 -1.294688 -6.556641 3.046436 8.597183 3.965728 9.734180 5.117112 -4.899647 -9.598857 5.376296 -0.745441 -5.668209 -1.512641 -8.563670 -9.349548 -2.814021 8.735132 -3.033417 2.519256 -9.095079 -2.902626 7.571831 8.118851 3.559226 -6.028735 -3.175329 -4.713211 0.719409 -5.934546 -0.255052 -7.944909 -7.269551 2.126806 -9.391537 -4.964273 2.825778 -5.629001 -4.894293 9.882331 -5.436957 4.063988 3.187718 -0.293191 -9.926120 0.753814 5.601605 -2.870037 2.563138 3.743332 8.627869 8.569240 1.119229 7.121721 -8.434209 -1.323832 -4.936580 -0.628494 -0.450989 -3.515898 8.120894 8.615562 -0.842230 -6.827938 -1.559537 3.246261 0.602747 -9.280271 1.807163 -4.874027 9.235453 8.008462 2.183606 -0.834228 5.777105 8.636239 1.451225 1.104361 2.955689 -6.504163 4.054057 -6.450225 -8.517625 -0.757550
7.896271 -3.250274 3.302566 -9.860519 -8.497883 2.778538 5.753492 9.889301 5.758802 -1.906371 -1.678261 -5.872642 -6.363252 1.216463 2.403568 1.831638 2.739974 -1.039397 3.555073 0.421867 3.457775 -4.593242 7.977741 -3.049471 -3.279802 -1.776477 8.839197 6.532965 -7.336388 -2.659865 -8.221530 1.037660 5.531463 1.295733 -6.534171 -5.332237 -8.026739 5.738445 -7.092931 6.151516 -0.316117 2.043538 0.562403 4.599978 -8.691219 -9.244966 -7.673221 -7.784711 2.186393 1.191998 8.545006 9.094021 -4.313620 3.741662 -7.622330 7.073011 7.194613 0.153431 4.817006 0.098348 -1.057108 -6.517998 -3.634053 8.118715 3.653090 -5.920044 9.267670 -3.395296 -7.310660 8.495526 0.800426 6.018886 -3.579300 1.663163 -6.853312 -8.120412 0.715161 7.103572 -0.304537 -1.273620 1.512972 4.634235 5.932859 6.801360 -3.942958 -9.446745 -1.914910 1.386480 2.786113 -1.018909 -1.403152 -5.453947 4.473202 -4.863403 -9.850737 9.437247 -5.933956 1.205885 -3.271311 -1.411599 -1.249473 -3.754840 0.616797 -1.994180 -1.073416 7.712684 9.614449 7.675662 -7.353529 -6.524394 -0.373551 -8.316476 -1.759075 5.023041 7.670486 7.257226 -9.994924 -3.223337 3.663471 2.696716 -6.376339 1.972276 -7.943819 3.174113 -5.902821 -8.633656 0.765915 -4.489949 -8.593705 -0.385135 1.438884 -1.462790 3.189544 2.016452 1.713374 -3.445688 4.680997 4.766748 -1.856924 -8.672010 6.760451 3.600193 5.277285 1.395745 2.718429 4.010286 -8.342862 5.318494 3.468395 -1.819750 0.871735 9.229125 -4.378806 -2.912494 6.449273 6.550871 -5.972457 -2.963395 3.548433 9.197585 -2.460444 6.552171 -2.388850 8.227245 0.869978 4.958998 -0.952854 -4.606883 5.640341 -9.443066 5.624878 -2.376425 7.860767 -0.404793 0.117798 9.378577 -4.899271 2.441540 5.624761 -1.976730 3.368785 -2.223813 -7.822890 3.367983 0.152399 -5.560761 -1.225797 -7.116948 9.976690 -4.648091 -9.411365 3.160267 6.874379 -8.544129 5.927012 -0.452230 -4.848309 4.385133 4.705241 6.002984
0.611797 -4.902065 -1.321188 7.322480 -7.487993 8.866316 -3.191934 9.217788 0.440625 6.496451 -6.363257 -6.077394 -7.091450 -1.368954 7.844652 -9.931458 2.559294 -1.879230 6.160148 -8.687196 2.837366 -0.214833 -1.953217 4.243947 -4.008853 -5.446122 -8.254153 -6.058880 0.078586 3.992324 8.990518 -4.437227 8.256541 -5.362441 -3.349306 -6.696897 -5.474572 -3.332861 1.365632 7.031921 -8.604717 -6.757453 3.754521 -9.762473 8.693286 1.333912 6.663924 1.013695 1.708110 3.490720 -2.412578 -7.164974 -5.209295 5.596753 -2.824373 7.895988 -1.850063 5.137338 -4.491491 1.486515 -6.642212 5.562338 7.183444 -6.746455 -8.116436 -4.980501 -5.677211 -8.529826 6.751872 8.987609 -1.786869 -9.155323 7.243791 -3.062504 -4.946851 9.769142 5.899516 -3.808947 3.974576 5.087145 -7.774531 -7.108517 0.665471 -7.726599 2.844678 7.973925 -2.201167 -6.589772 2.757399 -4.123854 -3.255281 7.133334 6.420490 -7.947706 -3.689198 5.551738 -9.515438 -5.096310 -3.671956 9.161650 0.994450 9.455798 -7.736949 6.209792 -6.087328 -1.279925 -3.494988 7.189599 3.177744 -8.556109 3.336573 -4.173401 0.912715 -4.487955 9.136429 -2.017858 -8.860368 3.071295 -2.500110 -7.832230 5.261826 2.957452 5.923156 -8.597056 1.066542 5.869151 -1.990554 -1.583715 0.482252 5.716653 5.289378 -3.827903 5.017930 3.681236 5.481788 1.473410 -1.243897 7.630236 -4.679392 1.900541 -1.726677 2.122128 -1.537854 2.205484 -9.858685 -7.067344 -1.090538 -7.299034 -5.919548 -0.402300 -4.912179 -7.638869 -0.463060 -5.446239 -8.089271 3.388722 -4.125619 2.699882 -4.417767 6.881235 -2.545191 3.529359 5.582327 8.963682 7.792757 -2.503438 -5.175580 4.507316 5.012538 1.850834 6.198062 0.949828 -4.773537 -2.088551 -8.088875 7.028546 8.513470 -0.699551 -2.215232 -8.165391 5.434572 5.820917 -1.430024 6.496799 7.316365 6.482289 -5.892444 6.630645 -1.496573 -7.044929 -1.843185 -2.605691 1.587073 -7.123193 0.440398 -8.867832 -1.970234 -7.280181 6.698557 -6.966847
-0.687783 9.088824 -5.660867 3.530736 -0.826148 8.217265 -1.663646 7.226226 0.722646 0.941058 -8.929206 8.663195 7.837153 1.492006 6.206136 -7.154411 -1.555597 -0.733129 4.535806 2.434256 4.268910 -3.923801 -2.158371 1.540518 5.861897 8.329163 -8.479900 4.242127 6.332972 8.575590 7.569520 -9.115913 -8.614749 1.978195 -3.761970 -7.583640 -2.388977 6.056599 -3.855883 -1.159286 -1.485989 -6.819342 2.185783 5.930549 7.286281 -6.447326 4.430846 0.191820 -9.785547 9.129440 -4.193485 -7.289697 -6.825333 4.495163 -4.626043 9.667372 6.043979 2.991114 5.383308 -9.139763 7.441296 4.953215 8.857105 0.692217 4.159649 -8.141244 2.225338 -0.754184 -8.969416 -0.883537 1.189112 -7.449294 -7.674944 6.213258 4.910515 -9.593093 4.821917 -5.842618 -7.091894 -1.778601 -4.021676 -6.213259 -7.977369 -6.209040 1.986662 9.715469 -7.946002 4.064498 6.936777 8.399394 0.867889 -3.211439 0.557999 0.338634 -7.488005 -3.826113 -8.768665 -0.961235 6.335081 0.676755 7.876475 4.938526 3.153008 9.144045 3.816257 3.767178 9.468638 -9.881655 1.048706 4.393391 7.463314 0.690139 3.462470 2.933681 7.998261 6.436676 -7.401764 -1.316883 -3.210059 -0.123140 -9.990570 7.327677 -7.963735 -9.557295 -4.224283 -4.989601 1.877013 6.392811 -6.501567 8.973486 -7.159174 4.650405 3.976847 4.439496 -1.959991 -2.353215 -8.243290 1.697341 -6.624923 1.153143 3.903992 -2.391231 8.205539 -6.093874 -1.788843 4.090346 -2.275098 1.935582 -3.275434 5.673582 3.670748 -3.819530 7.894600 -7.145697 -8.378167 2.029010 4.451452 -4.364700 -8.425909 -4.824300 6.534383 7.022934 -7.479236 -0.633084 5.764321 4.168539 -7.272072 8.314647 -3.822147 4.404798 -4.005037 -4.669767 -0.737403 -2.930634 -4.809404 6.576390 -4.785961 -0.204694 -3.263960 -8.893055 7.522976 -3.093905 0.450329 -0.050229 4.921414 -1.542330 -6.235551 -7.321895 3.328509 -1.349668 -1.476846 6.914599 0.111728 -1.705672 2.798097 6.301613 -0.669170 3.635873 2.246226 7.733566
7.622989 7.132229 -5.114665 3.806004 -2.899418 -4.392191 -3.972323 5.978363 -7.484608 1.392299 -9.146416 -6.113693 -5.596374 -3.380683 5.195565 5.660614 -9.895694 -5.770775 -8.270974 -5.481431 1.458336 4.931434 -4.692147 4.434869 -3.944046 2.196708 -0.755120 8.804530 -4.939188 7.343242 6.834361 -8.000209 -6.987317 5.564377 -5.290466 -8.352513 3.448931 -7.982628 -3.324496 -9.220359 2.232467 -9.698977 -0.109888 2.083348 2.026367 4.988082 -5.368584 4.695095 -2.104940 -2.136788 5.261042 -8.058880 -3.609410 -8.682278 -5.033740 7.745499 -8.195834 -2.936370 1.277932 7.664089 5.482030 -2.965950 2.655651 4.013332 2.519102 -4.953925 -0.445090 6.849960 -7.134655 9.150734 7.219145 5.551876 -2.658892 -0.103366 -2.707088 -9.078788 -7.154510 -5.198817 -2.721518 4.826742 -7.778586 -9.533318 9.092291 -6.599338 -5.912842 9.057530 -3.669885 6.570949 1.777411 5.993801 8.968438 0.453343 -9.334476 0.587406 -5.831595 8.442523 -7.192024 -4.757534 1.720297 4.886962 7.848884 -3.283324 7.388689 8.039052 -9.566829 2.132524 8.377589 7.607139 7.838589 -2.007343 -2.360259 -3.248003 -8.104448 5.189252 -5.783985 8.513211 -0.142762 3.090042 8.935267 -2.143028 -4.140133 1.729915 -0.985310 -9.722169 1.898426 -6.937277 3.610159 6.340945 6.153173 -1.035735 -8.479646 2.029799 -8.181963 7.024152 -6.420670 7.842587 1.645020 9.492096 -2.097752 4.530687 -5.198267 6.501995 -7.681052 -0.959336 1.225070 2.571567 9.801088 -1.508177 -9.364937 -1.348258 2.436913 5.154025 -3.905214 9.788258 -8.298073 4.871854 7.297031 -9.620347 8.872417 4.189282 -6.137084 5.890694 -7.679265 -3.846336 -9.869399 4.085904 -7.190076 -2.510049 8.305046 0.191553 -0.544760 1.726508 0.683504 -1.230468 1.929150 -4.994910 -0.994492 1.808062 5.924277 3.983109 6.514883 0.241847 2.200397 -7.652054 7.839779 6.715348 -0.082649 -8.958487 -7.076652 7.694432 4.643981 -4.091503 5.261944 0.304555 6.034042 -0.655114 1.594110 -3.791826 -4.462315 -1.043953
-5.634490 7.483406 -9.671841 -2.786349 7.972999 -0.417671 -0.315173 -4.792957 -9.083638 7.918680 3.321481 -7.935514 4.750812 2.144417 3.991180 7.572931 -7.568883 7.746773 3.443470 0.372330 6.990799 4.949593 2.341569 -1.809088 5.743236 -5.541021 9.387760 -2.953511 -4.560085 5.475092 9.429597 7.828572 -1.692405 -3.879158 -2.541993 -7.264172 5.364627 4.868225 8.528660 2.220351 -1.062182 -3.679341 2.310590 9.960855 4.808947 1.234726 8.206604 0.877400 -8.564685 -0.015737 -4.570286 1.305232 5.308896 9.279686 2.035053 -5.571716 5.202267 2.327474 6.521422 2.406062 2.938737 -8.470055 -2.239417 1.815459 -7.475037 7.450135 9.489757 6.945119 0.815196 4.685594 -5.742649 2.897079 -1.314206 -8.231918 -1.878377 -7.316174 3.088104 -5.288304 -8.481368 -2.208294 3.972731 3.779995 -5.050557 9.960383 3.892708 -4.710353 5.750255 0.068621 8.725561 8.648752 -6.029043 2.490429 3.949502 -9.595969 -6.961693 -3.728334 7.046320 -1.580803 8.374949 -9.260122 6.744474 -8.961610 4.884698 -8.368731 -1.784474 5.164855 -9.973462 9.635242 -2.796621 -8.595386 5.956377 -2.079978 4.908761 -7.514620 -3.740254 1.614774 4.161082 6.758123 -9.645829 7.938249 -7.526816 1.628669 -3.635734 -5.572422 -0.029708 4.391072 6.698242 -6.865455 4.452108 -0.188259 2.302302 -4.514153 -2.948483 -9.294736 -1.803882 4.932263 -4.135144 -0.979035 -3.063046 6.372601 -0.977757 8.500835 -2.261681 -2.366095 9.405528 6.871553 -1.240549 6.925085 -2.589907 -6.877432 -3.556993 -2.296471 1.844424 -9.752584 -3.629420 0.575361 -6.447256 7.967659 -3.917375 6.728218 5.255292 4.202937 5.777582 -1.737191 2.478811 9.436271 5.022693 3.890972 4.271251 8.860292 8.080208 2.998170 -9.444412 -6.882641 7.933768 -8.040522 -8.557892 1.158330 1.840784 0.969714 -8.452852 0.305305 -1.622715 4.620540 -8.170284 1.669210 0.826568 -1.749336 6.463265 -9.532941 -0.659359 2.901176 -9.073369 2.800315 6.892388 7.436350 -1.331475 -9.039842 0.801449 1.492095
-9.237151 8.013436 0.093270 -5.578606 -4.390265 -4.427163 1.895109 -4.508481 2.645783 -7.399509 -2.964706 2.060228 -7.428394 -1.075003 -9.918309 -0.059885 6.120593 -6.729936 -5.291788 -8.229514 7.851560 7.302755 -3.269702 -7.749425 6.747474 6.221500 7.296106 9.175310 8.628121 -7.193171 2.950938 -2.213933 2.318731 9.666280 2.045561 6.600695 -7.083585 -8.244099 1.930104 3.542872 -6.326058 5.865763 -1.128189 -1.637550 8.988239 8.971643 -7.340064 -3.939325 -0.058006 4.023616 5.104033 -5.951947 0.978124 3.831752 1.428722 -4.666137 -8.623759 6.605610 -8.402792 -2.915895 2.470134 0.945995 5.105325 7.712825 2.055093 -2.151859 3.304877 3.039910 -4.010364 -2.104153 1.377282 -1.028993 -2.930808 -2.002185 -8.757590 7.901600 6.781749 5.078554 -9.559230 -3.843083 1.244720 -9.408228 1.852225 -8.062033 -3.887671 3.290947 -2.445369 -1.800119 -0.436028 -2.491194 -8.270145 6.186365 -0.319186 4.479547 -6.112164 -2.985231 5.160867 4.801923 7.386149 -6.498097 6.068775 7.933309 -4.615947 5.234950 -8.143507 -0.019151 2.097299 7.416048 -8.081428 -9.347467 -0.833232 4.661268 -2.430095 1.253915 -1.903501 3.784328 -3.687145 9.917425 -2.297838 6.407396 9.593433 -4.202799 5.013116 -4.718718 1.178069 0.635572 5.625312 -7.058219 0.001503 7.824189 -0.498536 -5.016893 -9.938558 -5.635290 -4.114462 -2.671834 -2.960374 -4.235838 7.282060 1.337807 9.323217 -8.082300 -5.937534 8.365753 -4.421095 0.137469 5.733390 7.655160 -8.205415 -8.701442 -3.864521 8.496461 1.258302 5.473526 9.345014 4.080255 4.825644 9.815000 4.369919 7.986547 7.365133 3.119263 -4.018859 6.394344 7.716985 2.757428 -6.654130 1.836010 -9.360129 -3.647215 -9.060598 -5.066301 5.621235 -8.789460 1.184779 -5.976896 4.006666 7.685327 -5.516263 9.628296 -9.538243 2.099417 6.373263 -1.777398 2.238320 -1.074359 8.482476 -4.066295 -0.554727 -7.052265 3.868376 -3.319764 9.213011 9.259349 7.010087 6.166069 3.593242 3.316577 2.261594 7.838483
-9.322001 7.466781 -0.867374 -7.487951 2.846578 -6.042727 -6.189194 -8.281421 9.835571 -0.657075 -9.355989 -8.857072 -2.580776 3.411487 -5.031836 -5.735402 9.065082 -9.903616 -4.859783 -0.466175 2.990062 4.760971 -7.431466 3.225061 -9.246029 -9.162877 6.062137 8.992955 5.890514 4.916587 -7.920189 5.192897 8.526070 -0.677027 -2.462014 0.374919 5.786332 -5.960853 7.036443 -0.353664 1.013284 -1.391207 -1.678357 -8.831587 7.987052 7.886831 4.709307 -3.999152 -0.699591 4.807985 -1.410494 9.135999 -5.805067 -5.468454 9.186894 -9.826841 -3.697065 -1.987193 4.500056 1.108731 -1.702365 -2.231063 7.918265 6.510448 0.134768 1.823697 5.865075 -4.415820 -5.027008 -8.535488 3.134085 9.779616 -1.379339 3.861199 -3.057801 1.415934 -9.034010 8.878685 7.529556 -5.623134 -7.793269 2.650382 5.571319 -1.753356 -3.726767 -2.939919 1.729477 4.750556 1.409210 2.175083 -9.805850 1.633575 6.318806 -6.668352 -0.090836 6.619330 1.508768 5.577867 -7.741775 9.069570 8.119734 -9.407462 -6.618418 -7.519730 2.602205 -5.516448 4.833398 2.134801 1.280383 -7.268584 0.997191 -7.321045 -8.209495 -8.483227 0.751369 7.168251 4.701628 0.485013 0.410297 -6.595574 9.179743 -9.182055 -0.061567 5.713647 7.076331 4.610801 -5.399929 -6.493204 -0.374748 -6.503437 5.250774 0.623970 3.534868 2.425548 9.293470 -1.870725 3.057966 -1.782156 7.923080 -8.036108 2.347357 -4.680554 -5.012371 3.200682 5.826971 -2.500554 6.867297 5.851481 -4.335739 -1.698002 -8.924715 -0.490087 -8.349595 -3.341346 3.532443 1.623150 2.417041 -2.671478 -1.881835 -0.796888 9.403458 -4.457250 9.357767 6.531532 -8.616752 3.861533 -7.467316 3.274192 3.718381 -2.631689 -2.672572 9.927274 9.028742 3.646157 3.104359 5.629529 3.364553 8.496240 -4.957631 -4.265222 8.727489 6.770216 4.848931 -4.260681 -8.982355 -2.359583 0.015262 2.268966 8.741262 -6.272617 9.303431 -4.688241 1.720490 2.585415 -9.093467 2.950572 -8.277036 7.681276 -2.644341 2.901434
3.415189 8.597999 9.381482 8.339603 1.776352 -7.606851 3.829811 0.958852 -3.345244 5.540978 -3.456575 -8.425538 -4.705657 6.907394 6.225591 -3.054428 -3.595177 -0.440567 5.231013 1.274219 -7.299844 -4.152934 4.744258 -9.523458 0.769405 -6.487052 0.929444 -0.470273 -7.131643 -2.434915 5.966140 -1.228207 7.113708 7.180520 -2.357940 -2.978589 -9.011972 5.911219 8.945364 4.179894 1.991344 3.459455 9.079541 3.000181 4.772680 5.868450 4.394519 -2.009049 -3.804440 9.243626 4.116214 -9.779597 -6.644156 -1.451208 -4.989217 3.748811 0.211502 2.726221 5.002417 -0.494849 7.939730 -9.268468 -2.447272 -0.171958 4.727767 -1.682301 4.169084 -1.936838 0.663762 3.038840 6.910576 -6.628395 0.631743 4.010967 4.029882 -4.125501 8.355380 2.115385 7.177042 -3.519800 -2.524779 5.683615 -3.923359 9.818478 4.091030 2.672476 -5.777245 -1.234857 -2.153274 2.666705 -3.381977 0.201072 8.870940 7.444119 -4.741687 5.857446 1.965464 -8.245976 -0.030531 -3.129361 -5.743626 -1.467093 -8.163531 6.937799 -7.536285 0.337615 -5.490845 -6.954271 4.959136 8.224888 -8.842797 -5.311630 -7.556094 -8.536211 -7.927307 -6.762705 -7.148189 0.975233 6.348749 1.188167 -3.996511 8.402532 0.495219 7.668067 -0.509561 -6.977743 -2.888868 2.170947 -9.119578 8.558980 0.377443 -4.607528 8.863444 6.120598 -0.155598 1.802531 7.044730 -5.666940 -7.321961 5.250279 1.280453 -6.119003 -9.843031 7.811371 5.793441 8.580061 -0.707828 -0.620533 3.703362 8.038803 9.318374 -9.371603 -6.662581 -4.206610 3.085686 -4.423720 0.814020 2.019787 -3.799804 -7.826063 -6.663728 3.925037 6.500195 -4.454054 -3.225602 1.519905 -5.702537 -2.589195 -4.688804 -3.634248 6.247471 -5.728471 6.184956 -5.441837 1.152042 -2.985213 1.298334 8.450124 8.580011 -0.675077 6.625268 2.300477 3.583425 5.071799 8.580300 6.271232 1.715572 8.869388 -3.416671 5.885579 -6.468655 9.703239 5.546690 -1.405757 6.448629 1.496689 4.691672 -9.056141 2.010365 -8.490196
-4.698041 -0.614834 1.503195 0.924018 2.743518 -7.983412 7.747999 2.119068 -9.213259 9.948499 0.300542 1.025719 8.524148 -1.860077 -5.176326 0.327398 -5.298402 5.970471 -8.992206 4.857450 1.560481 -6.015520 6.207865 5.491108 -5.004664 -9.887340 4.828394 5.586854 -9.226517 3.751090 -9.412394 -2.144744 -0.063385 -7.203313 -1.927740 0.988867 -5.733488 -7.380718 -5.930920 -6.129566 5.750480 3.451282 4.405931 -2.854238 8.887950 5.173130 -2.843441 9.413902 3.552896 -0.423743 1.837700 0.552374 -5.016115 -4.675895 3.617065 -1.132888 -1.281810 -5.128226 -3.130952 -7.254496 -7.324710 -3.529531 3.510588 -3.201545 3.082216 -6.077942 -6.745953 5.637006 7.097762 9.261252 7.990436 -1.136285 -0.106158 4.686818 -9.466979 1.084863 -5.267545 8.440005 -3.111436 5.147322 1.057760 7.088326 0.422165 -1.396269 6.978425 6.771368 5.972090 -3.750607 -7.974955 7.594416 3.099336 -9.224278 -0.455937 -0.504104 -0.651364 2.451105 7.664988 1.051181 9.357926 -0.671038 -3.103027 2.392760 5.769365 9.131558 -1.253016 -2.582158 -9.933680 5.791567 -7.806237 -2.697945 3.172748 1.968433 2.912828 4.898757 -1.395242 5.412600 9.363140 8.945890 2.190060 5.539564 -1.827557 1.899539 2.209525 -5.409773 7.931525 -3.552933 -4.885318 -9.875861 -5.562609 7.055701 -2.295142 1.714030 5.627310 6.705323 0.032537 3.499700 7.643880 2.825689 7.476100 5.221019 -3.030928 -2.079140 9.136962 3.391436 7.232815 6.140660 8.877512 4.271718 -9.688344 5.625732 -1.086897 2.912017 -7.631954 -1.576898 -3.716933 3.778690 2.039344 6.803665 -7.794065 7.462689 -7.293688 0.268629 -2.671627 -4.676643 -9.545702 2.779449 2.292386 -7.522775 7.154917 8.069356 0.189312 -3.043964 2.735187 -1.510504 -6.800923 -9.236448 -7.361045 9.042850 -9.043590 9.233502 1.210136 9.248625 -4.197217 -7.318176 -4.640084 -7.242091 -4.355570 -7.720155 -6.635129 -1.141167 -8.103129 1.620963 8.122581 9.823851 -6.152708 6.304238 -4.081363 8.631260 -4.594319 3.192829
1.994203 5.468142 7.439520 -3.045102 -8.625750 -3.583764 9.646980 -6.140308 -5.396381 -0.801533 -1.342694 0.494609 1.491262 -6.700024 -3.378238 -5.523423 -4.198702 -5.777684 0.568924 9.921244 5.414357 -6.643981 3.885828 4.040099 9.288372 7.518914 3.414833 9.074541 6.238245 -5.381837 7.094906 -9.497896 3.407283 -8.189523 5.372654 6.790880 -8.101229 1.419064 -6.475256 9.993800 6.440015 3.811672 -1.751938 5.033542 -4.969991 0.670721 -4.567438 -9.456425 -5.343239 -1.060686 2.545790 2.591742 -5.001823 -9.610115 4.978870 -0.473443 -9.127728 5.229513 -3.829206 4.460312 -6.745853 -5.066847 5.080216 -6.993605 0.678095 -3.590814 1.952631 6.127278 5.225680 -4.606582 6.109069 -8.539849 9.967178 -1.172452 3.627412 -5.605097 -7.538822 4.875918 -1.133736 6.274982 1.706607 -7.244646 -2.161007 5.611681 5.667999 7.336414 -1.518279 -8.372719 -1.067094 5.794922 8.152858 -5.176099 3.912996 -4.459015 -4.970519 2.100502 4.914892 -3.030320 -2.876831 -5.959405 1.401588 3.484733 6.741011 8.522715 3.629327 -5.940175 3.147835 2.171426 9.918991 3.610848 6.190534 3.522119 4.451590 2.776141 -8.290811 -9.719867 9.929263 -6.195870 6.552368 -5.844475 3.266373 6.053268 -5.601602 -4.450555 0.421952 2.593139 -3.746044 -6.479054 -6.742782 5.900209 2.261227 -4.833146 2.732682 9.236376 -7.773451 7.737193 -2.650761 -8.069507 -2.311940 6.313573 5.361701 -8.674988 9.079943 -5.816191 -1.477630 -7.431640 5.805691 -1.390197 6.542160 -0.499504 -5.228921 -4.770006 8.662719 5.243086 -9.275146 -2.511152 9.459034 6.595404 -8.590874 -2.252900 9.958895 -6.181811 0.870220 -6.821845 -5.690767 -6.432873 -1.103007 -5.906076 5.137853 -3.093820 8.953336 6.592187 9.904957 -0.333726 1.694505 0.734656 -5.893157 -6.215927 -1.169880 -1.305053 -3.388434 9.139033 4.259562 -8.617730 -4.090628 8.673835 -2.632067 8.473597 8.749056 -8.160517 7.604075 2.020277 2.375564 8.640919 -4.789530 -7.908379 -6.523061 -1.113531 -8.844147 -1.630118
4.290931 -4.576470 -1.923856 0.667542 -7.876739 -8.732138 5.544778 6.458935 -4.591057 6.862630 9.325487 -5.489400 -4.205887 -3.509067 1.295114 -3.985240 5.536198 7.201838 0.606779 -8.123680 7.123973 -5.077338 -7.215700 5.749425 4.189247 -1.525690 6.832525 7.693830 -1.132947 -6.973763 6.235052 -8.291806 2.766489 -4.997707 0.431378 -0.486755 -8.902424 7.089072 -1.754124 -9.097305 6.155076 3.163129 -5.892526 9.519117 -2.030463 -7.471105 4.153555 -7.382239 3.705279 2.412858 -0.030149 -7.276687 -8.976669 9.389681 -1.658017 -6.901383 2.290613 6.542202 -1.545200 9.938435 3.404729 5.989564 4.778964 9.379124 -2.142729 7.220978 6.083147 3.853146 -1.177439 -2.425593 7.624226 -9.308420 -0.474291 1.232548 -7.179656 -5.367165 -7.045080 4.649290 -8.459577 1.719410 9.430911 8.080867 4.273890 7.213381 8.922149 -0.614288 6.934279 2.827044 -7.502708 4.747030 6.868405 4.553122 6.243316 0.393234 2.707001 -1.893923 -2.464329 -1.955032 6.463719 6.471422 -0.594868 -7.295516 4.387830 -8.353730 -0.714533 -0.300882 -6.673970 1.216935 -8.422192 9.337079 -5.039195 -4.529780 9.772490 8.823146 -8.722023 4.643770 -1.825539 1.198461 1.060456 -2.014329 7.679568 6.000673 -6.783857 -1.380025 3.595316 6.435289 -0.262131 -4.867472 5.689020 -8.775442 5.910689 -9.884651 2.853173 9.738373 4.948348 -4.859257 -3.773027 -9.220686 -8.608243 2.170195 7.804014 6.263400 6.792542 -8.520882 -1.817922 -6.415540 -0.490837 6.741171 -4.913122 6.233942 7.873602 5.264305 4.365309 -1.270797 8.089616 -6.453565 8.045186 1.333188 -1.799463 4.758057 6.940898 -9.119115 -0.747445 5.073143 5.764136 5.326624 -3.485203 -6.998089 -1.070094 2.056823 -4.140423 1.946929 -9.582094 -1.618130 0.510068 -7.196964 -0.790630 -3.305499 -3.291046 -0.909481 -8.013494 -8.256123 -4.241984 1.804688 3.184329 -6.102563 -1.033093 8.572955 0.026048 4.300611 8.094169 2.137055 6.786473 0.227045 2.336641 8.602456 -5.972234 9.060216 0.217225 1.307179
-4.080686 -5.159048 3.580677 -0.358748 -0.709537 5.408676 6.843931 -7.899638 -9.448001 3.504270 0.491493 -3.895998 9.668067 -1.070913 -7.267905 -6.577116 -2.779105 3.122243 -0.780143 6.406664 7.677685 0.504444 0.977978 -0.742660 -0.943687 2.297891 -8.827572 -4.427335 3.630474 0.877892 -6.983880 -2.790535 4.947578 1.559533 3.346605 -4.790297 9.937089 -8.748404 3.200074 -5.885258 2.543962 8.528769 -3.721455 -8.606295 0.569294 8.916160 5.637657 7.901529 -9.120758 -1.649046 -7.934262 4.661163 1.580609 1.657119 9.928888 -2.146750 -3.462351 -8.160200 3.724318 6.512092 -2.987686 -3.974209 -2.629636 -9.207355 -0.832040 0.549975 8.074268 -7.590011 1.748275 6.753713 5.278765 6.386403 4.892127 -1.475654 -8.748264 1.350002 6.145516 4.543995 -8.532802 -8.733242 -5.872872 -8.676661 3.025346 -9.678179 -9.473314 -4.446507 2.805254 -0.231310 4.053706 -4.970035 -5.456253 5.832943 -4.792293 0.870375 -0.607765 -2.021766 1.142050 -7.947149 5.431209 -2.292008 -0.470593 2.180519 3.796482 8.517187 -7.445242 -5.960343 -0.656138 5.450836 1.381654 -2.799297 6.477592 5.726088 3.130252 9.790502 0.100117 -6.676022 5.247910 7.405930 -2.983734 8.170753 5.758195 3.608047 -6.639212 -4.944539 -1.255044 4.630241 7.608045 7.735689 1.143279 -4.668297 4.904691 -9.363796 -3.705180 -8.962427 7.128126 8.581683 -9.146948 7.169614 3.753946 0.958462 -1.075768 5.396000 -0.020961 3.041753 -1.339885 -6.817215 5.119107 9.397104 -4.029832 0.445443 -5.538091 -4.618267 -3.725023 -6.341383 8.450415 6.855666 6.569827 8.568066 -7.156978 -3.942451 9.822289 3.116231 6.910969 -1.573534 2.443712 -9.726500 -0.283317 4.598442 9.160845 6.141635 -3.993709 -9.557405 2.219307 7.740332 1.221661 8.226829 -1.797050 1.930825 -3.302721 8.819447 -3.688794 2.627127 3.245384 5.453770 -7.578065 4.212605 0.872824 -8.842409 -8.181752 -4.084178 0.091461 -3.634244 2.021632 4.644101 -9.841601 -0.008806 -7.661756 6.515649 -9.580732 -8.689359
0.256866 -4.151945 4.305903 -8.058236 -7.932744 0.270906 2.726389 -4.580487 5.867357 9.706686 9.465146 -7.411094 3.933498 9.686925 -4.940632 -2.952428 0.610378 -1.399845 6.220257 -2.665405 6.955438 -9.630634 -9.058103 -9.744338 -8.134773 -6.921657 0.007395 -8.826097 9.697062 7.100290 5.092402 8.615805 3.955573 -7.787779 4.845113 7.896127 -4.962191 4.291261 -6.200806 -9.051251 9.522795 -3.351649 -3.430408 -0.583081 -4.018095 -6.946499 4.427161 4.077599 3.248919 -2.020367 -7.369574 4.047626 5.981604 3.195734 -8.901641 1.396249 -0.588845 -6.834717 -7.906678 5.778843 -3.101247 2.142888 -2.703547 4.568916 -9.985292 4.525325 3.611741 -3.450264 -3.005063 3.884267 -7.328345 -1.520224 3.960688 -8.076848 -8.701343 -1.865292 7.463727 0.017034 5.955383 -7.453797 -0.890898 -0.121381 -3.401524 -1.000440 -5.429143 4.061885 7.477049 9.473917 4.198708 -3.520661 7.404573 7.143050 6.536240 7.338671 -2.459806 -6.232507 -9.365465 2.884499 3.008423 -2.748236 2.906264 0.893151 -0.000020 2.626770 5.924350 -0.464916 0.122837 -0.525077 -9.405062 5.218752 8.391564 -9.172631 -9.406341 4.946017 -8.887867 0.409153 -1.293069 4.570591 -6.502179 -8.302759 -5.526512 8.203050 8.041970 -1.262956 2.486737 0.945702 7.392645 -3.252147 3.067714 7.631202 5.123098 -2.069993 -3.377950 -4.334134 6.047619 3.300871 7.890792 7.499455 0.909438 -6.381987 -2.895896 0.197891 9.073744 3.168495 7.701051 4.240321 5.492687 -5.975498 -5.640204 -7.703369 -0.757990 8.562859 -2.929441 -3.678872 -2.186038 -8.202528 3.750144 0.614808 -7.725466 -0.008354 -9.809482 7.869179 -1.624284 1.470988 -4.167025 2.393792 5.364261 -2.105181 -5.568959 8.066986 1.008781 -6.713351 1.898267 2.606552 0.262793 0.098502 7.120743 -1.949745 4.614322 -9.645141 -3.454923 -6.044950 -8.235201 -7.717298 8.279988 0.168535 -0.867261 9.247178 6.782988 8.129164 6.686033 7.967191 -9.869847 -8.272629 -2.619224 9.710049 -3.330351 3.734351 6.633277 -1.198953
9.239332 -2.077656 -1.445652 -0.237037 9.972088 -6.270971 4.439876 2.763778 -0.542102 9.159827 4.243895 -9.248860 5.952449 5.517583 -3.040475 2.716665 -5.785879 -1.582948 5.048313 3.544212 2.662979 -2.786329 -3.657405 -3.686888 -9.692386 -5.459012 -9.144597 1.952009 1.506176 -3.126832 9.141038 -2.768044 -8.442127 -8.177010 9.367561 -6.787325 6.455173 -6.435327 9.095975 -1.936268 -8.600361 4.023812 8.394875 -3.806371 -3.607306 3.595114 0.251039 -2.795515 4.703067 2.742533 6.234276 -5.052030 -4.697715 -9.662826 -9.031068 -0.016585 5.526610 -6.141809 -1.419181 9.898140 8.108514 -6.929667 -0.369868 -8.046628 5.892010 -1.598157 -9.053921 -3.453725 -5.652655 -6.070033 -2.542726 4.525908 -9.502368 7.697066 5.424577 5.170069 7.681048 5.930362 1.117465 4.125044 6.006089 1.494852 -4.634390 0.425693 8.758989 -7.427121 2.153014 7.949606 -6.203200 -3.409267 -8.026224 -5.512529 -6.979597 0.774521 2.142960 6.488889 5.222645 9.210503 1.378351 2.153945 3.520454 -4.622617 8.485317 5.580032 5.411623 -3.537639 4.759442 -8.551945 -7.161153 2.557318 -8.935715 -4.533296 2.602517 -7.047359 -5.022687 -1.872107 -5.718213 0.011689 -6.818598 2.493233 -3.471740 -7.971300 -5.202512 -8.625251 6.288573 4.845092 -9.872112 2.992714 -2.796521 -8.046313 -5.930181 6.513723 7.992425 -1.849100 -5.627870 8.029265 -5.028364 -0.513250 9.630823 -9.927124 1.193499 8.926441 -5.346526 3.440158 8.291702 2.368295 0.382419 -5.443760 -7.245811 -0.889264 7.058328 -0.159606 -2.669966 0.261456 2.317290 -2.288319 -0.445432 1.150940 -6.330642 3.219370 6.924865 -0.289748 8.154757 1.608992 -6.779650 7.188484 -3.992189 -4.599020 2.307906 -4.247632 5.637081 -4.912326 0.483237 8.207531 3.669443 5.687028 1.977629 5.045041 1.835934 3.231546 -0.963386 7.132813 -8.136324 -0.917693 -2.422134 -9.126343 9.205980 -0.114834 -2.148937 4.628019 4.830579 7.203278 8.126318 -9.881035 -1.891373 -6.710084 -1.296497 2.878889 -9.207071 -0.606907
-7.197987 -7.453286 -1.026369 1.384758 -4.172514 6.168292 1.161732 2.849663 4.203295 -2.017576 1.557684 9.082663 1.636227 0.203674 9.331209 5.644546 8.112677 3.044104 -5.708872 0.327626 -5.828855 8.726768 2.983535 -4.531455 5.854596 -0.979671 7.319073 2.987325 -6.300282 1.684049 -7.398830 8.807488 8.569286 7.173826 2.282323 -9.881310 -6.798337 3.948083 -7.393385 8.561172 -3.951932 -1.757248 -5.469584 2.621510 5.010977 1.697294 0.085044 7.417645 5.374631 2.501887 4.898845 9.341769 4.063335 -4.681961 -9.645351 2.142235 4.137302 5.564759 5.751227 -4.481893 -2.226608 -6.638065 7.974212 4.325877 4.773818 8.809314 0.368622 1.040343 8.217747 4.290316 9.968881 5.793132 7.724674 7.739795 6.687303 1.902190 3.441910 -3.512739 9.701491 5.474173 -8.062068 5.945250 -8.922698 2.385220 6.281022 -2.670366 -5.540353 -7.268480 4.003945 8.315444 -0.626343 -9.057947 0.988809 -1.033922 9.451089 -7.935227 5.685039 -3.297951 9.709958 8.515972 2.385578 0.995784 -0.682058 -9.298988 7.120848 3.630721 -9.725878 6.450637 1.264005 -2.129865 4.790256 0.599746 -0.307302 3.877196 -7.689748 -9.541647 4.067761 -3.027608 4.668259 2.550649 3.505896 4.243981 -3.662917 -1.245397 9.980142 8.865013 -3.776474 -0.136752 9.074146 4.344562 2.059381 -2.368556 -4.345601 -0.979800 -9.675832 6.400211 2.281248 -0.568571 -2.448714 7.253239 -9.763230 1.741688 -7.245393 1.728811 2.577953 6.185943 -8.340373 -2.928510 -7.741710 -2.440822 -2.649041 7.297573 -6.782762 3.420648 -6.150650 6.781182 -1.696272 4.728404 0.397867 3.281122 1.128668 -1.299240 3.281015 4.783119 4.467663 2.253190 -1.966213 7.411439 -7.887692 7.806607 2.914035 3.026929 9.539446 -4.079569 -7.402264 0.749565 -0.401542 5.996903 1.062043 2.437345 0.110251 -9.736259 -3.112132 5.227653 5.584781 3.631748 -4.334428 5.028007 -7.641815 0.199807 -7.501789 1.685977 4.707819 1.088113 -4.790133 2.159293 2.639086 1.088661 6.948737 6.480609
7.228180 -0.709193 2.342575 -7.786543 8.619203 -8.899763 9.743122 6.436011 7.381107 0.243256 -2.136091 -6.957938 -8.045734 3.295238 -0.655921 -2.260417 -4.574350 -5.567179 -0.753311 -1.224483 -2.755645 -6.132772 -7.038492 3.587640 -3.804320 -7.716763 8.820347 -8.634838 -8.972728 3.159809 9.886931 -9.381461 -0.960831 -6.306778 -3.629161 5.564431 -6.026751 -5.321211 3.573871 -1.802078 7.045912 -9.818931 0.126894 1.786086 -4.116496 -5.776931 -7.289271 2.349032 -3.804035 3.026342 -2.256939 9.552310 -2.634555 8.634375 -2.187287 7.909002 7.311404 8.054322 -1.379372 4.408169 -1.984965 -8.606459 -7.658527 7.819699 1.880659 6.463829 2.897015 6.305406 -3.250207 -8.256688 1.896131 5.900770 -1.902410 0.720048 -1.618406 -7.302383 -2.044246 9.762349 2.890344 -1.704933 0.692564 6.701430 -0.172858 8.114132 5.613842 -9.481754 -3.797776 7.662930 5.680454 -2.568440 -5.850756 -3.985845 -3.683995 5.558444 5.261471 -5.131515 -7.019941 -2.861893 5.372493 5.401147 7.142559 0.222740 0.249594 3.020021 -2.060964 3.653998 -5.010296 1.447722 2.661679 3.817009 -2.290784 3.305479 0.993675 -8.839773 -4.894290 2.823414 0.739985 -2.104603 -7.225745 2.837492 9.970857 -9.138469 -6.823459 2.398901 7.398767 -0.148510 2.893514 5.357202 -9.175445 -5.362807 3.653869 -6.512687 -4.990180 -0.133391 -2.363722 -7.687113 -1.586212 -4.366036 -6.536424 9.503710 8.333034 -2.191831 7.568353 4.657146 -0.368928 9.381030 -1.490560 -0.823131 6.126585 -6.155530 3.374692 -3.148159 -3.134587 -3.784732 -0.467689 -0.995996 -6.744382 -9.638305 -7.113665 1.002678 5.726659 5.198548 2.782451 -7.678843 -6.575955 -4.387461 7.905912 -1.333036 -8.971794 -5.068483 6.435542 8.153361 9.740499 1.978963 -9.491529 -9.404596 -3.134334 -3.724776 7.307310 -1.671774 0.271202 -0.816104 -7.288418 -9.257164 -3.668358 -2.065965 7.029225 -0.238927 6.616057 3.881480 -1.953276 9.822570 4.974961 -8.913818 5.112433 -1.423226 9.247323 3.657269 6.678867 2.619414
2.569728 7.405831 -9.026261 -6.230437 -3.296987 -2.254224 1.445417 -2.337785 -7.845183 9.550049 9.423955 6.355738 6.484135 2.740925 -4.792543 -1.077107 0.129906 -2.214978 5.781228 9.974861 -0.424339 8.887863 -3.377798 9.766347 -5.492165 0.911599 1.426683 -7.678523 -1.056871 -7.847243 5.038114 2.558016 2.356605 -3.963183 -6.478127 -6.218359 8.004319 6.458195 -1.437673 2.372726 3.503486 -1.162514 -3.096033 8.356214 1.348163 4.100940 -6.134147 -9.369918 -3.865794 2.313400 8.969877 1.393261 -8.699765 -6.394813 7.711489 7.744031 -5.588959 -1.622721 -4.759879 -3.124285 6.389279 5.879817 -1.848758 -6.395082 1.359652 2.354896 -9.699355 9.665285 -3.589392 -5.756284 -9.954868 -0.316986 1.305211 -5.407401 -3.459617 1.783435 -8.724297 -2.772513 -3.172289 7.976718 -5.283275 0.753602 8.543691 6.258746 6.534353 -8.864565 -0.095078 -8.448389 -9.930004 -3.443506 -0.978303 -0.832610 6.866227 7.394334 -7.757979 5.935205 -0.884694 9.838757 -0.763598 -5.028474 8.491915 -7.004256 3.313097 -0.810847 1.157313 -1.144334 -8.207505 9.678087 -3.586053 -2.208029 7.456953 4.830164 -1.070549 4.649020 6.209655 1.316958 4.968486 -7.376664 3.466703 2.866916 4.951969 7.671485 2.028267 4.603501 -8.170622 -6.570626 6.701995 1.926688 -9.130401 -2.038497 8.335711 -1.225616 3.729328 3.620217 -1.368024 -1.127977 -2.504679 -9.371135 9.812836 -4.642941 -0.345143 6.575828 -5.237028 4.888351 2.724969 -7.308005 -5.713976 -2.781860 -7.108675 4.701237 -6.424668 -4.461459 -4.489684 0.435653 -2.316970 6.830791 -5.725842 -2.204976 8.425630 -1.924699 9.978034 -2.029395 5.797519 -0.528271 5.370858 -9.426556 -0.837464 5.345913 4.080426 -7.899974 -8.496244 3.141713 1.744469 5.357412 9.131820 7.958238 -3.755885 -3.667661 -1.486817 9.944892 -5.782728 6.663951 -1.375264 3.983435 4.088886 7.457240 9.307882 -8.839955 0.159384 8.408213 -0.374214 7.285047 -2.720490 -9.766061 5.233717 -9.739264 7.651641 2.825585 0.177203 9.371411
-7.410592 0.741087 6.021157 6.106296 -7.772742 -7.268209 -7.770280 1.456891 -8.394482 -5.790998 -5.837924 5.546697 9.504947 -7.811181 -0.848181 -7.577491 4.635075 3.792786 2.577304 -3.297457 -8.638064 4.544371 0.966550 1.603874 5.918554 3.591596 -3.210647 -5.702768 7.197950 -5.652613 -6.039206 -4.600691 -9.974017 -7.421294 5.244952 6.849421 2.532387 4.238602 -2.703978 -5.569688 1.859136 0.193607 -8.796711 -0.881563 0.774578 -4.844637 -7.345921 5.844863 -0.408186 -1.011448 -0.052306 5.986624 -4.467371 -2.820970 5.991107 -6.299153 -9.128834 -8.662131 -3.942611 1.455092 -7.903779 9.971545 -1.215747 -0.260926 4.167209 -2.276669 0.037834 8.454240 -6.776112 8.258422 7.010080 8.561436 0.916118 0.728070 7.509722 -1.891357 2.578431 9.437166 5.997025 3.125056 3.187993 7.880217 -5.755164 -5.870543 -0.505536 -6.762549 -1.988045 -8.431636 1.790667 6.797555 -3.196057 -5.288583 4.684904 -6.883655 6.090955 -7.613737 -0.589863 -9.206453 5.312951 7.183970 0.785878 0.362714 -9.397362 5.676288 8.906137 -0.548849 -7.947381 -4.547732 -9.237615 -6.659692 -1.272364 -7.091391 -1.271497 -8.193125 -7.876159 1.575373 -3.333254 -4.268239 6.275677 -4.037468 2.964285 -2.031366 3.265915 -6.929074 -1.000175 -5.091902 4.631069 8.739441 4.172524 7.624991 -1.756965 -7.271410 3.754637 -1.178345 8.664222 -7.117788 -3.563904 5.306438 -6.713183 1.133790 -2.750145 9.755919 -8.927695 4.206678 -9.901624 4.958310 6.545447 0.200090 -8.068787 -4.579063 -6.349077 5.536700 -2.361893 -8.378858 -8.958641 -3.559103 -2.567662 -6.928766 9.634650 4.530807 -6.255800 6.924560 -0.952300 3.299250 -1.451281 8.125073 -3.766668 -8.431673 9.063988 -4.015259 1.260716 -3.706990 6.281105 -7.130355 7.003682 -2.366939 3.888155 0.790218 2.350213 4.057986 -7.020276 -6.727242 -4.942400 -0.664657 -3.516504 6.268854 4.239672 7.022151 3.289531 -2.255876 5.129670 7.131379 3.936391 -8.964480 1.027862 0.099805 -4.304570 2.060140 7.008675 -8.908158
-9.758149 -8.611284 -7.644270 1.805878 -3.141388 5.053272 5.494103 -6.481102 6.182656 -2.267076 -7.334090 -2.148509 9.036052 2.823288 -7.650498 -2.092490 0.074915 6.435965 -6.273980 6.981656 9.506131 1.047199 7.317476 0.463998 -9.985175 -3.959477 -1.689042 6.581587 -5.739346 -0.144491 -7.082515 5.117186 -3.692976 -3.270607 -1.337103 6.801276 -7.178198 -1.994644 8.359202 -8.403304 -4.383224 2.089979 0.118126 9.643919 -8.343950 3.948620 3.803784 7.648235 5.097228 -8.963245 -9.053441 -6.965992 -3.361554 8.430771 -6.890459 6.148337 -3.923063 1.853773 -5.824715 4.507794 7.545966 -1.860453 -6.395343 -7.611337 -8.247455 -7.910030 5.088096 -3.462943 2.235770 -4.044792 7.731164 -7.947389 0.642116 -3.593447 -8.044869 -1.343796 -4.936386 5.261083 -9.608218 -7.110506 6.043653 -3.975054 -5.191863 4.693217 6.899194 -8.884812 -6.933668 -2.370140 8.506310 -5.324754 1.542647 -1.608096 -9.207500 4.175183 -7.891995 -4.242212 6.601775 -2.858671 -2.141689 5.554189 0.269002 -0.855870 -9.199022 1.167398 -9.138146 6.090741 3.651957 7.421949 -1.854391 0.211716 3.801952 -5.114495 0.607438 -9.806192 9.806217 9.199416 -2.786337 4.178226 8.144512 1.936030 8.908845 -1.912304 -9.028454 -1.576072 0.892365 2.884076 -5.852879 -7.291726 2.462927 2.392289 -2.691620 -0.207692 1.077378 7.539467 -6.133605 -5.211957 -0.862988 8.678444 7.323895 5.983451 -2.373161 -9.429834 7.455311 -9.985526 8.416970 -7.322038 0.722297 -2.895526 -5.718967 4.909935 -2.764279 9.195547 8.795233 -0.835788 -4.550931 -8.100089 8.799867 5.776709 -3.504219 5.389217 -9.507734 -4.527249 -3.003358 3.124728 -9.117306 7.192212 9.888772 6.818831 6.583870 -5.349802 4.538351 0.866636 1.589000 -4.913968 -8.339386 -9.765595 6.456450 -5.594524 -9.782082 -5.066652 -1.865243 1.182735 4.405004 -7.662559 0.296806 -6.677446 4.793219 5.688983 -8.016790 -9.493179 4.562013 -7.909934 -6.758975 8.686361 -7.980369 3.233498 -8.115469 -6.217122 -6.303118 4.931408
1.442521 2.325217 9.271724 -3.602634 0.822084 -9.079487 -9.672152 3.718395 -5.297201 5.143393 -7.845289 0.686023 0.010812 -2.867653 5.166575 4.542274 -8.903519 1.331998 1.651642 -2.012978 8.356589 -4.344260 0.446570 -2.028576 9.488140 -7.620452 7.585556 -4.286960 -0.183458 0.398776 -4.240863 7.716859 -0.505730 6.849391 -8.905877 -9.933857 7.910703 -1.581011 6.360277 5.401971 -3.294366 -7.913992 7.513752 -7.263648 -7.111111 5.207943 6.163627 -2.048688 -0.665653 6.528343 2.926254 -9.298193 7.979029 -9.575057 -0.974440 1.152231 -4.738429 -6.537594 -6.670613 7.360792 -6.060373 -9.920236 -1.893329 -8.811377 -1.438666 1.488282 6.428708 8.326452 -0.177337 -3.536740 -0.041690 8.993082 7.659735 3.199815 7.979419 7.809413 5.336771 -8.873223 -5.325708 -5.012487 -2.136170 -1.829765 7.617349 -8.382874 -6.346776 -2.581359 0.339466 2.295380 -0.123590 -7.577915 -8.476809 -6.553743 0.004549 6.730512 8.334657 5.071520 1.095721 3.795569 5.920156 1.015424 0.619359 9.302941 3.581400 -2.156579 -2.712952 0.009233 5.832700 -9.497500 -5.630062 1.112714 -8.445475 3.587750 5.950492 6.997437 5.853155 -7.740247 -2.989732 -8.915117 -0.582476 7.630060 4.202371 3.884586 5.034342 -7.471598 -1.859055 2.196935 -5.836307 -4.525294 -0.637154 -7.133679 7.464232 -3.681686 3.479772 -5.295800 6.562573 8.414194 7.067627 -3.057180 7.178868 -3.449737 2.097912 1.002770 -1.578751 8.525522 3.996842 -0.631095 -0.422325 -8.889992 -8.448782 5.094900 5.817718 -3.685057 8.705015 -5.178117 -6.308050 -3.403787 -4.253596 0.236414 3.195784 2.721008 -9.360105 0.689672 -5.164491 6.891184 -7.600168 0.592996 -1.588615 5.670340 -7.720483 5.630594 4.801656 7.613875 2.139764 4.795345 1.763135 3.150929 -3.967601 -7.491868 9.963885 3.550813 -8.183614 0.974114 -6.976354 8.056097 6.354754 8.454218 5.805682 8.928194 9.239804 -8.317445 -2.315024 -2.195557 8.177718 -3.018630 9.225802 3.639483 9.642226 4.848101 6.026674 3.883402
3.480375 -8.489858 1.007146 9.106670 1.056822 4.013548 -8.513358 4.786243 -2.376757 7.468508 8.006878 -4.410024 7.598722 1.954132 -4.141041 -3.350207 -5.380661 -8.574971 -6.551533 3.036726 1.890437 7.420177 4.979402 -6.708336 -1.190370 8.698538 -3.442885 5.726508 -0.031247 2.764743 0.256710 5.366265 2.521191 -6.903649 3.433591 1.046446 4.631822 6.994512 -3.177682 -2.614420 -1.081676 6.973974 9.256728 -2.336955 8.882543 -4.803851 2.295714 1.359088 5.865289 -6.754092 -0.503997 -2.049543 6.570066 3.481657 5.901649 -4.139856 -7.099228 -7.369013 7.065518 7.519955 -2.385178 7.006749 5.974964 5.391170 -2.013513 3.800025 -7.316026 5.515511 -1.527355 5.834931 -8.657317 -9.458306 -5.348536 4.222342 -7.569149 -6.325758 -6.382854 1.204386 -0.583628 1.303134 -6.288724 -3.530575 0.926343 5.951853 8.535727 6.842960 6.433710 6.017519 6.898293 1.838053 -1.471235 5.458412 -0.970623 -4.053572 7.075149 9.576000 0.380651 -1.431924 -7.147236 5.782073 -6.411530 3.524763 -5.122066 -6.019922 5.588132 3.272356 -0.447526 4.018869 -0.136121 9.100410 5.705358 -5.037120 -9.638065 -2.260309 5.421167 8.109337 -7.351297 6.531108 -6.253852 9.553798 -0.731433 6.638198 3.220841 -7.064201 3.154493 -3.148588 6.447399 -3.064260 -7.940017 -5.070121 3.317886 -3.873979 4.239797 -0.633074 -1.015628 -1.878401 0.185941 -1.439971 2.693742 -8.497306 -1.723490 8.125937 -9.175238 -5.077827 2.233696 7.323625 6.568465 -7.866878 -2.696582 6.291611 -1.396833 9.895704 0.065321 -0.457561 -1.148749 5.443825 -7.343144 4.320043 -0.616673 -3.158490 1.420520 3.943248 -7.204331 6.710655 5.872961 4.495876 -3.573688 8.771420 0.908279 2.641808 -5.283010 -4.105700 -2.754878 2.946041 6.740831 4.163599 3.154648 0.176051 -6.521918 6.152890 4.323304 2.235802 9.526026 7.884305 7.116816 -0.276142 6.129262 -4.555183 7.750992 -5.676123 3.697058 2.789770 9.463966 -5.369589 -4.576007 -0.812711 9.720875 2.333130 6.042830 5.334992
-9.826865 -4.602724 -7.762058 5.820690 3.949075 3.519458 -3.478407 3.363743 -4.229286 -3.710556 -9.505138 -0.225849 -0.951994 -8.354917 1.836591 -8.479313 -7.321657 9.687828 -5.274493 -7.946944 -7.930469 2.827863 -2.774955 -7.586503 8.842848 0.591876 -4.992607 -8.594246 -2.642582 0.367798 -7.333603 -9.727516 -8.760026 -6.570046 -3.810082 9.852596 -6.811940 4.544082 6.156548 5.847238 -4.554328 1.708861 1.888638 0.640383 0.329736 8.795767 -1.678751 -1.030566 -5.576583 -1.048139 0.136447 -4.323462 -4.932533 -5.563474 -6.221736 0.296789 1.923508 -0.426590 0.610856 6.183145 -6.833068 1.561111 -9.117577 -9.573774 9.224169 8.759132 9.442129 1.439931 8.820619 7.797849 8.967294 4.277011 -8.888573 -2.955762 -6.172514 -5.381249 8.632032 3.660409 7.639264 -9.748533 6.817212 9.870751 8.699330 3.808560 -4.915906 -8.565749 -7.253088 -6.626181 -6.286754 -5.415023 -3.792396 -2.110269 6.941969 7.914727 5.300307 9.141697 -0.624317 -6.250047 7.367424 6.870658 -4.094667 1.790582 -0.157692 -5.860137 5.638564 1.565225 -3.128553 -4.253509 8.298700 -8.797164 4.704270 -4.468111 -1.728654 -7.553811 -6.439473 0.126493 -2.994275 -4.028659 -6.077098 8.232574 -7.233762 3.200721 -7.991282 8.166060 -7.174657 -5.001800 3.085772 -5.370044 9.350496 3.537167 5.288498 5.105225 -3.092259 1.602393 1.292411 4.534781 1.650214 -8.116686 -2.342848 -8.484841 3.888277 9.031828 -6.330414 1.323582 -4.772824 -4.781021 -5.692151 1.253533 5.219326 -9.749779 2.960781 -5.123775 -0.300254 -0.566867 1.769086 -2.339572 -1.686411 -9.756866 8.151333 -9.205394 5.290158 0.664212 -8.295555 -4.375531 7.512874 -5.707743 9.292601 5.349119 3.630452 -7.493602 -2.005357 3.843828 -2.624117 -8.439422 4.062981 -6.308040 4.081058 1.504837 3.696214 -7.223746 0.397819 -6.733373 4.095781 4.988738 -7.486343 6.380720 0.420954 -4.683403 0.173482 8.498556 -9.968570 0.600817 -8.247579 0.057306 4.921280 -9.824613 3.264090 -1.608656 -1.528261 1.950431
-4.821089 8.404173 6.767114 -0.700531 8.552642 -7.599514 8.759408 -2.345630 8.806311 2.263309 6.634026 -9.074710 3.191205 -1.785709 -5.535223 -2.215008 -1.828566 6.739879 4.203085 3.273425 -6.112885 4.524780 -6.119234 -5.658013 5.903773 -0.164422 -2.467271 9.127070 -3.245590 0.231599 -3.310239 -3.264089 -2.218286 -5.132428 9.805440 -5.875712 6.970024 -2.507433 1.266194 -8.786034 8.260528 6.904282 -5.819618 1.123790 -7.473418 -4.849694 7.592602 -7.897166 7.577152 3.529565 -4.962767 -0.669808 -5.503543 -2.807969 9.976196 -0.698654 4.362147 -8.484056 0.005210 -4.058575 5.031717 -0.540690 7.669218 -1.992665 -6.600521 8.346789 -3.303663 -8.543018 -6.743657 6.816349 8.205443 7.292354 -3.673681 -9.125022 -1.040430 1.088017 -1.785679 -5.857071 -7.357784 -4.127796 -9.298801 9.260117 9.501625 -9.692127 -1.519020 -9.123919 3.205111 3.851384 0.095139 -4.916180 -3.210685 -8.849713 -4.669348 -0.756372 6.579094 -6.308122 4.505534 4.621581 4.291090 -1.390760 -8.111627 6.281790 -2.013721 7.130870 -2.445875 5.695698 4.003180 8.262888 -7.203585 -9.173093 5.046881 2.871319 -0.035968 -6.151956 -8.047415 -9.514875 7.314394 -2.575048 -2.692073 -3.240504 7.878173 3.447358 0.779757 1.571327 -3.052001 -1.012093 0.402475 3.513767 2.813708 2.163877 -3.944356 9.182736 -1.339257 9.293679 -4.997778 7.310878 -5.626636 1.664005 -2.725807 -5.440209 -0.182938 0.046564 2.559867 2.667291 -9.989880 -2.148912 2.371978 4.719784 -7.871384 -9.178766 1.814242 3.951616 5.259322 0.882290 -5.572356 -3.499335 1.418954 5.036409 -6.020659 6.156273 -5.365659 -1.680679 -7.064196 -0.447375 9.970011 8.015039 3.399414 -4.672544 -2.489309 -8.285312 -0.911801 -0.662858 -0.491732 5.120037 6.254722 5.229740 7.973359 8.242595 1.792376 -7.317087 7.057185 3.567146 6.166927 5.812594 7.092950 -4.205517 2.335736 -4.233838 6.375780 -9.616033 4.130737 -4.871698 -9.513232 -3.819315 -9.507122 0.302864 7.612030 2.112425 8.150576 -8.014393
-5.673442 6.785266 7.323726 -3.527576 -2.489230 -0.529999 -7.653131 -5.249797 -3.226862 9.122335 -3.744121 6.087355 -7.836863 -3.663922 9.572275 -0.769120 -6.974314 -0.340820 -8.368363 -3.555233 -1.613312 8.881539 4.881693 0.481343 9.906294 5.131325 5.951550 -1.246271 1.039043 -7.471752 -1.863231 1.966151 -8.543978 -3.959774 -2.817759 5.551709 -1.498685 -6.209510 0.953020 4.835978 -9.652824 4.142726 9.721106 2.646784 7.284666 0.260165 3.978049 -5.145485 -6.613237 6.390176 3.479391 6.114202 -8.159907 4.810278 -6.058464 -2.164202 9.259640 -0.126767 9.834441 2.705784 -5.811389 3.694890 -6.840517 -5.505529 -9.798512 9.664613 -9.605825 6.736009 -4.616394 -4.558903 -7.071830 -6.084404 1.873903 3.227484 -8.870217 0.389144 1.516890 -4.970863 -4.340633 -0.588110 5.228011 -6.865925 2.916127 -6.633911 -3.763023 -6.186265 -9.903735 -8.207445 3.764684 9.708735 -6.948117 6.582736 -0.021737 9.385390 3.368314 -7.360901 5.933369 -5.086858 5.803368 9.461396 -1.849647 2.003396 0.017997 -9.172837 -2.814094 -4.848158 6.766945 7.041319 9.792102 -5.720074 6.725530 -3.431127 3.475785 4.409806 5.887355 0.186645 -8.713558 -7.969960 0.626469 -0.535615 6.693912 -6.220433 -9.253804 7.757147 -4.420265 4.630836 -6.164571 5.667158 9.819197 8.830998 4.931233 -1.246734 -7.148174 4.089544 -5.962537 5.219131 5.027984 -3.252797 5.125275 -2.115202 8.257441 0.260414 8.572004 -3.902217 7.721626 5.188977 7.740173 -6.759056 -0.852853 -1.703390 0.676003 -8.701190 -7.335717 -6.542610 3.728366 1.295640 -0.224116 -6.673172 8.664411 -8.657658 5.935802 -8.460317 4.996426 -3.387615 3.901456 -0.316163 5.446050 -0.502970 6.492236 -6.109641 -9.792635 -4.349050 -7.025996 -5.389128 -8.887817 -6.112493 9.190469 -0.827195 -2.093926 1.545885 2.765188 -5.806021 6.420977 -5.617295 -2.265356 -8.743534 8.759589 -9.811437 -6.104922 -3.834775 -2.667362 2.310607 -1.250874 9.074430 -2.810507 -3.162850 -1.191231 0.155345 9.574606 1.772941
