200
-529.421082 -364.609864 98.477231 -437.070673 -132.070369 -302.343330 -709.793138 -270.301433 167.293717 -548.327713 211.299586 -511.720476 54.867426 615.613172 -486.736651 363.892147 -977.242169 338.016557 -114.139516 242.822148 -246.760856 -203.916124 -165.409965 -581.224180 261.292711 -236.105435 109.542956 462.521507 -772.140871 -823.027705 -453.240008 -319.942029 -456.796345 -993.407565 585.139151 -99.177560 145.851391 869.908616 -164.782224 -348.588610 -429.737060 366.787722 -459.784630 681.983532 -102.164888 -348.406219 179.407212 -291.469773 46.330346 325.958843 193.686043 -268.313183 -414.403132 -646.218905 -460.576195 -138.209071 209.309206 465.548689 -145.184007 868.573194 -985.074145 210.898635 -689.828306 -491.353683 252.495518 -1654.910398 682.780438 -288.390704 92.420227 198.671229 629.380829 1058.582106 -92.728356 193.600679 -335.770732 591.328416 1234.879629 1036.206053 193.793191 -628.831300 -304.985189 236.913954 -1228.606168 291.757369 -475.363787 -1195.904642 104.435465 -648.105144 653.160899 96.489270 431.363223 -246.292064 -594.919745 649.978447 -680.726322 -934.559863 -57.182759 142.855942 -242.738329 -126.201992 425.470932 -446.413813 264.859576 185.477388 23.095713 81.623703 855.751093 -403.436894 687.109838 -197.717383 -344.106549 -489.439899 -289.059630 274.137856 572.228634 393.160219 -167.533494 217.219699 21.700116 227.157734 364.338677 -259.524729 927.265785 -648.797995 -26.750876 171.634506 377.062804 699.850200 -21.972448 180.241677 -479.875883 182.776325 1068.942430 312.665949 -922.754759 -383.691749 911.401306 163.726992 -581.113547 20.135454 -664.958039 -47.936049 8.314842 -136.174917 779.761131 -363.479060 -285.121071 26.869359 575.923619 323.104922 -613.079487 -858.411261 -499.723562 -1354.046227 -571.984329 117.438128 -275.646773 -125.527651 -441.371494 -200.715892 -52.587794 -318.231024 29.416386 207.133031 -270.116467 201.000203 751.862175 -7.819519 -585.978946 533.204074 -729.322683 -64.766024 106.817493 -39.605261 -301.517751 -96.474513 -71.080950 408.475382 741.794539 544.103100 888.587639 -705.091656 133.823536 317.872320 -81.033047 313.618349 -284.078416 -622.733900 -385.267238 23.988838 351.835674 521.818674 -372.610653 -101.503928 3.143097 -437.696924 516.097065 572.373480 948.947798 -74.017848
-684.221498 335.225113 106.777988 -338.177095 -520.474763 142.460496 586.782552 250.912077 278.439623 -249.273065 -997.401342 -395.331511 467.799635 70.517146 1177.437568 -668.935605 410.842067 540.302025 404.194740 52.759253 -885.593091 181.789581 -670.485523 -546.227228 -88.568790 -340.039150 249.600535 -472.974842 95.118513 -935.591496 273.638535 438.146633 -539.713138 30.975823 362.846273 -521.350129 272.491563 -277.157189 -327.389981 721.474515 -444.054979 575.917143 -307.724439 -565.829911 -486.309863 181.473078 -762.533006 101.312615 526.212610 -309.033294 -193.154879 -150.253475 500.052928 273.474238 -492.728727 -689.696799 81.770632 41.100954 327.241184 -117.196559 -13.407384 -154.264796 -386.140878 -606.496169 456.121719 -994.618259 662.354584 90.256984 -524.207967 -104.378094 -280.916516 112.450423 235.003302 388.977957 661.570389 242.106182 -160.539465 113.933935 -49.733657 -183.035200 -161.336974 -239.802319 -927.948190 146.604913 0.112044 -940.695709 191.291199 291.659335 -268.661818 171.094715 -117.221169 -52.765583 146.998440 -242.584334 88.694932 333.686152 -609.925422 13.633172 980.503315 872.290006 -173.075913 -114.414191 22.871461 -67.318669 552.866971 -412.000391 -244.228927 -789.713059 -48.149535 502.509172 -126.298375 137.474659 738.050291 557.276014 622.476924 -446.112336 297.842412 1064.673555 302.780975 -150.345519 213.129205 62.852705 -97.070808 -610.788211 -370.108367 403.672058 827.333161 -376.046975 -998.199233 488.307598 -235.916387 -450.567093 238.315984 6.447815 -262.404226 -418.813299 -225.988645 171.290974 1168.357467 -312.116917 -0.093738 36.483035 -137.611366 364.937787 -267.684427 143.543160 -237.265446 -409.478128 826.823085 327.510379 263.523126 508.233399 -21.845023 95.314361 -434.368459 -262.689711 76.804453 -672.494055 398.710521 -759.377296 505.472978 -106.075745 -53.455439 96.687853 -334.281848 -479.431207 174.479850 -502.108755 -485.713785 -334.477192 -54.293065 -589.568812 -170.342627 458.711825 171.223172 299.033438 -333.112403 -962.563439 373.939038 149.144405 69.729259 -49.982781 788.968535 385.593192 529.150430 15.683130 -113.924004 -64.658083 -617.768985 -261.727024 -284.862162 1108.989543 626.989466 122.054171 307.171030 516.159671 -956.595820 -233.242094 -55.903361 -99.509908
351.183687 -32.723344 -503.010336 415.717708 -235.036294 388.738389 261.048701 -64.382060 -692.503052 -1086.999266 537.702175 -77.365018 -116.842265 296.301609 -93.513929 -349.348859 -1200.473888 310.954830 720.885131 -381.993959 137.411234 90.968463 -500.381174 13.476164 313.345749 449.413143 711.416827 -180.431591 -507.962658 403.553718 -143.871620 522.007492 244.664792 87.924033 -291.426728 1383.760719 -413.040968 -140.884065 -116.790962 455.038849 -320.658184 -48.730977 -218.943319 39.724754 454.661885 -625.223576 -311.582191 361.223603 462.247551 217.567399 181.356346 -193.590507 -65.809551 -797.283936 894.467146 937.062669 -45.917190 262.215643 503.212100 -168.749205 -122.564705 305.503828 -6.648251 -763.930228 -392.073674 382.581388 -1095.458126 -227.706598 42.813980 -382.455244 688.510321 1080.382648 -473.971091 23.546702 508.255104 -573.725188 -152.156948 -450.544297 -309.524545 -359.337960 299.912175 -133.900741 1174.327821 -225.678437 360.805797 1517.042781 347.529773 -586.965559 370.920250 522.593764 -93.923897 -40.905298 -641.032322 75.082410 -403.971626 549.541747 -277.168449 -84.895586 61.066454 577.375048 -433.320228 3.406562 -500.349013 512.224468 -36.842111 -808.826808 -529.221981 256.573056 516.582211 159.560104 -53.890791 -25.536761 344.722622 -378.748838 183.003832 -514.388019 12.990209 110.292372 99.277054 601.979361 472.088163 57.343878 -637.841164 -111.225560 -418.894669 -65.531335 128.192165 -491.503795 -140.145264 -367.955184 -18.536457 39.096450 -58.453014 228.335111 -209.264370 -85.436540 -402.129489 -399.388676 -351.244816 121.029375 -89.913085 -739.992720 513.418109 -515.785331 443.409142 28.263308 771.744133 542.731305 47.519133 472.072999 -27.119603 -156.153300 290.265465 19.988402 254.374290 404.080990 335.864292 289.406388 -395.634728 373.884489 132.766407 530.889870 -575.768491 530.413247 357.668855 -148.908304 297.103231 -818.273193 -160.975718 3.951854 867.287705 -22.110592 265.050159 173.132311 -1056.055373 785.888291 -377.039928 732.337065 -341.648582 426.323141 652.035462 -715.952043 379.670581 -820.707116 215.692719 -305.423641 236.422752 148.561368 -739.465776 -89.152656 183.238855 307.749998 433.409817 330.691904 -135.970511 317.779254 314.433781 -452.082293 760.316113 -175.988660
-136.993739 237.272115 -983.607648 433.190861 186.152293 289.295505 -484.972700 -495.200778 -508.356629 1464.088369 -241.978008 -763.241018 361.450152 -100.882585 182.882986 -102.731366 -845.762712 783.173755 237.660258 338.426802 466.345934 273.863556 -41.242192 548.627941 326.991331 -357.412260 207.591032 328.896483 -710.355371 489.593040 -84.907565 -640.986788 -390.580742 164.827159 496.027724 13.173094 535.814982 228.134832 -302.728257 325.105297 -193.283174 -360.531711 -427.043577 292.497751 20.984924 -484.055396 -104.471939 -121.288433 -363.747616 26.647467 -475.251893 345.414116 126.864404 155.513764 -72.146097 -728.812223 3.546859 6.489946 285.536978 -90.115176 -198.308392 -285.702917 130.759310 -789.313890 -197.448037 -108.554655 191.252257 -335.930922 -315.541449 -805.566267 454.176496 -312.563621 -36.682324 -179.970715 541.217863 -23.202987 -405.956281 -921.145922 102.378168 81.960115 -136.633881 -525.053228 250.930737 173.729456 -281.293097 -5.421863 807.875702 -663.225731 -529.748320 123.876630 -35.370736 173.799937 248.130324 -69.258956 109.698253 -35.601450 -202.137010 61.884014 138.664575 136.221750 451.325518 -549.306075 -262.379597 780.181529 146.877415 -591.993376 220.789229 115.617517 -465.444380 -255.836723 -35.964664 -1038.158458 506.071925 175.057815 -276.798109 -715.373233 814.728146 66.518327 136.514543 760.791168 457.975055 -13.952557 522.527157 389.434219 546.767737 -735.810537 -420.299278 210.957440 133.906965 29.432374 1006.993987 807.257151 -323.918138 -57.115616 -58.790681 -128.196394 271.502330 51.589395 1034.259675 59.124317 -217.854737 -668.809716 209.478456 583.882462 190.750875 140.963855 49.885970 -148.270035 454.329236 -303.384233 917.320622 -17.560590 -134.487219 187.198176 -213.012005 175.853642 -151.683581 467.248027 763.151252 43.327385 124.635079 44.695991 493.291353 -493.598152 -46.641460 -200.996210 -380.485322 -683.088739 344.211004 -580.182986 404.095160 -879.366917 182.873468 651.396147 541.416796 -950.988572 339.680995 418.079633 -344.112414 -152.675151 -150.447428 446.009591 -429.239303 -50.761778 185.154903 -234.038445 -72.297083 601.778790 -335.872516 752.275406 171.973173 1013.043749 -278.064066 108.498463 354.115624 347.472632 919.184476 -575.011014 -258.048445 -94.186290
-467.902293 -266.109653 365.663355 -532.434863 89.037910 425.405910 344.056043 357.050465 290.502587 298.258555 281.028610 30.573496 358.912848 -392.498391 -232.601638 721.705102 -714.410663 -15.833945 -1.310950 603.124076 395.907720 26.647980 -360.555642 -91.337923 -103.795320 699.101720 -204.099699 -121.785150 495.830896 91.077785 -450.666622 596.370195 362.636163 -315.241143 -302.709882 49.891492 533.121802 111.340882 597.107305 -662.197855 210.954770 -13.766168 250.839730 688.945592 511.739020 60.385611 143.640930 -873.313245 -33.322548 -0.048561 -612.178905 -283.449924 139.995247 136.921496 -829.584547 -362.936823 294.733497 -584.327629 -551.297239 738.774420 -293.956530 -1022.836772 -84.287888 237.239959 -606.824110 146.539830 421.216841 660.335690 986.159533 -339.113748 104.714354 244.127812 -403.758315 -482.746090 649.707573 274.933407 -389.434930 544.059583 -459.947071 492.948939 292.163993 -51.615317 -644.380778 -397.070257 -197.146022 -154.859298 107.909767 -811.264143 -220.678601 -144.288539 554.669402 -259.275215 -278.321399 37.646187 -539.357732 56.822284 -353.350064 379.378692 -1420.973004 465.141420 -130.690416 -865.368734 11.609906 -709.676686 238.207956 339.057830 183.139228 -461.943667 383.389756 -606.540210 -565.049597 -641.376882 73.747736 251.470496 522.852459 1.922592 -224.879733 257.628941 -139.651749 -244.405544 -148.000313 679.303885 836.634075 235.565375 -569.742231 210.106582 803.755156 890.179214 -420.006141 220.270083 70.413200 13.797325 -260.152263 493.667320 -2.414455 247.299106 -74.012522 343.367911 -274.126744 333.111277 820.128677 -214.818087 374.234235 -380.653358 -33.627209 -105.496635 531.813031 1006.618593 -122.428497 -705.831365 -254.982198 -314.160601 -534.478373 -571.640028 -220.295578 80.796185 -163.983855 408.797279 -452.665666 54.460173 -333.752307 -573.615510 277.786663 175.832135 557.773180 -375.395067 676.014746 408.293376 -58.563487 353.877986 -187.260304 521.356313 121.875790 919.433917 340.753793 853.735561 124.971291 625.296530 -164.620724 374.745578 -508.637488 155.038454 -651.369086 40.502685 -198.115494 445.018381 610.768616 158.096046 -74.059247 -277.875564 -104.001853 -280.793012 -68.032254 848.300966 -565.390076 -81.191185 400.681871 -1.794584 972.206032 -914.183303
342.497851 -518.710620 -342.866711 421.269235 18.723215 -197.518923 103.063048 59.235637 915.763553 379.865764 -283.355703 -279.223539 220.534835 294.152307 363.012761 -573.306005 -561.270680 -266.451806 511.459434 122.194287 194.683468 54.057887 301.205912 -200.393275 185.150967 -454.319744 -175.832374 -65.049467 587.076595 -352.257606 489.471771 424.452015 -575.514239 917.228406 664.028295 66.950497 438.522888 318.210680 -219.990310 434.357331 -454.464641 362.659997 1107.015252 -162.134320 -142.623950 -46.615856 111.369577 619.409601 276.751318 72.642706 -474.585730 -476.745805 164.403931 413.524186 -801.766934 -98.895538 537.865733 -565.812953 497.005771 -744.481319 -392.680142 316.621386 264.036234 -257.756026 865.618617 -132.279745 378.929406 377.399456 64.164303 -800.760915 843.017117 -83.331293 -109.952196 262.568936 518.379561 570.587219 -396.380659 -1050.824083 -191.349319 260.683850 164.517020 157.019682 400.837702 -182.072822 571.989610 -15.104393 -342.255644 163.817250 193.892077 356.812194 -41.023437 608.818955 -115.805324 -107.103161 423.549207 -72.580808 867.540381 521.724708 658.959184 292.048249 426.817933 -582.196587 154.756067 294.120308 -81.872728 -469.437982 -1042.379830 966.922680 -456.337472 404.907697 -160.117681 -5.299434 -377.197394 240.145093 -240.507888 -69.177658 373.464372 -632.901139 337.773454 760.985094 -210.921606 -173.437040 -67.524176 -160.726952 446.917949 -361.736368 809.227275 212.301630 856.265429 150.673288 53.566370 878.308689 -306.579376 -50.305405 726.142237 -724.222570 -595.208616 141.009004 242.293609 -178.354539 120.319645 -518.814768 -80.619620 -284.504937 260.341565 -1148.270081 -175.917612 579.475756 -77.459230 -3.181900 354.922077 -298.684690 145.972398 276.080621 21.384957 -922.034776 130.747872 -21.386920 34.152786 -1198.657303 -9.995550 287.967592 -287.560547 -6.459361 -713.317358 -641.912229 -191.110077 161.144248 25.441157 90.781709 -751.613519 -610.108763 644.193374 182.774322 -426.469479 135.524447 -607.434415 563.449257 46.584395 197.446710 -418.519072 -182.562835 346.991018 437.814713 450.918685 244.531218 -172.781803 816.896840 -26.090098 56.929066 -488.874331 -11.681665 -825.929800 310.108132 33.858781 460.966721 224.829664 -599.075171 -625.908851 -146.294874
1.571987 -60.800298 -677.939119 -492.539239 215.022648 125.864658 -1085.894411 494.448432 107.830327 442.533096 963.199019 -627.275767 -440.635398 744.500484 -208.669182 -152.993081 -52.553527 -87.462001 263.799301 14.075770 631.123072 -39.063085 -437.098122 298.984310 -19.821744 372.878558 -5.706674 6.765157 -836.378348 359.135302 368.502602 10.003023 -190.297289 397.899401 -639.857744 -507.928137 993.090941 -503.066151 -42.597102 -594.570974 -800.280899 554.716913 -262.065370 452.203039 -198.769611 783.523115 91.987688 -276.022895 -193.704149 172.800284 -843.979486 -603.565659 107.476814 -100.708618 231.486276 -817.184626 398.767814 153.110082 211.868626 -402.751716 -905.256169 -359.861792 -249.327332 -514.341125 70.062359 -8.273275 -157.587410 225.392614 532.257955 57.722854 908.633080 -392.774986 778.197193 -249.360110 372.948332 777.060563 130.266846 -1485.282374 713.779735 -633.881821 -532.403619 -224.971666 -648.738575 127.432207 -120.785055 224.066286 454.043478 -525.213826 -581.992919 811.577489 196.765859 -75.380900 1110.162678 163.848629 931.017683 10.658543 733.333652 -164.932691 -41.494316 -281.460108 636.465773 50.113082 -321.668340 747.621153 381.480582 317.638040 109.484518 422.337038 -924.151809 -221.823291 515.692593 -673.021765 145.645089 -581.501397 511.615515 -535.610881 66.242141 92.969159 -857.714121 285.982572 270.554769 -234.566389 475.015827 -228.217928 -390.519191 -133.048832 -506.385200 -210.784895 -128.552112 105.432771 -1005.509005 270.806829 311.038636 -139.604895 411.489858 127.490516 566.684927 485.864554 -407.599334 161.512292 -213.503179 181.640700 444.393524 493.836225 578.722990 430.758889 791.488675 395.711048 755.827733 -391.963706 965.387016 -972.377271 347.041867 456.021296 -1143.932557 -404.225932 872.803165 -50.396669 568.730141 1154.691633 -586.991432 -444.290887 -564.540873 283.981876 -667.407851 470.965546 250.673137 -668.684555 -237.702276 13.661584 -342.178595 174.611742 -3.903192 -172.484418 396.413688 -607.610303 -271.574689 -371.501339 -129.551091 -7.090265 182.262325 -188.558865 68.999555 -224.034791 1123.015800 285.499427 326.607517 -329.430986 -344.248491 821.753788 -103.777169 931.674404 150.737293 209.802921 472.269059 -311.711478 -673.595709 -351.375866 243.490690 -101.960597
177.626676 -326.977703 -46.650352 -507.877097 687.000446 -767.721014 -271.718695 908.873600 -413.797004 -75.595547 363.547085 529.482821 57.093098 494.242960 -395.773059 -367.730262 737.277238 -409.142267 -69.482785 344.443574 138.817994 -50.288820 -165.043509 -1362.080968 -233.125669 -377.430434 401.567754 272.567215 56.908282 269.241911 -247.434254 563.551666 622.289098 -136.186868 -834.054071 765.235320 -1021.069141 -213.705354 152.564237 -101.485697 -430.644491 257.701838 356.469758 833.745857 -116.644519 137.828452 612.109791 1008.545267 109.909147 103.378952 100.368734 916.009679 310.653016 -224.060493 38.280890 533.364870 447.122143 85.621618 -375.431184 -859.364831 -156.526795 896.472969 1243.943275 -304.815685 1595.325525 -40.124263 192.957761 1503.042750 134.715234 -219.162810 -218.895272 364.689485 -438.253793 -44.434649 -548.418562 116.278670 -419.729085 -1127.535373 67.641406 -871.312453 427.015145 274.162436 1359.488156 697.513263 132.581520 333.848393 582.503267 511.913656 662.102643 -435.356890 -35.638698 -583.811158 496.519327 -992.352697 6.371287 234.502624 921.437810 -393.981509 -220.647556 145.943148 71.689019 227.045955 -240.683429 370.741287 257.145264 1787.389392 -72.557573 715.105896 -995.025232 -496.916318 31.255008 -327.770684 487.653206 111.629740 -167.387302 173.203789 473.288810 187.104327 -399.354977 104.669936 -314.234156 -418.510777 141.653873 340.526615 73.824890 -490.738049 121.087041 165.994979 440.119211 -578.745319 -600.572377 60.897408 640.461909 -482.923103 -396.432794 -615.779602 243.577836 -897.282123 -395.811183 -463.005824 309.441920 -151.438970 100.392556 850.160172 187.840677 22.288212 132.647857 -434.733794 -526.941573 -31.427814 -1172.138339 119.759880 541.201760 -33.677670 107.595845 -195.279481 108.237069 -792.776319 -247.910320 453.060252 574.242913 183.040435 314.767217 -73.708033 74.425899 -538.931462 -50.410186 -535.026226 154.424240 -499.069962 -73.095827 120.394901 -571.277300 645.407739 487.482183 -397.885655 -493.142611 352.023857 846.616946 613.844366 681.420202 -197.463808 343.353547 -630.663231 172.468748 442.993203 -166.560033 -214.505380 468.301471 361.314270 72.651300 233.610468 -29.203804 -254.446504 -53.307523 -1117.094447 -114.763884 -30.320429 -321.481219 -120.031188
132.865890 -809.953110 -98.024769 795.382744 -291.719663 1090.015521 -860.320262 382.631332 312.031459 -10.150724 -57.493137 -56.213619 144.400161 -144.001118 -362.285095 223.640746 573.838973 349.029165 118.990826 -283.448554 -296.340349 108.372917 167.688360 113.715255 62.249272 374.234324 -319.384085 1052.892409 -112.017995 834.357562 -19.997453 -22.554033 555.349766 417.924416 -726.587746 -88.445504 -97.999898 -184.223907 -498.496843 467.291719 434.269752 640.844624 0.249679 -480.926960 77.866029 -48.090313 -162.486466 -734.337460 -376.512964 -365.817392 -637.560102 -303.727040 -466.351445 131.612677 626.006128 20.833162 91.994525 17.567830 428.805001 -126.719390 -1484.434051 8.208252 -429.756116 410.460168 -349.821196 208.901908 444.178963 -238.424977 -64.697466 90.878750 201.436862 28.375719 -249.465291 -77.841975 -386.441120 550.315775 580.796658 -286.469329 -1572.316204 893.333886 -255.337896 -92.126751 378.275188 -463.208669 -150.799836 419.695149 -691.282807 372.894776 -755.954766 -101.240572 -508.797173 -560.970542 -806.913009 -16.389733 229.483832 651.919803 -15.810295 154.055502 -264.553100 24.306024 34.558825 -439.224316 731.628874 -486.988506 -171.055845 -356.082652 157.339029 181.935948 -288.747744 -185.542088 797.457624 334.194171 -27.398628 387.959770 -580.803985 -270.166305 442.258482 -333.678643 -120.879089 78.764483 66.842967 349.157573 -803.146881 -181.825975 -852.549731 -205.294979 -842.451935 12.249242 -129.406641 -330.982131 577.433569 -476.947913 -632.126297 585.172360 231.975174 193.833454 -204.659306 557.900448 776.694791 122.162795 -238.547417 187.938889 217.273069 -552.095652 -20.898887 -746.811545 397.953360 -270.183475 1104.442162 435.236101 -196.905811 199.745279 611.401101 925.581487 -489.095903 -337.675784 51.523798 -872.090673 -195.235625 468.437876 15.542259 -270.644262 -195.791382 849.947772 619.550255 84.653172 -667.829512 -497.446001 -155.073928 241.447722 -146.891500 -201.431037 -417.358152 169.544740 -915.554223 -202.087462 -124.691835 68.202540 -311.481663 -85.896598 120.236993 44.091925 135.922486 584.508524 -223.369737 255.659548 544.264243 802.915646 -118.978978 764.300402 71.985379 53.364826 462.524049 -206.776789 -323.387732 304.483303 213.453701 82.746172 130.268446 355.631350
-347.533809 -142.910285 446.378546 -440.428843 -280.667054 54.810412 120.074078 520.899435 -269.769301 305.370815 -66.955318 -944.259817 587.544221 363.398620 748.391713 -643.027642 28.106142 -18.575089 888.978439 -230.719056 -375.015499 63.138804 -550.630949 189.783630 404.230238 -116.226468 -173.206647 28.161883 650.809258 -738.349697 -100.303158 -35.740817 -323.033383 397.689059 -489.909699 -578.790655 -205.116355 -668.656303 -478.496525 1138.840710 -37.018952 528.294371 132.569263 217.943338 290.093713 -343.373595 660.358170 63.566867 360.181053 -210.115331 -178.647499 -383.597261 908.339048 82.867912 -299.889911 -673.149000 1128.742776 349.011676 622.755934 167.433484 -174.778407 -96.731151 -213.096606 -668.928357 -776.158437 222.076361 -87.004493 963.686127 217.460288 202.864476 -389.623722 79.389277 -794.856999 327.743194 301.441979 544.503380 167.973010 -352.471805 -584.682399 894.656323 479.077216 895.184862 509.323433 313.591884 -329.192145 317.625335 -556.072950 -657.771737 -593.534707 -167.959731 -41.012551 -428.043740 122.338709 470.916715 495.098681 -210.879235 -134.298632 860.082309 241.948915 359.186806 -652.524858 -251.708488 -404.476162 -151.006813 502.905763 -440.530391 -249.841953 -589.550314 120.673024 505.965685 1096.108691 -717.349217 764.540106 259.411952 390.999433 -814.811688 -260.001267 -35.833119 -762.436081 365.716620 -601.482190 -161.361379 225.427901 -200.379648 -1136.955514 -676.670456 292.975864 58.851355 -858.773505 -25.304117 52.766311 602.588527 -1115.230528 -1091.039680 -318.509309 -425.406109 -546.433653 532.243517 -156.544040 -181.965254 645.720950 -637.073470 -27.505342 251.079167 572.957846 -132.675084 188.960262 230.273509 -340.452649 557.076589 -581.804818 -458.683093 207.323343 641.102670 -239.592242 -514.396809 61.442953 190.744403 66.714707 -930.384277 274.439823 -137.558908 331.959717 -503.980500 -646.912540 -246.581525 804.228111 -708.380478 384.076321 208.264914 -0.770663 271.297711 340.483157 62.486189 -258.330631 -961.819910 -150.425185 -383.538859 -34.747498 -624.214547 -332.629222 -671.363992 -291.643290 7.511167 700.852265 -492.350307 -471.219120 660.718761 455.298051 248.963046 99.743888 -101.066478 -552.124261 579.853165 724.612026 8.450081 -520.746702 -778.626168 -185.429877 107.379564
-125.008258 -65.517997 503.866831 -661.388741 -169.906663 799.988168 230.824393 -690.886833 -422.061182 725.260535 -108.494227 684.752455 972.786878 -3.664588 -475.804356 -304.618423 413.617047 555.230173 -672.857917 144.659359 115.824905 -162.380444 -592.758412 -249.620833 561.208138 706.301598 185.257176 1417.961737 -1058.183880 202.980657 512.825061 561.308226 -168.902712 188.732103 -178.624975 -278.629906 476.753964 -216.015066 74.445742 325.019012 -514.729193 -273.822096 -482.506414 -468.159157 -699.164449 -370.949050 395.209112 -27.104050 167.896366 313.807214 305.152015 -39.369789 911.488131 -30.155975 507.038254 -129.657041 -658.404265 150.604371 -299.188513 -1279.622999 -307.234423 281.893996 99.480428 -277.795296 -19.677283 62.144857 488.222083 -596.399559 519.886300 1370.622368 263.667660 330.146046 685.329071 318.422639 338.143512 -500.081071 -522.784909 270.983959 360.994875 98.611035 -369.621490 -512.184468 -450.640086 -935.657419 -475.764117 -804.840088 -108.729863 -62.455363 -9.696036 -95.930194 574.711832 -1004.346056 1003.670282 -434.832540 -218.719455 -308.939291 -441.615254 -745.329722 49.128195 886.679013 394.676234 867.152471 582.218665 -137.842585 462.409912 737.673585 241.055991 -360.407794 -519.662140 -221.798334 -875.397616 246.943612 68.765182 382.243105 184.208269 -350.711799 -717.614369 -396.417264 -407.197242 -314.413142 569.022275 145.646030 202.822027 713.140298 864.404746 821.935804 709.410631 -418.311912 -662.621592 -724.195154 188.016841 -913.899285 193.014358 -38.316717 -97.763588 206.425100 144.851526 418.933134 1094.413611 128.605561 -54.241685 -589.338255 -602.230008 -304.572573 502.737618 366.913147 60.693743 258.564362 189.636914 -124.378483 310.184649 -661.244617 -342.544363 236.747057 -111.789013 -691.047627 124.293144 -154.343332 -71.047035 335.213199 -454.432151 6.544277 385.471335 599.145255 249.357016 -663.690203 238.723584 443.923472 471.167779 64.327335 -669.083704 48.083192 -603.283633 98.672172 433.212763 452.113119 -46.898967 164.314924 -855.195577 53.237319 -313.195951 -313.019552 585.909943 81.736466 787.074382 -587.620401 -336.823991 -621.851727 -943.302003 1132.618693 385.333702 180.618403 355.175422 448.587153 447.906382 7.025725 -521.831296 -339.465134 -597.235292 112.508849
-21.328237 159.814331 -60.661570 -79.332948 519.670418 -870.168969 -213.183675 -66.966822 -563.182565 299.039205 829.754603 264.602148 -801.074271 -666.183425 -474.157412 754.767749 628.369017 265.901554 -430.869289 305.223971 -21.145947 -454.649752 163.869563 273.762150 -762.469539 -346.488894 79.481814 -491.084108 -840.575795 -166.956057 -742.479970 -393.156818 77.156448 19.715431 -587.331613 542.471923 227.628854 363.681073 81.719658 -81.221407 -153.496110 -103.740291 -529.143447 884.890720 -388.192496 398.033671 5.586550 -57.394991 368.016708 -446.639699 -298.438903 -80.540941 -501.208042 -705.558470 -170.217178 -732.503620 -546.671636 60.946614 -920.034819 -637.071630 -711.815030 324.924913 -54.670474 -380.087936 -234.361949 432.510114 122.551885 -103.257966 403.719929 824.384401 -534.755980 -264.916916 -387.148480 565.875517 -104.688950 7.203343 936.409688 359.063359 79.566703 -494.184062 -267.829348 -150.819350 734.604279 -133.204390 -236.720817 103.820677 109.329507 -520.968159 -364.737253 361.820488 -85.649587 -212.156472 272.350861 -316.373474 123.201748 383.670962 585.946786 385.913710 -108.002193 490.693108 -495.324674 749.830057 359.957929 322.006531 -329.043646 228.260769 -945.916702 501.030544 -805.403727 241.249794 175.641673 405.338431 -20.112639 583.055260 -587.863651 -403.984353 -1327.483428 20.993504 387.966891 -403.650223 623.624886 -833.481193 384.585270 -746.171231 -215.156835 110.629129 -553.077474 -1050.060212 659.144342 226.195981 -436.914116 -621.138540 179.441502 442.590638 -429.099440 -204.056614 790.526035 -362.078873 -598.754682 -759.453979 -1069.020793 204.821551 286.009173 1081.912865 391.720855 645.690397 -360.717599 -695.879716 -1155.247531 -27.830128 561.541043 -505.015720 -142.839624 235.850902 -25.143340 321.797847 -284.728263 561.539637 245.215792 274.648467 -678.788034 -744.800607 815.923375 -787.969968 720.396718 646.914185 -1268.646439 -44.551811 -214.227884 262.803628 303.010030 77.824195 69.659096 208.549153 186.601776 -638.768715 70.172819 -304.040449 1093.997536 647.958826 828.456847 655.339088 -397.500868 317.217972 528.849774 -599.403452 678.275547 -1202.120171 38.564087 268.852201 -64.368363 732.294371 -89.011379 -22.081797 -1037.853315 -180.852862 119.058537 -292.197550 367.350155 515.764765
240.237237 13.948100 23.491371 327.890929 156.093127 788.376707 -200.390727 -331.027811 689.388433 52.607724 28.062201 456.394692 91.993721 569.897406 -455.218392 -275.470210 292.488254 299.439670 144.580104 -220.101415 -130.407511 -567.357128 196.957562 400.687451 246.970625 -615.321773 -162.787725 351.088368 -880.537779 29.025993 7.673881 -155.810942 -459.772932 87.476971 1022.721460 -658.098226 365.303990 -294.342967 178.045342 691.437398 482.312812 226.835346 406.221756 -164.873418 138.294579 -358.001744 184.014474 308.561683 -218.119700 -104.685780 531.731530 171.205663 103.845347 204.614662 -882.306396 483.364247 -386.621574 -525.973793 33.320086 -619.257926 -212.298197 881.001942 -596.029420 797.349106 449.186052 -140.060262 374.643160 624.479543 342.610471 774.094360 -693.235479 -214.595617 130.993371 -371.409042 218.136931 -559.696523 -626.252209 1145.121278 -482.843919 -0.539213 -386.950050 536.770415 -58.814756 467.581714 590.522165 295.779378 99.146203 474.847131 372.616577 49.012368 1604.947652 741.747371 126.499587 -902.770814 94.646924 459.421804 331.820030 -536.663437 371.005974 17.625667 488.077713 -187.111010 597.457650 36.751657 -177.044617 -152.009158 -113.924978 -361.898094 -440.949150 -651.969714 -132.381105 -299.587942 -202.074307 -25.213778 188.101882 64.993397 49.626409 202.540370 -240.395730 -105.298562 1179.596241 -255.194418 -177.994635 138.711486 -21.294850 45.586585 202.006532 125.203418 237.698027 462.873331 -830.982113 101.079934 -320.586963 453.156839 810.579573 245.302920 -396.420162 133.307949 -158.468307 50.437765 -686.972901 109.922390 307.131420 -330.295850 -62.591109 739.463498 672.386500 -561.031604 -350.320926 20.398749 508.581622 -476.074530 -14.863498 98.836650 664.330340 151.903994 391.746159 122.412642 60.270413 -488.419630 -348.296184 -121.799599 -578.899566 -152.248536 -401.091880 587.670221 -686.719554 1832.129336 -1241.219871 -74.182850 -500.447159 -1056.210471 323.619914 -13.150925 278.703547 533.629421 45.139291 53.763407 -346.660489 -171.807287 -305.075937 94.002681 -169.020835 400.148893 580.198269 284.234941 914.338051 -545.591155 359.909472 -150.069026 -446.759345 849.369199 -133.725029 592.765573 -119.435158 -628.106308 -185.053790 -37.020394 -914.329632 183.025210
-971.442519 33.158077 780.777239 -30.734245 -86.973767 313.598913 92.077843 54.673886 -754.867222 -627.605813 -478.681320 -621.871672 426.156396 -321.129508 331.046671 737.752286 350.525681 -343.817283 -477.409160 285.787979 -120.680952 -244.434382 -76.737544 -417.610910 142.863894 618.936014 -526.045088 935.076411 -814.567972 80.661428 14.816216 982.006154 -396.521752 155.001302 -231.889321 -663.607543 -844.241142 -251.235114 638.316853 495.497808 -283.402072 -405.471696 503.804980 764.758736 -218.215605 281.126570 159.372323 -372.096874 382.015272 139.648919 155.362690 -4.175494 -23.533947 262.395735 -232.603152 -25.148316 -163.193014 -52.636806 -41.245216 159.823268 -222.839011 339.307226 -567.270046 174.898256 650.300290 224.580163 1093.675161 46.320767 223.513888 -34.081871 -250.799747 -1097.663999 -233.341233 -764.831801 601.920252 362.917426 -416.092439 -314.012505 -285.109603 -94.435282 144.677893 784.564913 -338.255264 467.197984 358.667484 259.891939 -323.864791 400.884243 -50.750985 -358.726675 -262.072803 -256.828528 -77.603484 269.678764 116.540565 558.362830 1295.112203 -290.702312 -433.311995 310.664024 627.793447 -103.158309 361.659671 -251.392982 -88.588004 41.238197 595.908928 -434.852790 67.051545 784.576278 557.933548 513.032458 84.147589 -11.006465 -770.685717 13.996070 -263.746331 -34.423858 -679.080611 54.834827 -867.166293 -1138.902204 529.532484 -103.078049 118.332806 721.119253 826.775529 -222.069242 -134.002627 -830.544944 312.090776 442.784683 -718.179624 -21.429013 -841.884436 55.616662 -295.251481 304.171710 -64.021406 -1519.739476 131.678742 613.539057 173.946493 -90.472562 353.811222 -674.163223 -44.659383 100.128351 183.634207 914.666317 -138.427194 -297.275633 315.791473 3.498419 304.767572 -300.670515 -440.811562 -1118.038675 11.767805 341.538224 211.618025 -773.620973 436.831328 167.001952 117.835199 427.125373 -387.831627 99.256902 758.157174 -490.770473 -368.883365 -257.311674 -32.740218 -909.514410 581.761601 -97.623178 -597.732269 -171.635877 -352.251701 -114.503747 309.563114 -732.783641 -28.536823 -220.219829 -82.127610 527.826252 -396.417234 -80.441948 79.443248 245.741614 609.553586 540.505639 202.594141 447.566069 426.307346 775.896150 -601.487405 91.028067 -950.719347 -191.070544
16.576967 -426.549970 626.366648 -633.465460 795.735677 -767.482362 -170.607253 -16.638554 93.756234 410.393795 766.439212 -298.888426 268.682385 -554.230846 605.631477 238.068351 298.613001 29.793151 -400.427758 -1158.039423 -760.041948 3.015274 533.214939 -619.795079 -404.155311 496.813881 51.712705 -140.341614 426.938654 -146.519496 355.068321 -367.638653 -690.044741 -375.873803 -344.036495 805.723530 218.356894 108.243883 73.016383 -144.856756 27.844807 -449.552640 -224.945764 400.801378 299.514151 176.096494 -85.419710 -132.278865 -136.050023 -163.217258 93.302872 -105.450125 -193.259115 457.520655 163.469189 336.214696 160.266900 -290.254859 -718.371772 190.094304 904.013275 -83.796893 18.752523 -297.141217 -535.989079 437.358785 -16.400591 51.415959 296.214136 321.130733 316.855371 -464.341641 -289.860518 773.610231 496.832243 202.069878 142.638782 293.445653 15.481075 -984.931431 -239.923208 495.967201 250.472498 773.397472 77.153475 872.627878 -356.888846 -188.657954 398.872434 -152.535040 328.326150 -797.972312 123.495824 -62.998403 -175.266032 -72.940398 -257.883288 100.055603 -636.563910 -336.694522 -914.277721 752.731695 8.079209 -897.731492 136.568520 -513.182162 388.848164 514.977607 298.447260 234.341993 -123.665201 433.123377 303.710790 563.067163 -687.246435 642.667333 380.957016 -378.515812 -202.711963 203.951236 249.927623 -326.772383 -662.326637 1334.263247 239.899057 468.111356 -438.205426 52.954681 783.081159 201.634426 62.949283 -187.187153 695.480152 65.742284 322.127950 534.085396 1088.257860 439.015767 329.948732 -263.552577 438.512761 512.132583 -105.292714 143.184810 -544.562064 629.942446 -428.764840 37.448453 -34.988996 320.546613 423.605399 71.671088 272.358373 -26.147376 -614.263641 -40.274166 -1039.858604 -251.369413 489.128256 186.859587 95.325243 1.578326 633.028559 175.495341 -48.236228 105.627309 413.216832 -178.913950 837.345757 -381.127169 145.420882 -18.821596 -249.300515 44.908782 735.714760 309.043515 -389.370964 -479.671283 183.316739 -726.297785 -184.309366 157.550696 -632.653309 -17.617644 453.017769 219.112641 -19.983529 43.631480 208.580144 529.829253 -2.737267 -500.344831 468.622886 -798.070403 140.139957 -100.169518 84.035234 96.282815 277.220270 -388.231512
-364.232015 -237.561561 -350.539083 -749.405746 161.049321 -165.979920 -746.655935 872.276790 37.611252 -270.648903 -440.214201 -159.273226 -380.085230 -175.277692 -713.369158 1201.493690 -842.076363 -150.808961 187.939068 -146.399675 -60.573055 475.069895 308.699499 229.764089 402.842610 -134.323084 -932.759749 359.759131 1012.515352 1630.144679 907.621136 -530.108347 223.712463 -181.157391 221.561729 -140.752644 866.670706 -1062.799718 -202.391631 -563.811104 -1372.286991 974.013775 169.043677 -176.562154 481.318336 -566.372153 712.998068 -322.883333 -479.935096 643.175572 -632.701911 -1048.912045 456.146772 242.268219 103.076133 104.377575 63.603161 60.974031 343.843003 -385.149953 -232.680088 -931.402305 297.518444 -498.758061 524.627637 -526.978371 466.700119 -537.626352 -294.367426 -212.746322 679.473265 -356.599494 147.822485 -452.660626 -884.241760 -439.937452 372.359704 129.970861 609.986142 -506.470199 -390.298793 -210.980861 105.904574 39.160918 -311.077487 198.561184 -159.664625 277.528443 337.907826 23.737662 1225.100503 180.561317 896.168464 387.608788 -313.818727 -302.235217 160.202322 696.050114 427.779931 -640.927941 26.671582 -393.724046 622.523292 -183.124317 410.480085 -693.683540 -323.801639 -152.220835 -98.192283 18.393928 177.421056 -408.307577 333.400099 107.621610 -838.394313 102.813269 -203.036642 -279.419355 -362.151863 333.668790 400.441021 628.788308 -332.012212 -120.379225 280.083087 216.972544 530.180865 86.348090 -482.003442 546.333917 -998.729301 -49.394222 -403.291128 442.421136 -352.611057 -500.135274 -305.929824 869.227512 123.824506 852.026385 -15.366891 -99.771389 79.043951 -699.346130 91.902082 771.762945 -644.240481 -120.561841 -158.364257 -422.369354 536.335387 11.713666 -613.662600 362.687742 -496.294799 -492.260832 486.802413 -34.464071 1114.363136 -127.866507 -725.583159 557.393111 -1249.580329 855.149378 -184.335320 -155.969082 91.609487 -16.033989 -94.934412 -112.077054 225.277087 -4.298608 362.394265 -147.635736 16.092732 125.905224 -958.059314 -72.334229 -320.957437 -353.792127 -151.028260 -319.889164 -127.177683 170.694170 -768.275059 141.395367 -101.299314 -26.010305 739.513764 -479.120431 -161.207314 26.570641 -521.237655 -764.052351 578.636398 -63.375890 -419.997666 24.200320 -578.536073 295.288438
534.323516 328.405551 -22.492024 -484.646378 -654.585441 -54.410912 489.216541 130.442512 85.075286 301.033483 -548.305694 434.468057 211.579843 274.033940 838.820615 113.521183 -311.636610 -1276.101729 -311.359731 -397.403586 811.941719 195.880401 165.563018 212.110835 -607.559792 1070.921754 -135.078128 277.954522 311.990686 -372.759975 631.310966 -42.064295 -873.006464 223.196964 -173.666707 388.962701 630.271827 175.596244 -369.225564 -445.689674 -11.436210 118.452910 -251.755886 57.416657 -880.473005 -77.444168 30.369299 -563.834865 -137.038642 -47.730888 120.595093 454.457397 723.472380 -762.071832 349.493714 -31.751297 419.952265 -614.258618 286.849375 -268.655862 -439.035864 -139.211032 327.030743 -1110.391326 97.291468 621.429132 998.992227 -384.054102 331.883448 263.069502 360.255046 459.191418 -614.672740 -720.294473 -148.338957 536.706049 165.719373 -409.488525 141.994971 -290.339997 -1091.583896 -971.021856 72.054120 954.943048 364.466474 -992.888247 -219.215864 -101.162684 199.753749 -744.883296 329.208562 -455.956238 -334.908525 -238.371311 -60.551306 -1031.391213 -555.840160 -818.600170 245.194936 963.337510 -244.728107 -399.987263 -202.922656 114.732544 611.378156 227.664342 233.377043 -688.831600 172.192760 -241.452167 -415.144853 -439.786382 -116.077996 -65.003287 979.432053 -429.323206 -121.728644 1038.937055 -657.245166 565.103777 -246.082354 171.866007 -54.424025 501.286446 1014.821018 247.803315 149.766494 661.049191 264.970506 -19.169488 883.874949 452.350310 598.678988 -837.148140 -354.964523 -366.180326 -514.737420 1341.937322 77.210511 -335.722541 255.370344 895.030671 686.312965 264.590443 -145.655333 25.356513 -35.382299 -979.482273 295.743044 -291.016692 -466.137987 555.008134 518.459837 -23.742973 -302.048842 -557.069026 29.527628 -675.156856 -444.167645 -529.209560 392.078586 -240.704360 263.537570 -720.091723 -652.567295 -447.993448 204.176150 120.106130 118.452038 -628.874233 -343.126559 -246.093675 -850.348774 -21.650009 923.406597 956.946040 579.356312 -367.638992 -317.457567 541.771313 -101.969048 204.035019 -185.671906 -1032.575934 138.490927 -268.554123 408.290085 118.202820 666.706651 -537.891042 267.870296 -241.428352 182.587398 -104.525180 -580.587365 665.671216 -136.753598 146.908351 428.633600 -84.956923
479.715638 376.504624 -54.590567 -10.814577 291.492902 254.683318 -94.344408 -266.591335 -119.763993 -797.162255 656.478024 298.928600 -204.693825 517.157005 -71.571471 339.642555 -609.786981 -117.702781 437.511967 476.040118 263.117361 253.708203 -826.530823 -130.867365 343.911804 -493.210122 -846.499087 -81.637314 -458.584392 -201.257752 -1014.622972 -113.053647 446.287878 -214.428380 37.215914 -38.911868 -206.669470 92.020963 -387.421074 27.039508 -42.260392 280.325819 581.734331 -386.348730 -457.755189 -421.048013 335.739574 -424.156125 -177.952542 82.457763 -440.945601 -174.396151 866.142775 -653.997830 -50.675800 349.405497 -535.242201 -161.070704 442.988064 319.254744 -325.431556 -569.996247 -417.738570 427.573456 -258.051328 -520.682160 914.883922 -791.799933 1397.109384 335.585670 296.619908 876.915742 873.950971 -455.480730 -345.788976 59.360442 84.974258 -345.919969 411.728363 43.830876 -6.076267 -494.951606 -101.926161 -933.057445 -219.296402 -21.402836 -70.112735 10.336237 -171.403215 213.537098 730.765855 -145.517036 -688.632941 -104.850268 -682.788242 -459.527180 1005.347405 527.375852 -259.072008 -97.389120 394.989840 -286.213106 -298.793957 -587.388570 892.261521 -118.784602 -179.527814 43.740829 -455.756317 81.795665 -596.939662 18.550393 -160.246473 124.819171 369.214057 -375.303171 -374.767214 -106.648414 1001.304752 -262.230591 -199.714505 -579.192208 -415.414693 -102.260902 164.901451 -289.898720 541.309338 318.712564 42.431764 -410.117305 -1129.342833 291.840945 -283.791921 493.897206 61.375583 -547.473734 371.880389 709.325605 -164.112451 -176.314718 222.654398 127.813718 -261.836427 192.731773 -416.438044 -4.348075 151.564656 431.839716 310.741173 301.098458 290.872091 -365.719700 -278.883927 -715.280470 13.380466 -542.969653 1375.959388 -79.772040 220.318424 -293.485949 218.994785 545.698531 -298.995911 530.590290 604.852785 -170.563647 339.405797 449.168438 -416.184585 847.537876 153.925881 50.495617 157.887557 201.813589 -151.799535 907.198518 -453.100639 120.758237 -461.668215 122.033962 -277.022355 834.970761 387.064462 935.984971 1260.344227 -237.392633 -276.042982 98.516344 -18.704055 511.184271 397.015858 531.826989 218.461274 304.163417 -503.436153 153.488387 -61.004832 -394.299631 393.089495 474.665135
-113.356714 287.752938 922.831459 315.357703 -619.461667 597.739385 845.022059 -631.350518 -661.338791 -331.949513 272.645828 422.150532 242.961988 93.302696 202.255530 86.000830 129.547392 68.445018 -832.987783 313.638248 -1220.333387 -201.286874 -312.443305 614.481187 -15.013444 698.748465 114.385591 -316.879975 480.085867 182.031612 503.246505 -656.674936 -394.401199 -293.604839 400.892482 -341.131065 277.360919 257.414740 -230.105150 -635.526552 -312.888606 -245.745667 -814.829051 -285.767291 -722.675708 -832.965971 -329.042636 -22.564424 -99.907449 415.262123 -132.827775 -523.604379 266.680949 476.729305 -54.611587 -267.234032 -128.654946 159.751892 6.365451 547.309733 25.544385 853.053490 -597.345051 197.006782 639.556910 -111.556528 -220.805476 94.202320 51.774975 -498.310388 69.599581 -974.368390 2.669915 407.344528 -145.999817 -196.501220 -706.558051 1132.588843 -519.140712 457.433009 -177.290121 -187.210556 -174.269834 122.293858 -252.250765 -474.520384 276.287585 267.248128 735.240641 73.098803 219.847768 157.714248 291.723529 -160.152875 -499.678846 262.889389 -616.508796 145.090380 3.084425 75.553849 -168.653060 367.884570 -939.005337 47.846278 352.012258 -299.112516 20.882596 -1942.062798 386.500424 83.360866 63.433807 -481.232305 60.220354 -1114.834270 -874.172247 -574.820045 350.619968 -394.426324 471.362516 -425.694695 933.258046 -389.316892 -433.377879 -753.611039 257.904678 521.387390 -280.639758 276.924339 -229.670254 -160.704843 895.509443 -605.588605 -503.090413 467.543461 1113.307284 -1129.042587 119.495064 -564.642947 -443.638829 26.474425 -58.664131 608.333592 325.466353 -174.855447 6.176094 -81.349717 105.389094 217.820523 724.630279 -521.171679 -583.039088 -15.582955 -539.053780 -39.637951 -984.043424 15.747965 56.113500 -292.212106 627.686008 -285.382313 -644.621496 421.021996 -291.115533 134.251097 64.698526 -404.577858 -102.284242 455.735747 -465.408275 325.231242 -146.624150 -335.132881 399.787504 -89.670885 -202.951270 731.466352 514.451687 91.987655 -134.140232 -694.271023 308.621171 -757.764166 -252.195253 -291.997405 229.545367 -338.608321 -18.728243 1226.766815 217.811157 -728.015307 -459.355474 320.351231 -114.172587 16.944914 87.555084 -183.667657 264.583810 623.446093 992.947843 56.977845
113.084758 260.093157 -197.645818 535.937460 8.724187 301.229645 867.958824 -16.171244 302.710857 -104.998822 498.664049 -370.331219 -71.877189 -138.224222 -839.183488 187.401398 45.276686 566.501828 -81.964043 -468.900573 -344.657101 158.485908 -597.427676 250.138174 -173.809212 -567.181219 -961.718978 826.829749 -678.820614 226.586206 -0.047280 535.494170 630.826406 -705.907943 -326.618046 537.957828 474.606879 -152.618041 -13.996992 -177.810485 -772.484897 -561.935992 -200.034496 -299.648273 -99.507942 -84.809360 -263.331530 -185.453093 170.254579 -174.741005 618.255382 -345.721829 -809.531515 0.797230 43.566342 -426.049280 -627.280614 660.199882 -106.146237 2.051930 -629.234294 8.870044 443.289302 -538.438398 595.005511 -906.529154 615.647430 91.093525 -416.637562 377.496196 -297.255492 823.687260 775.456628 526.477368 521.236364 -386.963368 -604.017607 9.359292 45.864480 -185.164009 646.141844 -479.777176 -147.185693 435.661795 44.212810 -17.365729 590.644457 222.391452 129.428212 -187.889407 390.596656 -785.868102 760.824065 -714.266062 41.574699 -685.966102 -34.203301 -240.035891 -212.589114 376.600796 931.598798 444.168122 -232.061138 -4.060722 513.116585 -2.923040 308.584280 41.472067 -357.333960 129.165046 -326.781713 896.525729 490.035195 409.968278 -1178.306054 -798.935592 -111.539882 517.808117 68.099048 -165.343354 993.018451 455.050396 -450.209733 -24.274873 -145.540349 259.456348 -161.347009 -620.326433 -577.019449 316.994818 56.601161 151.272579 -620.674474 184.853482 -157.321991 340.978985 -128.362895 33.852882 -71.658454 102.772071 -624.966449 1.508849 159.055888 -326.017547 260.796163 264.634793 146.524560 84.185653 444.826557 -540.303815 58.986388 -314.835907 -554.634073 945.580004 159.481011 95.592130 -661.242480 255.482036 -29.863882 -42.523513 723.138637 -437.231862 149.380912 496.133354 33.295956 725.810123 918.973678 -287.404751 -160.457121 -1030.501964 -218.790738 107.265912 -105.802900 -46.037405 1537.064656 -285.283423 129.373723 -39.969742 -179.983984 -227.215494 725.149529 -341.190579 798.272488 215.982992 365.336976 -380.869097 -34.785647 455.203051 -23.267696 -377.409297 -497.311051 -102.785114 -0.790869 -225.688445 128.478970 127.467666 125.885017 -340.778505 561.756748 7.461591
-243.288529 -334.610815 -368.376489 158.410795 -570.626491 -546.903510 361.572283 -123.535248 320.539452 -105.628449 300.084597 -564.288541 766.007884 -206.092929 464.467862 833.067107 245.628731 853.210223 205.255333 -367.185382 -747.560021 394.110525 172.164880 1083.433170 466.544400 936.247657 -93.600023 901.594159 57.657180 -532.714507 438.877495 -408.746883 -105.712915 -980.066293 226.046620 0.415691 582.872031 -577.178429 -336.363126 13.644074 -823.183413 319.262416 1.730167 -446.194314 -624.220419 -287.453243 -964.651745 411.026505 542.765213 338.787268 -20.727631 107.846087 -410.813751 301.425134 150.487203 -1032.380633 -579.823662 270.266544 451.081713 339.173196 200.154674 -513.716157 -454.626431 532.884602 -736.113327 -535.041871 148.292694 -94.184398 -89.295811 359.435795 171.133296 32.318199 805.486632 -343.491092 423.925211 193.161222 269.872896 325.616560 374.538770 468.683764 163.321674 210.037291 -222.917854 -835.501367 174.623647 -324.647122 -31.149763 -90.540483 -236.332788 73.064678 -460.951579 -7.404574 -95.101553 81.037798 96.376230 1001.742482 -159.896863 -263.450731 414.898301 343.005686 381.889400 140.261159 -135.036017 188.644283 637.476237 791.591876 202.057420 -1153.175161 -264.821624 290.832584 119.245480 392.164198 156.372064 560.172385 514.146052 -176.665694 -1102.326360 -292.193960 39.817390 -160.017977 -208.842219 513.310496 364.022121 -545.836861 -283.623822 207.113850 335.929746 -121.886874 -116.427951 -227.412155 -256.321440 35.760808 -878.720912 -210.067638 -36.588268 -357.551012 -7.129269 -279.974485 155.333025 -181.613874 308.918456 -337.254277 140.182141 174.210959 159.398542 -357.334082 191.365932 93.928662 -61.212908 -462.375542 -622.471896 -182.987390 -567.161663 359.356042 -742.909180 344.880272 -2.930181 774.861136 82.697526 731.666897 180.212899 97.132679 67.529803 259.906420 -368.694262 -959.425776 144.689229 -265.231454 68.752088 -186.325980 -344.932126 -12.755034 -107.663813 -248.307199 -318.002636 -215.201917 192.446282 24.496571 -384.633827 125.816937 196.643337 -508.970063 456.336810 -580.240538 -260.560375 68.753459 82.740509 53.042253 -143.696106 -129.107982 -120.057178 -232.276381 408.397876 -98.873000 161.959581 177.615659 -326.139956 976.647982 986.877717 -574.982997
-296.280493 -433.601627 -31.124174 -89.913810 -199.401241 -453.507107 -363.539931 -64.329189 1182.782537 96.656259 60.613306 -22.417666 126.734939 938.494369 1257.932994 -815.252163 585.922807 -127.360408 -281.406577 135.582390 -46.300381 -296.082212 -571.129013 -547.429252 -18.164062 968.925284 454.846245 352.026369 -674.508192 250.289838 -265.913741 817.019338 -246.935274 -250.340543 -424.656973 629.207706 -467.903252 -489.471934 -151.313119 -374.706840 -0.320607 -185.931924 487.877520 496.589509 -650.525343 -222.500547 -952.986877 445.317816 -402.372392 40.489263 -237.078156 149.597582 53.773540 -775.954270 454.634875 -411.837250 155.063631 567.488643 827.590877 914.423949 200.581478 -248.847184 -670.763727 -91.547794 128.178855 -201.755420 149.077566 929.367406 536.016478 -311.516260 501.946455 943.646338 163.490843 -110.098574 -26.327038 708.330263 -753.271765 -722.042845 435.327069 -525.788074 1070.799692 -251.976036 143.125991 156.230124 575.182275 -72.507583 -258.418326 15.159992 -699.906609 -307.390079 -584.179373 -841.822181 -336.244985 110.775024 284.738124 684.797434 208.840908 -98.884522 -146.692057 -232.138993 248.167605 -185.344757 314.339285 -473.511009 605.316717 -629.858465 270.524379 12.875559 -478.654205 431.613651 474.885835 80.243394 284.421644 42.642403 -104.352639 126.038078 1169.557322 345.611395 -730.209620 461.993435 -457.285110 869.037979 -572.259958 -69.336592 -577.061402 -373.176335 -693.861548 692.752158 320.097155 163.325530 258.314695 440.512224 -370.058776 -285.572478 71.518378 -336.082589 245.386964 -662.301423 16.514386 295.409762 952.484233 151.537287 253.059960 215.040112 -1103.802097 292.064540 -14.091497 -166.853228 -74.718758 -99.135485 -490.384567 48.288816 -116.113768 44.066828 111.443171 -511.746159 -991.106615 9.873889 -843.348936 384.329662 195.141274 406.433494 485.108736 277.219927 26.685293 -184.267425 837.760968 301.281400 -287.014973 -550.291291 95.167481 261.018047 136.776471 -917.625460 -558.945932 -866.841178 -133.030717 -430.021207 -109.509271 147.651309 394.253852 -509.074370 -318.311846 -872.820409 -787.422209 444.134740 -482.598242 894.267099 -94.185182 363.376589 237.320964 488.575532 902.704335 744.153967 925.354991 104.712577 374.907497 273.638136 739.516010 78.729624
163.234636 349.777359 77.460258 101.135368 81.849114 1072.676633 520.623600 -88.150724 -1078.645268 69.157744 -10.487901 -465.831027 -394.707309 182.733041 403.084167 -107.140268 -128.099380 457.652106 272.252383 -199.120339 -508.266030 -64.202524 176.321930 373.286482 500.498675 -298.523101 -182.512517 188.488063 167.989421 -323.458200 62.432713 -206.019498 -94.768694 -2.288133 534.530242 -6.907961 -206.308729 -279.050609 219.663867 -37.126377 -370.189710 783.675713 21.206398 -476.650560 375.216828 -276.304000 329.049002 -330.972630 -40.724548 199.730991 -517.291775 167.000618 325.578811 -494.318902 122.643921 -297.025115 744.009974 252.100173 1346.043387 491.920238 -579.226148 -14.848154 117.901363 -590.457047 466.769145 895.220139 -85.234494 -607.080844 -708.719379 -57.279011 452.305745 -109.952233 88.970293 -50.886907 -9.814959 -862.652020 -251.945608 -255.359217 -147.059085 -555.135415 380.187357 -285.726703 118.002766 -213.176177 -646.463679 28.483052 318.022369 -120.711561 205.752725 -647.889221 880.398639 -452.089366 -410.768110 -463.042053 -1562.131851 91.852356 -705.221894 42.508465 286.702103 34.980094 811.117985 -30.333864 295.777115 -20.944636 699.251235 691.168199 298.914051 -195.094805 -434.069675 -190.801752 -608.382237 -889.739672 154.183992 -453.653200 -188.935706 -156.358684 -11.069535 946.183785 174.686774 558.478719 -63.473331 -276.303810 -194.400021 117.603995 310.415924 -444.890597 -169.134481 177.027224 558.995982 -532.232152 -392.821662 1043.743007 24.810546 -345.632368 823.145144 -190.329113 58.532072 -262.489945 556.198616 -425.839669 -573.340450 501.170165 195.505205 188.136174 -609.420995 98.301388 -360.431868 -103.039869 736.607683 -401.388364 13.076581 -461.187344 -361.974006 -422.057275 -282.741056 -23.220611 -147.229008 -236.686478 725.737607 -867.647029 216.626772 506.638046 -726.294027 358.060891 195.733396 20.757110 388.977971 143.487651 -67.351470 646.282174 -164.586226 -991.228797 537.841533 127.510371 -203.844484 137.907470 22.595194 268.062025 -15.036433 -160.814277 428.708372 651.630912 -239.825757 458.408220 168.548504 -239.202231 -234.389944 -614.201964 108.006746 -326.441581 -715.068083 704.709965 -298.881559 -10.395445 -510.040048 -919.402684 -924.050628 -266.184297 -83.852741 45.381224
187.514586 634.218653 283.236644 154.023656 -33.638685 445.363831 148.840748 -795.475154 -991.604635 111.156662 26.610092 -261.850944 948.873949 -55.465578 -286.973222 478.307138 417.603577 558.274081 -436.572412 273.472817 -568.036420 -560.014800 552.377881 189.753094 -257.295910 189.935586 -444.700607 518.643254 -768.897412 -686.104603 -99.424358 458.404325 -255.567224 -61.074839 -676.127289 280.846583 -185.682994 392.006555 395.698379 -358.713496 -45.838108 -625.724722 894.123610 -70.166516 914.792231 -416.374463 334.266152 -372.045215 598.387067 -250.155397 201.806917 -303.135051 -383.697963 -284.564915 -521.494787 -686.583354 233.574770 951.954269 -495.160739 -228.676494 376.296624 229.673786 -179.121045 -23.204050 433.518321 158.167818 167.769233 -6.745321 -166.066461 280.881231 -887.942535 211.947620 -9.962771 639.382257 337.991623 -736.088743 -304.356815 -644.069957 632.556641 -368.119620 -291.936129 222.594655 -322.909206 -269.336715 617.836333 -402.514443 -214.419685 -521.788133 -382.772580 -798.097338 672.496778 615.761192 -823.292298 896.600604 -332.124245 86.218345 333.984483 135.658880 299.716796 786.718563 -920.893378 345.986981 873.202835 -125.562435 -109.059438 169.989913 869.135307 -660.757505 -546.098508 -305.275301 201.500213 262.271104 -28.603239 -259.046896 273.764381 734.664971 -171.340673 -113.602709 394.334434 -93.322971 1099.763735 1127.430885 397.502746 -28.895721 -0.564421 411.918422 -182.951699 -154.368886 8.495927 295.553515 826.456438 326.316739 -648.708657 758.401344 -189.546557 349.854867 -610.687067 168.269813 -170.910344 764.109112 976.250735 675.052346 -460.686341 -527.292524 745.589990 -398.259131 241.331134 466.486141 -658.505388 96.303796 -368.508586 443.152585 -286.419630 -127.842748 546.829897 478.861619 -394.748382 -470.436349 -199.930906 274.784001 153.642792 -954.323442 250.409330 -606.864187 -308.898327 -275.019231 132.464804 859.272416 -415.009481 -141.865790 181.933488 -19.945068 331.249508 -361.581379 -31.345552 -946.786038 -155.750777 -178.806498 -82.297543 510.873982 215.788142 -1159.984717 219.936437 -562.977614 -435.131524 12.398710 531.822819 570.194419 -220.216441 -1081.336129 28.865794 -775.357622 -394.774869 -354.609100 17.642345 387.960610 -2.173236 436.996946 1217.037174 7.159425
-154.562513 -47.171126 358.903483 545.222394 -155.253594 -105.861448 811.937249 -520.656971 -161.021852 -618.006135 111.630402 -207.776228 -169.698975 69.095134 245.161098 -103.613300 -415.010858 -208.918660 680.827592 -788.879447 1137.355813 656.340767 -556.663833 -429.240704 -274.494784 -142.044546 -123.605956 -415.213499 631.129338 -254.401303 378.169441 487.875760 -604.626079 157.480564 -310.940969 853.715361 83.587115 281.762136 156.490969 941.169091 -654.969922 263.670339 430.024094 -486.704333 42.513092 496.719792 -632.554379 315.599195 -446.566220 477.510732 1102.143519 -55.844196 466.535601 -22.706071 329.768081 227.784647 551.932866 1229.671067 -134.000534 687.281293 445.163997 141.219902 123.189671 463.880149 494.475462 -33.329758 302.281009 211.522386 -545.969597 -518.701243 150.938063 -315.817368 -272.566779 -705.584868 119.064897 -679.429433 -438.804202 122.851091 1127.393063 619.529739 -565.128910 871.853320 -477.981783 -593.682462 -692.462752 487.035860 554.081450 404.827679 277.279835 -17.134336 543.331694 674.751283 855.827769 -156.076060 -122.808342 645.896619 190.627812 -870.442326 -483.741227 327.595047 -314.978660 531.364128 -2.408678 -611.781566 563.926680 -150.669801 -323.682913 -404.086010 368.299716 41.307573 279.963610 160.053926 86.154287 65.843061 -218.311842 193.635371 -486.178279 621.386187 68.108825 -190.738418 329.452279 -683.738783 -96.410133 998.289955 -260.586248 -165.802164 504.915548 -431.911972 778.079789 -136.023202 -520.831838 193.664742 -88.264782 -373.055801 251.431041 179.619173 -241.306068 -75.660365 419.565496 -270.491029 232.213744 489.841130 125.485672 200.228377 111.179971 533.860164 86.047818 -318.505318 368.590724 -472.718658 533.483275 -674.312340 -25.777919 159.921706 626.342423 330.234206 -296.482900 241.151246 328.592470 397.714186 -116.900867 154.058432 -484.101176 612.604849 -152.085702 102.769238 -595.148590 73.943554 -233.506318 335.889986 -131.238661 516.198342 -276.677409 531.602273 544.471784 866.286898 -237.776970 -24.262115 257.432463 -318.536121 -466.500463 -348.246880 339.399337 -808.044678 121.213255 153.962569 154.120491 -91.629701 63.942094 -452.447144 -426.569610 124.615504 561.526251 72.637719 -414.518463 -28.575217 93.370054 -82.415947 243.399049 -63.395642
497.750263 -61.865748 110.401104 345.394528 340.466227 384.957060 -349.978336 5.407687 237.126068 -77.779657 202.435542 455.728667 829.287808 -333.723417 -205.715991 63.906680 -268.878877 -270.456916 327.012674 -517.823498 -273.725720 -115.460632 -817.403610 473.828259 -828.020788 -223.090382 109.381961 -196.471611 110.832857 -277.365924 -978.753152 -473.148251 -82.543984 -13.702827 781.455618 932.883870 -95.964365 681.490018 -457.687921 290.388369 1278.105719 84.171200 339.292676 510.452116 292.710704 544.768096 -398.120259 -380.102928 121.105147 -745.073216 637.437310 -237.346002 145.295688 -111.239725 98.397183 639.738864 -6.178755 -659.366386 -235.283439 -199.709899 -655.342725 1.100816 -598.853387 129.680543 205.054243 398.873903 -18.509101 679.280244 27.334184 -614.006043 -504.128898 -114.900174 -395.865718 -11.153693 204.986587 -638.872864 898.047386 233.492028 -652.890666 138.057430 -112.688322 149.604524 -108.673446 -345.505504 -456.563095 557.482100 -334.289909 -381.788628 -196.274241 -46.016948 864.724333 28.981362 -263.764652 -130.471464 -288.126767 -3.674391 -1076.154095 426.670238 -269.436128 -306.110807 -674.034759 -333.076627 -208.186550 224.935379 243.057800 522.552235 364.457728 -312.327561 499.609017 -618.893692 -1173.963485 197.038775 101.105046 -465.342112 10.190851 131.865712 -202.032212 -249.574463 24.750980 -180.833663 206.510277 -426.733775 7.434372 271.604100 292.322649 -386.310572 -566.436635 -302.099665 1271.105151 -199.077063 -503.982672 584.398866 317.320812 188.569045 -76.709905 -481.186806 -572.669863 -699.738806 -461.599250 -263.975079 142.211286 -67.367602 32.242726 -209.581757 -372.310557 111.770712 620.840070 -16.025354 619.266509 -739.751661 15.524332 359.371236 -770.978673 -324.069051 -858.636266 -294.917348 538.202532 406.462788 -512.637420 -147.016900 223.901965 512.231661 44.656254 101.877030 234.010578 -813.840143 263.220799 412.946034 13.222520 -790.185385 207.949846 695.071484 -81.050227 1236.134910 137.888194 390.642492 717.235995 901.407760 -243.689368 333.846174 -398.411712 239.944749 -103.512257 636.688215 973.008397 -128.309985 670.062047 265.809673 -427.598333 70.121128 176.133953 436.243520 -499.611878 199.034252 -349.627445 -305.704468 -198.797404 -179.222299 -474.291068 862.850659
-1084.476826 489.998712 981.983753 12.761256 -17.413163 704.082589 269.122808 105.531580 -294.613339 423.502768 -154.973232 -351.073195 499.068200 149.938255 262.512107 -361.891154 -101.100628 456.631557 325.708778 358.000805 319.474659 -392.446384 81.423046 181.733140 74.044442 -242.061228 -297.699583 75.053746 305.565632 -209.998542 -422.603213 58.234539 -145.182215 -175.219384 335.559249 8.134345 -421.368218 -87.574062 -325.066609 299.749370 -140.857723 181.307199 389.989736 137.656518 10.485026 192.840492 174.446652 191.911803 -70.866634 -101.229039 27.944963 82.217169 -46.445274 -899.277302 -632.101986 33.947098 -204.929490 606.211595 180.623432 321.136560 610.425104 505.711675 -748.892719 70.795979 218.402195 124.396330 726.702694 602.454171 431.586580 792.897484 -650.831056 -181.409039 -427.675659 234.868203 525.533791 44.549515 126.536392 198.583746 -274.010180 705.771758 273.633242 -187.893161 70.431191 -303.149430 -297.592546 -208.671007 321.331991 -241.858952 835.844988 -456.788508 -80.613906 234.456315 -31.680269 647.451143 -825.029485 193.477117 706.323339 -63.458569 381.325264 683.320892 286.893928 -36.630034 21.231625 207.222023 -1346.688234 665.597591 -460.191924 37.822425 -480.237394 586.222747 -125.703881 179.905260 -12.221136 98.364437 739.785387 216.645111 -387.399500 685.225130 1078.569997 -1316.613814 -19.188985 -687.517022 -5.766449 -482.835075 -100.402932 -556.818250 -435.153527 -108.912039 -223.013541 -372.675293 939.963470 209.516995 95.977560 355.775926 -780.073267 224.784718 -371.191646 -206.107228 363.397053 -411.004669 76.537808 -642.231092 -448.763104 -87.062301 156.310115 13.789630 -50.108258 429.938303 840.317271 690.311982 409.200369 -138.448342 595.945979 -100.356826 -43.249257 669.170516 -418.217033 -250.912272 718.802783 -131.616141 -510.655209 226.411152 399.653716 314.264603 147.766963 -238.151981 542.017723 674.337820 -619.875484 -332.948730 140.460414 -307.243585 4.965832 -683.775531 418.044053 22.300460 -637.680301 -1051.023561 578.467707 -94.409922 206.024397 104.924306 441.852437 -233.799880 527.904795 -408.237573 -124.377681 -271.873280 422.247360 -810.055334 128.300801 258.926389 -26.181614 -179.304695 46.613681 -323.878016 -96.875886 -499.697344 292.343249 41.250463
27.370198 -229.461963 -380.672370 -380.426420 -566.255117 -514.843434 -758.422161 -1429.700279 -184.743735 -54.808530 496.939825 569.191348 58.009399 -244.946561 223.969937 159.325902 67.056679 287.263636 -112.586468 -185.089423 -246.138380 192.921454 343.067474 -540.835977 -977.230883 39.247218 -423.128699 -157.343374 326.691646 221.834042 -662.987565 -266.232039 -455.986612 -659.822649 55.416249 -330.109584 747.150495 228.672343 -235.524286 447.303611 -70.872179 -56.666198 383.630548 -313.588152 74.260667 -400.039729 -306.196667 377.945684 -497.957866 639.839103 -397.002376 206.518022 -34.874690 617.614133 132.123345 -290.541248 450.186259 266.849148 -649.009765 -126.206895 -337.185023 446.706541 -143.941081 258.200618 62.089208 -684.917264 49.999140 -1030.686652 23.411244 -340.824722 -393.745371 -437.169166 -343.947855 -405.630496 -55.674930 660.581224 -102.547791 -486.307365 878.791006 301.671003 26.617771 -591.060534 -224.223942 82.661349 197.833121 -758.730075 -488.820015 -1053.561235 -70.091963 64.374382 -118.441227 31.570293 -468.578014 357.866832 -859.678932 -82.689756 607.613526 -422.393522 -1257.663683 114.976406 -284.770486 615.229456 -484.082769 -862.501579 1.328882 -457.155173 -113.178782 558.442296 183.521887 -263.001690 160.308452 619.389889 -1012.470862 194.593931 554.387908 1053.679747 -350.928670 -623.953598 -50.371261 27.262233 -489.675651 -222.471835 985.235089 131.074886 697.491678 172.071310 168.855951 26.515383 963.575590 -371.601559 297.186494 269.582837 -105.747507 -240.381009 -242.071520 -348.955607 492.941576 -56.656008 -148.940566 -188.186665 753.509726 275.246368 -218.564349 -238.989454 -200.312807 -726.123866 -826.843298 -331.642152 -306.968711 -716.248364 7.333875 159.794919 872.049352 -552.402189 648.638736 897.216679 -506.578077 162.118324 -699.952223 677.270796 388.820229 -316.006553 298.800242 -30.921686 303.097839 -207.429890 -429.407548 510.528126 498.756485 -495.888733 126.729232 430.114554 -209.797568 -381.353018 -412.657235 -458.065571 -188.289509 469.185862 -5.449760 281.493572 -764.494304 1145.559621 -227.554307 -542.490951 -315.441059 168.417033 -710.823615 -106.803557 329.618517 22.629667 888.741894 127.708459 116.619354 -631.716711 -134.575928 298.866073 261.660678 321.331020 -171.124817 477.433036
411.276194 -86.991595 -81.998281 299.877896 928.662930 -865.032719 -208.354430 -251.994851 311.484111 -1012.081105 411.014343 397.805976 603.183914 -250.626937 187.428639 304.737311 332.991120 274.911594 -95.175393 226.992654 -77.498202 -456.782622 -328.380437 663.395764 -1223.358024 86.500354 643.064500 67.070453 -603.202524 -133.640144 -91.361936 11.344459 -609.881227 -968.777395 -161.278001 -124.258030 260.216604 719.606864 406.477826 230.448255 1112.414162 -707.479553 -76.214742 -104.419528 -766.249991 -0.184981 -9.480724 -687.056801 203.199515 -668.056168 274.502819 250.092284 -611.114042 343.897270 577.735607 414.370956 -146.592856 369.085228 526.375180 677.846427 -235.294502 -589.546557 -574.583305 421.141463 -100.115361 -1252.807953 -227.140282 -299.353450 -417.252910 625.512298 -786.435701 -553.010269 804.453515 -34.650654 -67.847283 -449.805909 1573.702171 -252.771582 168.391765 -31.633592 -8.927848 -146.370222 -864.125749 -210.038029 -585.165529 -81.320991 654.068030 844.306067 -299.130290 347.808103 329.869443 -224.257635 671.150674 371.811935 -79.767325 212.761560 -119.625630 293.607840 244.915946 -274.581619 506.876456 142.522801 12.106195 -651.662023 140.735794 194.072101 285.240054 324.241688 23.930612 522.855835 -339.323623 312.952184 -219.828799 -278.192657 544.498428 -696.494717 -447.537806 350.023293 449.929709 -621.047709 -652.874603 -348.186115 131.433921 -1818.742828 878.582900 44.838411 -457.272059 383.194103 1020.703198 240.107359 -595.891801 32.807605 136.628334 420.197658 -206.428491 -61.611737 62.763985 -535.687358 -843.712772 -199.464697 -339.038673 615.221055 713.093792 183.551408 -367.744451 -7.037649 -527.620721 -485.471477 -184.922907 -303.188419 648.624711 802.046118 -248.362483 201.099950 245.638193 -8.253873 -989.285022 825.083850 -138.460535 43.698854 -890.145135 598.222939 747.714857 677.370006 491.349299 -16.808173 -377.230370 1076.849502 -266.183959 -612.770580 -173.452130 941.674296 -313.116459 469.005734 146.041131 805.461567 -68.075875 68.065534 210.823716 973.479208 144.248159 -90.934342 -151.276747 812.682500 231.068283 401.273519 -592.847683 287.276192 -257.341159 -164.647625 -372.825304 142.149895 54.910622 -80.894854 964.840471 626.562274 -22.111488 77.317561 149.545521 -73.056627
18.405769 133.729801 -320.248518 -1051.052524 141.041845 -328.197279 -129.881376 -328.495791 -141.604160 542.089789 209.998039 -249.693916 310.189923 337.710459 -342.339775 83.949601 -17.739267 -282.587753 -207.427593 -436.239738 144.757639 407.926685 381.570152 927.318829 120.955415 -305.707217 -207.210442 72.408270 -436.545965 347.783081 -131.015987 -446.425676 -25.973270 764.087384 -87.292119 432.969470 -48.217907 213.047400 -419.153795 -887.401424 176.385475 -210.638998 14.611316 916.213549 -489.663510 182.398037 -491.607788 -181.102794 458.783352 440.179923 -404.687661 28.621741 285.464825 -751.826752 506.695190 157.534264 -142.016262 -769.534598 -674.192898 -468.381197 -409.684489 395.898959 1114.354510 128.869978 192.878909 731.418425 28.408339 -326.184982 687.612979 -153.769585 -37.524054 340.203504 54.509942 -560.603162 -540.982585 -118.110396 -1129.253278 5.403364 44.460427 -239.170396 -334.820829 -475.640674 398.812161 -167.932476 792.593479 -253.132901 -674.087174 -631.328669 404.847673 -128.785097 -628.280213 582.636542 -65.228717 -22.852315 -121.686282 -654.804885 -662.511610 -6.071688 -822.114237 234.268416 782.349532 -511.835434 -282.364536 534.616294 32.029077 -144.322366 -250.041864 -209.644128 182.179625 -418.263313 -816.894333 -861.440492 222.607247 214.078590 -152.876240 -38.496713 -283.215067 -252.896474 -174.642492 -14.797402 -384.793818 -429.269660 66.293511 201.258068 -383.960655 -1200.200488 -979.895145 24.861185 193.288503 323.446245 -142.603564 -596.904604 316.797148 326.327682 274.943648 -458.997939 -353.836214 -233.011013 -241.133539 1004.841433 -47.525471 -100.670598 796.387063 -405.534080 -74.370323 -1019.227504 876.358614 -99.121199 -106.646342 -369.705104 -384.513797 411.929564 -437.107409 -152.736111 651.499725 716.691272 -338.886029 949.648315 181.495715 467.369794 -273.306903 82.086198 -569.627044 -183.455325 -242.081431 -308.281150 861.116639 -128.644104 729.662731 847.681048 -45.739871 -24.061352 862.754868 200.801588 681.950833 -554.541959 -411.708383 595.267687 -278.112689 13.900928 -167.540463 395.324754 -290.670369 472.833697 -282.629313 -522.268385 -316.152497 -24.649610 82.798911 58.517981 -323.599974 -320.036087 152.038991 682.449235 403.008184 -18.068058 362.742414 -467.283261 293.752005 538.992269
138.845290 -553.886605 -281.677373 205.704216 6.946414 625.449171 -360.762476 306.754492 161.496181 65.021545 -712.416302 764.528383 618.083959 -614.463027 203.045421 162.261177 185.123728 488.685759 -238.240275 738.861137 -347.676715 -36.856149 -131.246449 162.874172 401.050952 -1036.690841 -584.877213 -305.739829 577.174324 211.927677 482.037823 -0.305903 391.098703 -570.610052 -633.536007 -716.980991 -824.221634 -327.408754 -1406.705757 958.030100 312.612053 -403.297314 -678.142698 -338.485854 12.243293 862.894422 -621.182708 -186.856650 -104.842161 -791.324763 -166.979559 -66.846767 -9.798527 485.766142 -358.904180 1682.875222 -698.023235 -364.034074 165.461766 135.204861 -499.015599 -511.211947 -182.223234 498.430221 964.881384 -119.145549 115.245356 434.961524 -130.805758 177.905626 -29.174625 -268.953507 836.286556 72.336381 -171.717608 789.214970 -68.532867 690.145191 -242.845246 21.335809 -100.627216 -458.800284 -74.115434 535.283576 129.556146 -511.576384 -464.683154 -260.422737 -606.111962 622.378691 662.933474 771.215764 -40.847841 -1.384973 58.277814 69.553155 -492.361558 486.527350 324.858806 388.840673 147.387719 -1155.973209 681.923395 -6.815993 -99.811833 -126.801666 886.245750 140.502305 -338.286990 -748.158837 -75.428150 362.586503 -333.555842 -165.746754 -172.424967 -355.948483 -185.964872 621.269894 82.562849 -372.212242 -772.994026 -142.092692 70.250608 224.513180 -1775.662881 -114.755404 -45.239146 -318.293124 54.242642 -640.875400 -987.327533 666.217104 -131.116517 161.562826 816.224490 141.913598 310.892398 -108.747956 63.471814 -131.432584 -10.269440 134.952171 213.359319 -51.289984 -1262.001603 596.001869 -119.114633 207.129744 708.064924 -475.056517 462.240547 410.499964 -137.319645 -245.735981 -481.195625 111.143013 168.271801 464.713197 321.353448 219.546828 -171.886440 -135.745626 -235.281735 713.674823 -188.137362 678.841303 416.966439 139.812217 319.725964 -41.823034 -459.354109 191.359505 -277.642215 1100.209403 -62.989993 130.842822 100.699484 214.338212 -192.142725 239.001469 -259.581067 -382.339508 581.958123 1027.879610 263.625522 485.755992 281.415629 -807.161034 -322.936162 -191.650789 -24.110763 -450.374954 -369.090774 -17.267217 -108.239254 81.777316 145.007842 426.232615 -463.428335 731.401180
-670.328233 83.418371 690.035292 24.126418 447.928537 -14.280314 -64.676154 -755.461833 -596.167358 203.420291 -430.450121 450.333001 455.948224 -191.425541 600.617119 -491.335745 -174.134534 -173.832344 217.339545 861.245067 -428.649598 19.945910 -514.943536 988.585466 -542.504370 -303.294057 480.460061 71.099484 254.279771 -94.012982 98.143018 461.167482 -321.211838 -106.284533 69.934195 67.174646 -137.231651 -460.914199 627.171227 488.516950 141.544155 -486.729238 291.236154 -15.069356 2.391729 -974.900969 -956.907738 348.455175 -498.990998 3.806415 -98.953620 389.419845 371.100252 144.290971 -251.322971 -199.237863 -44.853417 908.147571 -113.385634 106.932262 162.311237 49.088553 210.877690 -446.292576 -457.842550 195.842156 -1230.819928 -17.182934 1.248701 483.385024 -17.038137 -81.968592 -35.931833 -563.363254 382.496350 203.600602 39.226002 483.265868 340.305041 -476.983302 148.379904 -282.490050 -932.534834 125.068446 -420.271273 257.169435 -634.140140 25.826958 -243.780465 -167.132086 -7.258109 -173.948930 -1028.599280 48.937110 -44.433675 593.971941 568.746741 -121.586952 -268.352071 -156.038195 131.038099 458.351744 551.759759 30.120141 -507.504046 -471.527396 -492.139692 195.292807 530.943790 163.746045 102.482072 20.908803 346.647856 -299.723389 1166.575763 259.507486 149.341573 17.655402 29.835751 -635.488959 -370.741675 -1605.106614 -383.404437 -396.469699 -275.376008 -776.310386 194.134888 -113.010278 48.907232 -530.382925 -233.905441 -382.799207 122.131238 163.509154 -114.911809 351.958800 661.036513 -577.865909 429.259073 -32.924872 78.894254 414.064757 -12.914513 95.624419 -488.983733 343.452560 -67.755088 790.729659 882.008977 -130.908096 -686.876314 144.405355 293.084972 -785.303768 361.938638 -119.167177 -44.750051 341.473161 160.532886 488.635640 -561.809355 -14.305397 -609.085959 -312.609216 499.592487 -652.401961 108.236332 327.301692 -950.806091 -209.437146 -243.267922 501.917331 -572.076099 591.890968 189.760107 288.410051 -614.874535 369.804066 -219.890634 153.421783 218.082594 -239.279130 190.020549 -16.737350 1088.283499 -34.902128 -511.482281 408.008874 72.890798 14.851823 -41.638023 -260.596474 -282.609610 -24.381042 1185.948270 378.216091 525.117047 -83.603824 242.733368 -310.920804
307.352667 173.098714 413.971214 965.570931 -310.853587 842.651588 -294.103762 515.691960 721.198934 -1.610705 -531.146528 676.369459 136.592845 -259.240847 -430.294534 -13.606637 1115.010778 638.463904 -1175.990289 335.058634 -312.958186 -332.237921 724.237891 -125.671396 -103.534342 -669.302836 818.638069 720.858522 63.493888 336.538267 101.157169 -232.932746 411.090892 -289.229093 -206.491513 -239.593556 -85.034128 882.245590 -394.091034 110.516624 -138.414448 -117.370129 -265.628353 129.820102 273.319137 -915.734791 477.913562 -416.781192 105.830719 -260.158097 -174.609630 -364.012803 220.247879 897.867893 918.993329 65.348467 -191.328915 -169.155069 -772.841342 -485.001590 -295.992428 649.379943 -148.499907 -459.492552 1026.956809 -256.891808 511.202101 427.892929 168.574018 -72.348746 364.598437 -893.051143 262.789235 -50.835034 51.588148 104.493343 81.712700 -63.954151 -291.576077 660.721918 206.910407 210.742694 -285.945379 -441.261080 -44.128917 -807.817324 -46.180861 5.625216 7.561204 926.252048 -430.123290 -177.579813 432.671625 -354.062161 -258.175156 410.191772 -650.414451 -627.577394 258.731766 -68.502651 474.811649 28.460064 801.294461 -336.432711 -18.725610 -125.083194 886.433204 -165.915036 -1123.317328 -365.507742 123.485048 -537.719530 -265.624858 412.533609 360.369326 -804.332058 -790.106193 -398.762156 766.502001 -533.272809 -694.410916 193.459947 400.708979 202.115828 536.977916 -157.941676 -263.454504 -295.655280 -691.295576 230.619693 10.403721 -555.311737 166.258890 1191.373019 -151.169458 197.468301 550.143948 -165.859087 -28.081038 389.890399 -473.817641 -295.579772 144.836786 530.425893 -783.214896 109.656522 1226.479986 -474.388885 47.186232 -133.903129 -35.892120 163.766839 -103.100277 544.174808 -180.060997 383.598987 -81.924470 -507.827705 247.619303 557.741543 -89.639952 67.196375 20.852742 709.764024 330.587997 241.049316 320.227808 1059.848119 126.277420 -609.799061 247.069791 457.899810 23.710071 718.712715 -253.471983 -78.587093 -155.957683 562.697917 120.572317 522.137720 -199.184368 -824.417799 87.464222 72.449156 -233.734880 -145.442261 500.153443 357.512824 -705.970729 -240.082428 -171.485116 -52.227233 0.749517 -39.998909 188.020442 -425.442585 1214.823957 699.319817 284.254314 -114.530562
-663.037168 -335.626870 329.624050 -218.420032 1140.670833 -462.680873 474.154445 -100.679809 26.682872 550.337206 -604.118682 40.410419 -242.734072 361.876801 28.524315 -5.469474 -35.799551 -283.833047 -379.464920 104.703054 99.203337 -579.003862 346.302400 -428.336847 699.495433 365.484115 -137.984083 732.312471 118.857516 -372.560994 20.126416 615.531009 416.732314 275.131636 705.032385 -14.253200 262.126514 117.858628 732.322147 305.989947 -324.623190 319.696984 537.802382 207.996060 -685.745560 160.939037 -611.349873 -231.178681 -93.840329 -188.099413 318.007065 56.023286 8.235173 350.884530 -80.175009 281.198370 317.745561 931.800119 411.673472 1039.286405 288.584386 -283.902570 -550.219870 876.011793 352.746172 735.473562 506.070270 146.993868 -57.920109 -485.598047 29.915668 168.654369 -614.813620 294.598968 -92.893525 409.336137 -419.747218 -465.371266 -1136.412804 660.692275 -16.430122 -383.779291 -172.568256 -153.199560 141.803999 -184.947256 183.666984 -610.491073 -515.086486 61.731506 -69.238580 -130.637216 125.759790 564.742299 -144.201473 108.579398 323.020775 -66.119690 634.507258 -210.777013 401.615959 1063.008028 -377.374433 169.190563 -530.120673 -303.865657 2.451785 -528.198191 658.068028 654.216017 160.412403 -267.966383 -15.520666 914.205864 -770.596672 -1101.673073 -215.375185 -414.924524 660.343983 276.209844 -179.234583 -206.575572 3.357076 519.076507 -112.755698 -96.494000 578.949334 327.502029 -335.755249 -474.278620 470.825728 -156.629410 256.505969 143.004996 -758.200198 -361.424237 -659.300976 659.313468 1232.660199 -491.312079 -233.097166 -492.304723 457.174928 -86.789038 530.732524 -430.482705 -288.173407 653.565405 256.426746 -180.569475 -779.053901 387.332120 93.158494 208.577029 -104.006522 235.829380 -422.037203 281.976543 353.016768 -427.495671 507.945367 702.762454 192.099640 186.011456 615.275473 -397.875903 579.519387 353.770759 632.441904 -376.150676 -1186.020702 457.699361 -1114.159022 -449.604994 -322.956798 -313.423794 -280.884917 984.741881 -357.066923 -20.023105 32.764159 -514.680127 -21.115255 807.780894 262.350486 -383.486484 510.591198 876.307175 -447.807243 3.981515 -788.833629 -5.708806 529.312071 -432.609916 -178.220844 495.878684 566.901543 -79.287527 -319.050023 -198.212433
47.318387 457.972682 -395.528424 -26.584384 235.353730 368.936886 116.734412 -153.624718 146.719559 458.692063 8.666981 -703.953955 23.698951 -449.400532 832.403811 57.057454 -20.188411 418.436202 75.726672 -695.711050 -499.974207 103.996844 -55.523543 -202.041814 162.163969 641.007368 673.866364 22.038472 -548.261573 -998.202876 -655.795418 -45.725259 -1599.406648 6.309029 -365.290343 -696.852843 -61.779901 -922.483789 161.665493 866.504946 -614.130741 -724.898642 -35.617395 -146.119646 1444.610343 89.898819 234.155434 1074.717469 -141.858075 361.249466 -306.996167 -37.859230 255.812639 680.983476 -213.057749 -24.933328 13.156795 224.530566 114.189020 387.301246 467.224605 -790.111716 -262.532381 -130.845156 558.447674 -195.303043 360.217517 597.796635 -333.287129 -711.786579 287.450457 -700.468215 -9.401589 584.372115 291.784643 -196.185012 187.474464 -518.110555 1308.499985 -212.534255 -379.448177 -196.954379 -282.078320 -352.364798 -400.515144 -951.176981 -169.000181 -135.473018 -354.164611 489.634145 133.319940 21.311453 -642.475553 110.762993 -641.517744 6.930650 322.065919 -90.240327 351.519622 227.761353 -48.573822 -360.729504 513.732992 -39.037984 964.203641 -666.797968 966.309141 -142.714153 -517.639870 459.354386 774.712272 328.114462 -908.440816 -25.797279 97.721636 191.030042 -150.431092 109.466610 -676.289803 487.453802 -490.012024 604.058314 210.210143 -185.608539 325.267182 184.467883 4.780365 271.551794 357.349184 561.851041 -20.755373 998.163500 -183.999003 981.668330 589.986503 -754.216331 -856.548834 132.805981 -76.308962 -225.576998 -192.837862 677.895557 -1411.107861 66.174535 196.949363 -543.489748 92.873802 111.254212 460.431148 2.195471 375.488858 -573.881339 -464.330816 104.982028 462.276136 603.269301 -761.475821 369.020336 -269.471161 -403.348195 929.559792 436.658598 -158.711594 345.247840 -523.165071 54.825978 692.949612 132.607960 -345.132816 -36.129073 406.049619 354.141601 500.865670 211.761016 -177.510680 -637.178216 625.228830 728.562023 237.673722 247.445851 -835.191054 -121.688649 -560.991762 -80.220457 -284.927887 24.005852 -84.404225 438.492351 176.697223 -493.812877 178.698069 -258.589606 -725.330677 482.768459 -64.539778 -261.506577 70.826436 289.068028 -81.117017 224.797776
660.698469 -49.319698 299.766028 -126.712695 157.258149 -584.805207 218.932747 0.466073 1077.415769 1017.868980 44.044975 -650.292683 159.321918 382.129740 634.582993 309.896639 372.253937 -301.601029 -29.724324 -670.454408 131.274628 -120.112479 567.006928 187.119676 449.924019 -158.917212 36.750128 -543.259807 -1071.685423 -533.435174 -501.694990 242.043499 -773.102331 -333.631798 238.766524 408.001765 -15.499677 -546.449073 -339.291678 -586.528971 -619.308762 112.623470 442.124187 695.850682 253.489446 532.093555 501.865545 -29.492227 -363.396183 654.514443 -538.302235 217.231007 -211.292586 470.730531 -263.414208 -143.075216 66.066514 -941.144060 -285.236520 493.612588 4.381301 26.256215 -62.461900 -105.068128 -806.468495 303.233030 523.843724 -642.562400 319.379569 5.483645 179.277084 248.093257 -638.460490 -24.782301 -709.575073 -0.835149 -371.847233 -40.715474 -326.934974 124.580890 -98.090116 976.249595 1357.771790 577.752385 -941.315934 54.736415 55.809773 -149.787322 -13.630524 -891.190435 594.516084 -383.769466 -328.211878 -443.035336 -830.868665 -517.153740 830.536518 -33.955946 624.021319 -115.486532 365.186670 -344.542788 747.290307 286.908986 -752.705848 -83.285899 706.158867 377.603199 -72.652552 606.695394 841.483350 870.104783 28.032309 -334.850188 -478.475658 794.417222 -91.335363 105.661888 -671.656166 451.988519 215.933997 389.378142 245.284942 619.077403 20.971845 89.731462 324.974203 661.997174 -258.209956 235.668073 21.032600 21.952615 932.291913 462.095931 29.882654 734.050426 75.228463 424.691229 -432.359503 -68.690106 -134.342690 442.145109 152.930491 417.068908 -42.153514 -487.881928 -541.522201 -375.338145 256.381214 -582.526697 -249.804474 459.772027 291.023730 74.934455 621.057634 -343.626057 -528.376138 -757.941106 -3.421756 -361.750123 489.781772 -650.707056 554.557465 -629.930259 -567.003306 211.399910 -248.148702 330.203077 614.088950 -421.340414 -1053.504787 -326.187843 699.536851 -420.402713 572.267138 -512.049394 10.214714 -1029.119635 -327.033830 -472.335233 133.868637 532.636090 104.017991 -197.495326 -238.803263 1194.243462 -74.061299 -327.307781 -182.736939 232.526918 -50.358962 -72.714691 -197.335927 519.939780 -117.370051 -878.007364 112.210897 -129.798670 -769.758969 -61.775938
174.855916 383.694704 753.480321 -598.826616 -615.883332 26.139218 627.558554 600.825135 917.260812 -704.601856 -835.265844 5.531400 -270.588741 282.906140 -860.777053 -355.847767 -356.737339 -364.723453 17.092423 -475.199071 1333.455707 385.907306 -199.692599 1237.524292 58.196632 -542.179291 678.290549 -46.291492 -379.010293 -468.718163 618.677043 129.140117 150.721764 -308.654383 736.771040 1024.748035 -1110.969242 -120.003444 37.277714 47.771783 95.421524 79.905675 126.056170 -295.352349 -402.361314 170.481835 -990.252236 -66.901519 -3.956899 610.359736 1102.266933 601.990468 -292.486815 -659.669387 779.990904 -118.350177 -400.803546 178.083478 380.261195 -5.031436 696.830085 41.095648 -246.927181 108.898359 489.413854 242.885759 -918.221304 -82.357193 53.858649 -417.952208 971.873655 -365.186631 319.835642 -405.044967 -364.129524 918.603807 -26.080140 692.183332 409.029665 410.545594 -771.031934 147.181834 -968.659743 215.577627 -152.935600 -236.929816 -593.693985 -349.166211 -748.673457 -196.451634 379.263701 281.971771 -190.622201 -418.616530 -627.323176 15.592142 -332.309045 -771.666513 -80.636490 585.608589 71.186777 291.749435 304.129490 217.292814 142.737896 390.920258 624.207760 577.246120 -775.276029 -535.570450 77.017342 -536.624322 -361.385673 115.424363 50.204228 -179.510640 -152.535263 829.985663 -396.070831 -1261.708778 -1065.822279 -957.717610 839.543671 389.005773 -40.250905 -211.612681 -227.371270 -586.468954 -339.973185 99.479568 -921.424695 -923.269653 336.084994 714.732149 453.775681 319.219864 -171.052929 -131.479329 38.000211 519.823882 172.598873 -251.218695 -414.801199 -509.259639 -850.661238 743.808190 416.600060 483.460360 608.431763 -263.188865 468.376940 90.500379 -202.523786 -543.397824 -154.263695 -99.927681 300.426031 -400.164983 -237.471231 -667.104539 224.461051 724.117031 -564.760429 504.636062 58.610564 154.660788 613.694170 963.159625 -799.287996 -162.041225 -661.368622 1.674737 445.090357 189.135216 380.812533 488.406185 -335.199712 -480.280714 -190.062628 -740.805150 -246.453917 -1436.212561 -299.470610 -520.603943 -116.727241 -100.501430 97.665174 -1011.354126 -521.492949 -1151.760596 57.411087 -739.849381 562.305004 514.276238 230.569079 -654.726584 325.948410 1178.890287 495.481177 -36.006547
256.823489 -133.297583 355.383944 567.977713 -376.274316 326.479563 439.186648 418.560133 -821.786185 -246.004468 -276.634572 162.221874 574.105287 -13.207898 49.587012 228.340701 -118.889850 -234.197684 606.223114 370.803418 483.779242 -404.441213 -198.447391 -665.146526 -230.440477 -432.347746 -132.667817 341.512435 -297.256927 15.626485 -122.450356 -113.365582 126.271155 -56.927975 307.561909 -216.169321 -253.229233 -176.376369 248.163269 474.441397 516.454488 -232.409085 -489.667295 488.469133 -131.592041 -509.639099 323.919972 -540.486378 857.998525 293.749377 -697.463422 -146.050884 393.789785 -1170.705896 88.066880 -280.742278 -0.339291 61.185617 -989.570992 -939.242702 -109.698511 997.224594 -422.940422 -1276.824877 -690.323430 -400.402953 399.838667 193.827000 488.103215 -163.517577 -595.086276 143.763938 -143.073250 -224.899909 -295.520859 337.967023 -20.860779 -93.102668 261.387899 445.054376 266.449310 164.938917 364.744854 -87.695958 976.655013 -8.324252 168.249479 116.625556 -264.543037 537.925975 424.672325 -376.610385 -434.334312 -113.227686 -142.098843 1034.830419 -511.929815 497.226087 840.716048 484.098200 -337.455304 -44.845469 -660.788265 -427.988690 770.918999 -265.649789 163.340031 66.268383 -356.394120 -41.557264 350.104097 40.666032 366.128418 349.429771 -259.549631 -220.019971 -512.198829 -1043.805944 639.229966 -179.575589 -277.765057 657.393179 211.508516 -556.347444 -46.451777 5.183530 113.399701 -601.074146 203.540524 68.441774 631.994372 572.435067 -527.593974 -286.050511 -123.891405 -617.444656 31.500506 -110.172406 65.864749 467.037352 513.704019 -733.947760 309.982219 695.686039 -601.417472 21.581805 436.966817 129.827861 292.695755 480.996847 415.036994 716.453440 295.650716 182.127849 -163.578054 -594.328571 -561.211550 -255.682057 -26.055414 -475.303036 592.662085 199.363680 -40.442254 518.333659 298.184907 -198.823231 294.243905 194.618588 -337.055317 121.390157 184.975438 97.915709 332.054756 -120.409636 145.493117 -286.451591 58.879923 -441.936998 -223.128535 -332.492825 -185.855134 -284.643431 476.490703 -205.416913 261.677789 -730.730618 -19.514737 -172.956268 -100.708671 604.278856 1075.275814 417.442878 -232.091854 578.053552 -279.475757 -350.400687 179.861305 -604.861804 185.852353 31.282170
-174.854351 55.261070 4.194035 343.896391 -151.604579 1.386869 -305.548309 2.152230 -113.171132 -77.762062 -455.574831 -148.453761 623.362872 -200.450337 -445.475027 343.190564 135.309343 -194.350706 55.637072 -16.299742 -472.438946 852.526481 -435.830348 510.742581 -12.291656 -282.098114 -1315.296833 713.929590 -147.069555 599.246019 683.542067 30.357227 220.868771 540.384405 -365.745480 -743.509534 375.276549 -205.736684 173.741750 635.132551 -591.465872 9.892680 -808.803324 -34.058825 -479.740329 -208.234789 506.684700 227.783096 535.106792 731.854458 -686.563030 6.235910 1070.088419 -206.612236 536.541949 -143.545199 65.274521 -176.762447 1142.142100 -354.986723 -242.585302 146.886809 255.011788 339.676301 -434.276915 258.282393 465.034668 -304.754105 222.686404 -517.425402 405.039743 332.198235 512.098807 -23.135121 434.949070 -945.518268 423.562277 238.231470 -479.184698 257.744821 -98.140529 454.814306 439.442578 -167.982656 27.814969 -139.862300 1320.369588 739.540533 898.957081 771.444841 66.386945 -262.288334 597.929705 416.392795 23.646664 -428.833827 -841.629609 188.975390 96.831015 261.863148 996.480641 -152.745927 -956.382659 -134.047056 -17.366810 -120.220022 -36.654602 -197.339476 74.469482 -72.268808 560.623457 714.474384 624.670676 8.237001 -159.321387 -1042.234686 249.826605 -708.403126 -209.982578 333.731811 351.871919 550.075771 208.743709 -242.403907 429.288620 219.156352 340.786778 608.682656 -509.506931 852.137515 865.301041 -563.257924 122.424538 -135.801129 859.429181 -510.018591 -320.318381 -576.352503 -114.940153 -206.810450 -754.198386 297.073007 238.315413 -316.963875 -626.390969 -344.488844 -908.273288 -809.956082 1123.729268 271.761527 293.460736 382.234765 262.979861 374.874456 -661.153317 -22.204054 -494.156440 536.417784 324.573599 139.275236 -26.090028 11.643801 472.794965 1122.973613 225.986086 -698.341945 -630.331973 -24.259415 55.942289 -739.095741 509.302875 280.177468 -105.538125 -554.440593 -554.715479 246.389778 464.862856 1232.481476 -171.282345 416.438263 491.773793 -942.283990 274.661896 -276.642764 -641.472992 368.339663 -167.822778 82.607246 182.287508 351.957771 -193.877509 143.630174 -896.126449 -239.205570 -314.817270 57.615052 557.171725 -492.685994 -21.915557 -579.661189
540.010947 1100.634953 -267.679348 29.125598 482.584780 -395.605789 -430.176548 474.434648 -87.471317 -416.055603 985.597517 1083.805336 237.128618 -99.761335 82.680560 212.149426 818.627795 -90.672051 -742.970112 826.165905 312.700623 -195.574792 547.532905 583.364144 -105.231809 -834.891144 49.826964 721.351004 172.266488 -89.500195 -465.922456 -469.331957 472.439662 258.035826 362.250310 -881.269928 -48.906494 1055.200021 -32.054693 -146.168229 697.114186 525.251673 117.251423 -294.263684 -188.083042 -237.554738 120.266014 -41.086665 528.799158 -1119.749361 -411.860649 -306.117015 58.318778 -488.297291 -172.038777 322.668472 50.524530 -775.003762 245.992480 378.039305 64.236504 762.129343 16.810907 -33.524379 180.284019 -101.256069 72.262117 -163.973501 -143.806821 376.716113 -246.028566 127.088620 389.896364 266.075692 398.385842 528.930103 162.978208 -138.028195 -327.326650 141.055989 -128.232792 -778.734270 316.561767 -14.741744 -472.441785 -881.455521 -9.670240 618.744068 -39.625815 -151.999565 -221.358508 -450.455087 503.170951 -867.788716 1191.296955 80.261687 -92.246193 -54.191375 -177.978340 -376.250791 -308.083457 639.484891 520.574311 761.094363 -81.421388 157.236785 339.415283 -72.844986 296.366115 -850.317057 180.060888 546.128960 -233.577979 -368.424302 253.254916 181.894010 -560.444138 -579.576000 -80.009246 179.631428 -38.539135 518.217676 -391.359679 -648.633230 -613.751003 -201.605751 116.117310 155.167628 490.384651 260.689297 310.634877 -788.439860 529.223340 -454.089105 -103.181356 -254.222306 -95.291252 84.382416 187.292394 444.975738 -83.175142 -55.203390 452.566143 -475.521373 40.658808 -57.365672 370.075459 -925.965998 -322.240917 -325.179150 -424.512682 -139.210502 -587.638016 276.438335 -22.279479 -393.518107 90.793155 -16.597140 46.501597 182.791007 273.003026 -1259.847824 205.794040 -193.521501 -9.197118 -261.886360 -367.140761 201.638086 -249.939026 -885.550181 -82.786627 -122.497370 -497.786257 -263.368541 -568.036090 -225.622163 302.319471 223.370020 363.072484 540.024164 104.329163 226.224184 233.682624 75.483784 262.289308 -103.060077 -735.591357 -582.620008 171.389521 224.042988 -6.615841 -259.242284 -348.944243 -483.399780 339.912880 76.779841 -498.799131 -352.681675 -7.029914 263.885308
-223.688627 -552.095222 373.280751 -155.225573 -179.800322 337.759866 -125.015643 -212.783239 41.794554 31.075158 -923.422822 713.436928 21.834189 -312.215244 -379.153245 225.305676 -257.212228 17.158574 -235.893014 -9.160094 -185.512269 461.958003 -127.141568 154.424894 -210.330125 30.377824 -19.807331 -236.344404 -190.269459 316.806508 -378.345561 111.024374 120.760020 -439.482958 -555.679011 -19.489996 -251.805870 114.197021 99.965447 176.939359 -502.697755 -507.352367 -242.774328 56.120956 71.167414 -121.916978 -27.240631 605.995854 -528.557819 587.029067 249.825277 118.683656 316.718658 -604.058979 -403.036516 -420.470607 -355.648224 399.936776 182.317220 -261.570831 -773.390591 -93.794630 -311.170906 -654.838889 19.704416 72.112487 335.833572 11.456294 773.312292 479.129031 -55.347497 -250.342091 332.496658 -574.321727 -397.927561 288.541734 290.471347 498.834349 -202.737253 -732.139495 252.243620 -78.254096 -679.875184 150.771057 565.014029 152.902631 606.293936 -271.992199 -793.199476 -367.365714 888.797085 386.128829 -89.006587 251.962528 -1171.882152 248.975066 844.182348 30.207303 -1036.667422 -388.825469 390.273260 -154.164860 646.038637 690.521375 86.809757 1006.706149 1044.865123 -523.658971 -1112.064551 255.146458 96.331416 -738.080066 -219.935432 -80.510510 -439.710467 -490.757126 462.106128 175.284863 87.419662 -810.520256 -189.951123 54.666764 274.993470 45.026626 384.696231 119.550217 990.508247 -48.143013 36.132575 627.554649 -491.672283 -714.353220 177.768205 165.460271 455.780638 1.161522 883.213933 -587.755704 -103.659106 -18.596818 -799.096506 262.786118 -274.803725 610.577193 -432.940802 770.375954 89.635444 213.956687 883.669467 255.738051 544.847056 -55.189530 -338.583372 307.467939 -665.756661 -444.440697 66.791987 290.152630 -563.351070 -125.839644 -341.915565 496.451364 -710.339370 -321.845168 53.430900 209.487117 492.427945 -166.686267 -75.291784 -3.655012 -402.498517 257.686709 -516.541049 296.780838 286.936593 419.275621 222.551696 -233.479671 -330.560247 -793.883985 -209.242737 -91.706898 -869.849694 -19.897541 379.350970 -419.284903 -36.082704 222.094748 -99.618467 570.099942 -368.287788 171.920022 67.174101 481.234272 -262.304025 -929.419349 624.029898 -144.790383 -79.739472 85.273892
-655.480594 874.756473 199.367780 -369.131444 26.227110 -92.097046 -681.682286 -415.117538 -287.146590 45.672556 -98.338015 204.581396 167.362110 689.853175 -30.164689 -171.689065 -297.457913 69.745846 -328.087694 5.467125 -240.498661 -151.343417 599.233848 -762.818253 -206.041136 -351.225484 210.858836 -413.863514 43.103541 -536.995883 659.825031 -237.211483 -754.399555 -1367.208511 327.770798 322.994184 222.543992 0.863697 -113.419931 258.666210 143.168907 196.964871 -175.612565 453.333478 -673.455989 -256.292422 38.517671 289.216561 51.457245 412.638829 71.745938 -395.161834 311.346378 444.108518 -948.186269 31.433362 724.344149 307.056517 -245.380537 232.089032 27.388521 100.388861 -24.281009 288.408387 131.366005 -987.029114 685.500835 -431.688339 -14.681215 333.838262 -591.017680 -793.781167 -791.050318 -30.645373 495.590401 -265.997396 285.855985 -47.958893 424.592562 -416.127723 -1014.761386 -481.096721 -549.518983 1041.032698 5.432416 -453.455218 479.270645 -455.641403 107.564202 -930.112732 -301.522543 65.123983 551.193891 746.992585 -224.895407 -441.013342 666.742828 -449.051005 -726.705332 423.962345 -624.183982 -59.000070 -198.699982 655.513364 -52.539077 239.920908 554.434869 -484.465144 11.620023 490.167299 -387.170816 65.429774 -361.184501 206.082526 10.535376 -245.033484 -700.560341 482.125144 -21.627934 -74.358289 232.121426 -622.647011 820.049469 0.353333 12.045954 -360.520889 -423.464223 -194.884807 846.554170 -1094.641852 778.575064 517.272887 459.287711 -170.440935 -631.451377 -428.835409 243.265150 63.253484 -43.198069 -494.990586 -489.831542 -562.333527 851.162018 549.589394 123.807217 -254.680790 -725.769458 13.568122 -529.868131 435.020732 -438.055084 -721.349260 44.762857 -183.964821 703.631959 476.141939 -668.534529 874.273236 313.113994 -167.634145 717.092292 116.848602 214.492666 -682.825061 781.832330 257.588263 38.656544 297.298849 1227.970966 -114.706348 31.909659 -501.203576 -29.368033 -444.359144 776.512099 21.051596 229.391666 -321.888181 681.078054 202.839027 170.144784 49.294562 -239.192226 503.317425 93.909721 174.861884 324.758683 -843.315133 348.998686 -782.510948 744.083577 639.524508 -35.732319 -543.480120 -333.008453 688.497401 -391.891044 702.155112 91.490949 -738.380553
96.219072 301.661532 -620.755705 -514.415842 1218.483153 204.647759 -705.258240 -192.962505 310.937143 -431.949508 -606.502971 2.056248 -861.162452 179.894183 28.848452 134.452171 294.588465 -309.673966 -1136.325763 626.714511 -111.116820 -4.890640 -554.917312 141.351817 -168.690091 272.916020 -93.055926 -141.904461 -69.470500 772.669646 187.653365 94.024478 -83.269498 99.369770 -571.813711 -488.576666 -526.748951 8.763094 -454.176679 301.945180 7.110205 67.910840 28.240964 -858.722661 -233.051333 -15.885193 -264.157174 -725.284443 -795.601519 -424.762465 348.021009 -836.453268 544.448404 -185.298643 180.216924 -831.216052 724.086804 321.428217 200.487805 383.016876 -898.175235 -24.106633 236.824101 1332.414976 -664.982143 -253.270368 -191.871271 150.179358 -153.415478 235.428900 1121.988235 209.468459 11.601362 -189.934169 -296.757254 433.001573 -233.452758 215.272780 -302.859047 4.374610 43.347706 -76.962745 -129.265034 -121.454291 556.744912 -514.866862 -878.091634 -539.106025 -281.420742 6.416323 -776.049292 -104.911290 624.198845 -368.196403 406.604556 -47.065728 -720.348692 680.267694 509.138449 -320.407380 719.361683 -359.160378 128.647561 546.497284 753.339092 843.940247 130.864868 -749.032399 -887.330311 -3.633584 -153.943812 364.733169 332.412950 -215.179252 -1208.092742 -70.596411 -335.055601 -955.495233 -161.896700 -292.515538 106.659582 1338.826697 -348.583891 -9.372182 -143.092218 -314.642923 434.781056 -337.682893 49.688898 950.607385 -747.292748 -77.298623 -27.939674 442.041697 357.265051 -861.108707 -1057.198220 392.647262 549.746577 389.810605 -120.239532 352.895139 118.207378 501.985065 117.519862 -254.938354 480.636865 436.282106 462.546908 -149.114931 318.461373 -20.314527 -1100.668140 488.823983 195.695811 -690.547779 -307.646884 516.838787 618.923441 57.032720 -325.682155 -427.793990 -283.829157 -382.791135 -495.673705 -293.684915 157.120926 -368.472379 -276.640026 -23.785097 -463.835189 257.443134 607.893294 -434.238176 -497.334995 -914.373322 126.338758 292.023735 412.936632 211.038427 -30.599907 -84.404555 12.558632 84.704069 225.370370 220.888726 -422.700143 14.388753 -419.421189 899.481446 -87.329711 -553.518084 -998.715481 759.377178 -408.051489 -760.488985 -17.765281 -69.892400 253.757806 767.890364
803.049607 -282.584401 948.833177 811.549770 -684.114582 299.432681 381.999047 170.729006 121.631829 244.238486 -52.529308 -528.626743 810.899624 -32.220520 729.315927 -181.287136 123.310800 -164.345922 134.172720 -512.315222 -492.825912 -84.450889 -595.796768 2.195020 89.682975 188.104814 -296.544852 181.655323 57.880754 454.093152 -57.543301 -811.797891 -593.445655 -644.642621 552.247702 -340.468729 -64.263243 465.300208 305.659274 494.038245 435.591652 645.215621 -121.821823 -671.557847 -69.190355 -509.630581 -1086.410052 -1132.641502 791.735260 -326.039495 -411.155628 718.527832 -13.023228 -186.263763 421.953655 477.711424 -452.041959 -43.936436 633.190592 152.991699 2.509348 694.546214 -1203.668834 449.346155 93.412227 198.806506 -300.383206 401.057138 236.216651 -901.331006 -615.969246 347.851816 600.916867 173.985795 212.605852 -242.268989 -48.921927 214.994347 -186.814393 218.980489 -355.488644 -412.237825 -221.303321 -502.880158 153.521560 -214.244159 693.630887 736.779902 -340.149703 123.360697 1139.565095 -11.021019 -79.959181 -366.276940 -401.206785 -82.873298 -600.703107 259.440985 68.210163 56.732823 -189.134056 210.040650 375.010768 221.633688 354.603898 -562.489127 157.851716 -309.220840 342.251715 220.258597 -898.839873 -78.538854 -122.025228 -272.052677 -402.468321 -287.494923 546.163933 538.604452 -112.053698 773.843952 -170.253441 633.466140 484.258879 -217.438439 -499.936798 915.028499 283.445771 95.992137 186.867978 448.929765 1109.360444 54.673484 -78.267313 92.107218 547.968613 215.055793 -87.501170 942.656863 204.094485 -92.140680 707.250066 -901.600226 213.857763 181.253946 459.043444 269.460236 623.304862 -189.280652 403.333046 807.286227 353.255680 -5.040931 -563.183096 129.126126 -476.423991 -596.153708 -61.129435 587.575107 -369.523344 -634.087847 185.859555 687.540109 387.223509 392.871705 605.774958 785.775446 -510.168166 583.370103 -372.859241 -810.794045 -437.978959 -8.980903 561.074407 -665.860261 -723.721737 -644.354880 -255.647673 -137.161606 485.338700 -569.657686 281.041603 726.209481 -335.047314 950.233927 -228.773810 180.018079 47.805230 410.407740 429.732558 -244.920742 -369.694928 -169.918896 88.765793 7.664574 142.153259 -168.364968 -802.054273 646.109972 -320.989344 160.984224
-63.151442 -280.266153 21.094814 13.679984 -201.362766 191.243370 321.869006 -28.448595 -129.907560 -53.925025 -91.240109 -112.731500 -55.031162 197.396164 -103.508978 -1125.466688 -245.385938 145.242597 395.760148 158.532640 1048.714157 -286.999162 115.311755 141.742966 339.420082 -449.732966 -39.195362 -520.854260 71.192854 -1246.260853 259.044233 -950.958126 5.151593 73.634230 -351.039809 -709.461023 -302.910663 734.751699 576.141735 443.831362 -46.554292 248.958660 -753.956270 -202.926455 2.756485 -12.353783 86.657990 -443.094273 242.687034 773.723805 314.768463 -101.338595 444.465973 -644.069854 -128.657772 -714.224530 726.629564 -195.123507 715.541325 14.810453 -613.530459 595.437304 153.794623 62.955010 -663.090791 -299.943063 -479.701984 -27.842764 358.574243 -124.287408 181.722580 463.908774 37.300310 628.083759 -230.377257 115.828683 941.040726 -558.154885 105.571265 -488.376053 456.655621 205.121912 -36.398860 -569.071292 494.330843 480.757309 200.641604 88.240706 166.303259 -437.334883 354.265206 -47.945011 141.254837 115.620798 164.284686 -322.434817 -305.297476 504.323483 7.313866 46.296887 88.143245 -272.476809 -71.456250 402.849290 167.452292 -11.174261 515.246953 330.649889 -465.370808 148.970823 367.425452 -748.852645 72.571089 376.885427 225.052145 -362.851187 62.594290 -530.004977 -289.068030 160.670478 14.813618 -597.452047 72.783150 -476.398374 595.020870 425.745656 959.762825 719.187779 -583.547567 -171.477827 659.871477 235.997371 471.899571 -617.405734 104.701095 -446.725445 -870.935647 112.040858 501.967408 523.839251 -326.600684 697.299991 -477.774452 387.996662 626.507793 -103.910719 4.044665 377.756816 -12.763761 -206.922291 375.306097 -204.718323 193.168540 598.408490 29.100018 -844.051630 -307.035047 306.657337 208.042692 -846.536234 320.915445 226.028998 -842.559406 386.732631 435.841971 -46.468797 -360.362341 -834.286182 346.821393 350.924571 683.196590 -564.855545 481.166148 503.646008 119.060268 -156.862565 -439.253951 -171.811405 -20.534186 -431.123851 262.956635 -1081.209651 105.267674 -278.498983 73.375189 -388.234177 -747.704337 94.576008 235.833172 1564.253388 -65.429674 374.615045 295.071168 -42.686916 76.596881 276.729890 -232.269463 275.102193 -764.263704 -637.771976
-110.677396 -158.142769 -674.102332 768.706593 420.511721 497.367596 198.576126 -736.500467 -376.243789 1079.281643 103.608878 478.912973 82.349947 653.687758 -403.205664 370.695327 88.053687 -495.326194 235.215041 291.782644 78.354604 146.362979 -544.781369 303.294524 251.435366 352.480899 -699.055064 47.707552 -12.049163 -292.080811 -196.584988 554.764071 255.019462 5.908187 -325.516650 -576.330066 326.032542 -240.114119 52.261113 682.767441 -182.513423 -286.937547 172.529007 441.657770 -91.169778 -1093.047973 -453.300005 710.183276 -307.234952 2.051573 216.631225 116.303241 -227.582442 686.398650 402.218820 -700.182529 -491.065954 19.571847 -68.267067 71.383001 -154.642317 -1588.009416 142.925674 1137.669657 54.073952 236.135223 208.679235 252.386652 713.049883 78.328917 -208.159299 554.093488 -953.462493 840.880830 451.745796 -994.051645 203.683004 405.402348 -81.042334 399.647231 -797.540139 140.225790 -99.335788 -145.278578 -366.096852 -166.385605 107.968628 -850.910536 231.312128 465.217466 903.132396 -291.189449 -22.578388 684.391608 -165.637285 -486.878224 21.440333 -691.309612 -397.914039 -151.803804 615.664364 652.152971 441.225982 290.447578 -43.522361 -360.655341 173.235190 -647.445026 -372.048343 -142.657039 585.437070 -447.879488 -305.528094 -97.883887 -86.474045 -79.893621 -514.268713 -503.314060 -521.543014 112.662175 886.002376 -185.686437 503.106372 358.313202 68.741371 512.560897 762.040023 147.955561 -571.647441 -158.739177 -372.950036 731.403503 -1149.676794 -439.246810 806.393025 64.708175 388.312491 -50.853189 -819.066013 -633.539526 456.574961 475.411958 437.184486 246.099598 -660.275358 838.447390 346.787710 -79.370680 496.209864 -501.310459 47.474764 -454.925663 25.230583 116.096748 -166.566548 -78.972736 177.546539 532.634575 -100.856755 -1030.704683 -103.726848 527.316919 195.438191 -196.334418 603.812828 -278.514451 -215.980581 422.300322 -100.243107 409.277177 -215.703155 42.588642 -46.152090 -550.211731 232.140853 -868.115087 581.409499 387.272442 90.069844 -426.416158 -1055.007355 -195.554923 -226.813284 126.364130 -219.883008 -919.387553 -78.608347 923.028047 328.714626 178.641112 -431.985716 -389.424484 -12.861494 -193.570121 -435.874206 578.436098 174.979733 -548.303509 -372.271583 -279.592439
-99.980486 -712.227971 -175.117461 -23.841062 600.547042 -55.730217 750.978143 -22.790644 -62.095752 314.004594 -422.010048 238.741381 -582.578167 933.702897 -265.776726 -81.870389 544.113153 638.809001 -291.818320 650.511025 211.797004 -732.469964 -277.683736 -224.889338 147.233475 372.556409 288.355978 197.275082 -204.047225 456.835257 -253.247506 142.027576 127.958348 -615.315252 -6.172591 -100.062958 -862.458836 -388.326733 -19.637665 -179.348700 -63.308100 -601.255162 577.879633 -803.952720 -620.766263 1187.687321 -322.276139 601.062719 647.365210 271.237341 -198.448090 -368.011280 148.497659 -257.602070 245.044859 -637.572511 -365.921682 36.236375 -267.440791 -336.540247 -78.410316 679.807144 106.419321 -67.569513 -110.422267 -1083.449014 31.346383 328.358992 -628.333736 145.619252 742.593280 -120.780270 310.225419 696.748662 6.857409 223.202725 -666.461462 830.668453 372.910581 341.084241 -4.714164 -161.840405 12.026692 -161.366544 600.321291 203.874193 492.745021 554.217651 -638.455914 -629.843115 -459.635845 389.136724 84.154375 453.792475 760.977448 -502.398757 340.446631 -151.537194 721.389397 -374.222916 568.824467 369.026477 256.211052 -48.891632 -53.463213 -275.401214 -19.814418 273.274147 -1068.575116 -483.237778 387.432528 836.437251 -742.883103 -240.151682 320.661381 401.096397 -345.009525 -1283.405050 -245.620619 414.483817 155.951553 -146.520545 178.205386 -404.910160 -568.597042 -44.814601 -97.010411 7.518265 -1055.253465 -222.322701 -366.574508 79.452811 79.026004 462.122939 -423.110475 10.856164 108.527141 204.779389 -793.153440 -336.243363 -361.841819 350.093251 -134.964325 1.529755 669.483526 -7.590393 -104.594901 -433.380417 -414.246553 -924.461190 115.450523 -1020.495461 1083.554264 308.930427 385.858414 705.407279 245.052569 728.242829 96.836805 -629.678672 -74.276497 -421.484460 -229.799144 -430.808898 -132.553627 374.198395 -161.553434 -89.070792 104.654168 724.624301 -278.541517 -552.838819 -43.809175 413.201621 234.733153 -650.943427 -504.673523 71.029479 282.094137 -514.366922 -14.022421 -80.629535 533.514270 463.868095 593.745152 -554.041752 -322.658491 -1096.026502 -83.984025 -122.974740 -863.770784 -31.038080 -655.542960 716.562638 -1303.296725 102.497558 292.792545 694.876711 746.988584 182.347329
11.066745 82.427062 -7.739567 -522.065145 -460.361363 -568.114138 735.333054 -913.807981 327.628922 -519.872335 96.711964 -2.045973 204.440712 -506.186786 -1287.958408 -493.137993 915.650975 506.419219 -77.578109 -51.556706 59.564541 501.594155 315.445623 897.092178 90.357529 89.100738 -557.770806 403.618141 -1480.525190 -447.035010 35.645806 54.334950 305.352797 490.295203 -253.036129 -1119.983056 1243.378040 -57.583117 -114.661890 215.229073 178.219361 17.887682 -25.998795 -960.270045 207.609145 -605.058078 44.883794 559.720775 -67.928695 -95.365760 -76.386521 253.396477 -642.831525 244.653750 172.277960 141.854550 63.650704 677.976097 -180.630820 -456.152246 -616.846156 526.717721 -72.222906 1054.250482 -98.548491 -298.309601 -643.692758 -118.987772 570.046265 768.589375 163.425168 152.403216 -177.260020 220.508510 74.278316 -379.827459 -556.503119 -167.219589 -6.371877 167.658643 1063.249921 711.112414 275.466095 -228.718114 439.000454 23.274235 185.721241 513.165399 1085.945951 -16.257527 -672.282706 -161.224481 50.086542 66.883772 325.528911 -1029.960171 68.274116 -785.644843 -0.741523 -312.579989 -173.692671 -16.100382 650.415033 -635.654111 -179.350533 81.352727 -200.505550 584.056146 -152.706097 -582.362870 -76.166150 355.948091 -459.905920 -370.408694 57.658610 -658.988892 -335.927569 -717.081339 76.879634 -380.293728 93.949919 -36.305431 444.111152 -67.049677 602.354122 64.112805 87.886690 71.868096 -14.017576 204.721683 345.319678 -706.117682 -127.001725 561.969800 186.208398 173.835794 564.120209 -606.838367 -114.470083 -79.688419 -977.222195 90.861133 -395.060435 -54.604160 271.628480 -138.851542 123.855340 74.395336 -511.643832 -2.889035 -96.982165 -502.765085 -785.025472 331.648486 341.385271 42.341112 777.992649 783.100095 -473.356517 -139.192339 148.829380 45.273739 101.788080 409.104425 774.331137 -25.557513 -880.811802 489.747634 -501.514931 -256.706020 886.465306 -614.610104 -244.633150 36.269662 -89.433159 -546.650555 -682.397306 264.843492 909.434573 12.731805 236.941258 367.713618 -200.487775 178.027061 -221.444737 -420.475113 293.723875 50.104103 -525.689521 -376.548879 -244.059636 -1043.497968 292.596964 385.089711 883.860155 -648.251063 -129.542652 -122.908886 -438.458209 -523.606152
196.340040 -454.311339 533.441671 170.762229 309.661881 397.343819 897.745650 143.228788 128.191100 -209.877731 138.283967 372.714678 567.125675 -325.682445 -706.279321 -6.106608 -361.764144 -373.503337 320.611046 422.207025 -255.251496 -437.864641 -205.825368 915.328238 989.545084 -500.753971 -533.253595 -523.935460 489.358757 120.951216 385.339387 395.085640 -351.080082 -160.354366 223.134635 91.740548 -416.016484 406.368833 -153.095006 664.657820 400.312055 -302.649201 186.662495 -196.799693 195.832085 43.970105 57.104917 -140.562530 -59.263532 167.975837 -377.875288 -720.010376 -65.285032 -297.359586 -666.841722 880.290613 -507.032368 -444.927236 733.207097 370.803575 -848.116214 -192.907408 -392.258077 519.256472 949.582659 127.622131 -1497.891481 531.033118 259.568333 534.067218 -477.376991 -29.973044 -23.964613 408.023991 211.032944 -135.345186 162.087413 898.895844 96.536440 -365.173665 591.337439 -318.366725 -357.367198 506.092271 83.938369 759.827181 595.396497 -809.833786 577.883265 -159.208272 125.815384 194.810776 -172.100315 82.405861 -356.603084 87.276932 -812.429226 262.020502 -189.771037 524.813969 9.860449 37.062074 368.697706 42.476423 138.874695 -101.312894 537.094827 -476.587254 237.176687 -42.757992 -401.045267 -506.924383 -118.462879 -671.460849 915.646246 418.949106 244.750897 409.711754 108.744838 -368.711521 -313.078543 -461.989646 -299.908536 426.560691 -157.247748 359.917529 564.988169 -147.300050 -176.260818 -122.474861 -47.750706 -173.362774 21.203031 -597.199891 665.697368 509.281609 338.819566 -290.858332 30.905484 178.737616 368.641334 -67.462219 -54.914537 -700.693770 -436.491033 -213.228062 -980.773371 521.412736 -150.291901 -410.009552 409.104270 143.259412 -696.864051 -63.713678 332.653664 -783.642705 -324.204611 369.792668 -1017.259808 -128.297496 -260.373648 490.959485 -387.144446 603.699746 94.358323 758.877608 -472.336010 539.679340 505.637897 50.151892 322.891920 589.419692 -556.323101 501.399284 -254.090559 37.348902 -185.567735 888.946218 234.414576 -132.923616 531.186068 -326.229582 -1005.288460 31.047710 63.475751 94.735473 -136.882122 -214.797137 605.439692 -579.300266 -59.029219 -267.496886 -179.261076 -332.214904 441.008104 28.513141 -564.043471 -620.734179 -524.998515 -335.811414
-253.021829 57.753937 -36.177910 169.413568 335.893337 -550.123672 135.338822 -790.802949 -875.235426 -322.135366 -247.809183 338.524552 213.466578 461.043388 470.650211 235.724585 110.511968 -857.596800 157.203095 -509.626656 811.113189 -198.579538 -567.504146 -153.647150 89.720143 -46.889943 558.123793 638.353435 139.831703 -140.884062 398.868552 -190.854693 1011.994071 51.810806 734.084736 155.618148 393.092295 134.190874 923.856233 -354.998204 -328.213940 -24.807424 -216.592543 582.402054 876.942797 -785.060447 14.360703 488.218476 258.441244 -698.602176 -175.516301 224.942113 -206.375219 94.420419 -489.755277 -521.693285 -11.807501 194.569063 426.085451 997.462430 -418.337550 -354.922924 -1232.481484 598.552109 73.889205 184.401003 120.048137 405.425789 404.383150 -1286.191004 -133.666974 -85.598196 -288.748467 -783.500485 -12.457444 -600.115181 147.079052 334.499396 -593.649684 698.146841 509.712494 380.116367 68.401031 -415.259065 398.460849 256.541672 611.537064 464.121430 -663.778998 580.996711 212.658587 655.558411 -366.027370 69.507592 888.847608 691.436713 612.533360 -186.459467 -271.481446 -347.675273 454.329469 373.811859 0.215914 -106.324355 341.529640 -143.699924 726.736862 -790.558625 84.882185 343.939641 24.166382 288.571355 -701.880632 -596.715529 -782.178982 -1322.853659 466.513438 -1042.312936 605.599762 398.996217 10.032919 -90.622157 -210.997059 567.109791 -214.264329 -978.269448 -104.864834 321.468153 113.423764 -420.784596 658.982958 1199.567897 -1256.322801 -212.870470 192.087501 -220.085086 51.487679 170.093974 -4.817955 364.262679 39.613837 -149.787007 -1096.843999 -346.642142 420.217931 498.414013 426.808074 151.286399 142.937478 -227.286674 -583.644518 -690.950963 -413.820419 -299.133414 766.646112 -165.268762 -114.522512 758.267718 395.724852 -163.095444 642.782942 140.591481 -384.630388 -421.332372 177.809352 379.835547 91.745759 -18.910169 -25.313862 -62.603134 -137.803486 -692.171138 -241.410076 -351.320982 -829.751493 -392.489373 -165.876619 -3.688972 281.132896 -378.906042 -120.464340 80.570187 -203.507793 195.863951 -457.926555 -696.262432 832.815748 1240.740358 152.632679 452.386860 581.500068 813.258910 659.577835 136.044909 -153.087869 -87.614770 -671.904272 297.672113 12.755913 14.373424
-417.051745 295.455387 991.083308 -596.095485 -264.719431 -157.152263 -618.173732 -496.610483 478.312307 815.900422 -1013.607086 -535.624693 -183.318407 -438.237297 -406.144827 -78.273764 489.695318 569.383025 -714.331216 225.817892 -1029.487928 -277.998256 1068.117154 -577.809401 -429.826948 395.409876 -748.721851 -369.415151 156.588279 330.557124 -313.024681 -417.530178 -1366.156387 -174.606176 328.856941 -683.008262 457.865717 -685.354709 -140.304242 -44.045660 -94.435467 -1092.868599 320.284760 -472.308998 272.925111 -527.583436 760.998083 242.395671 846.687266 58.418684 190.191465 451.186958 170.054030 883.809958 -8.378827 -393.624477 100.190485 -327.026889 -66.951186 -756.552878 698.658353 608.613892 -27.108971 -175.749781 -575.235003 384.854077 -274.055370 -550.983081 803.075946 -260.315431 -103.003800 -176.463896 -35.582176 352.153058 -189.461257 355.667240 -655.282730 -143.720478 147.949648 226.301736 248.424293 535.704656 -682.661519 615.554047 47.824844 -166.828421 -56.435249 1197.510608 388.455979 887.109883 -92.705718 424.221733 -267.104792 706.008933 -29.249607 42.475369 142.575943 -850.099604 90.273816 -29.110095 295.970910 -676.116736 1072.538296 -507.061749 709.464572 261.866847 -860.355672 414.424824 -369.587844 -168.769359 -315.527619 678.463617 -453.971861 -30.570477 -570.973985 193.689112 -149.784599 -460.978235 398.393054 812.941324 -639.779112 185.695120 -47.409172 82.519305 160.846076 -60.092006 -542.338656 431.158395 -542.963183 256.263675 -11.621275 224.149771 -317.981809 513.627472 1048.330258 -250.497900 231.768289 -59.837187 -483.269017 287.745888 -510.470896 -659.772677 343.619946 -281.633274 639.658349 383.604509 -549.126450 -870.253353 160.151591 8.211724 -452.995652 -886.788500 -230.790287 742.777481 313.572951 -846.063655 -274.037219 1045.889934 2.540708 -555.736156 -233.309008 530.228548 93.162430 148.494544 -39.729198 278.638080 -1290.951372 -15.628598 267.600835 92.699783 239.568783 -55.140800 254.253285 -160.592569 -199.501872 469.682159 -139.130368 -210.620065 278.972436 -51.280336 -719.184958 709.070856 196.961091 195.853265 -215.152129 615.106361 -909.857752 1357.897034 680.381892 -309.678273 -398.353966 444.580849 -98.205724 159.559586 1024.958017 281.961832 -423.903246 322.279956 -511.303368 -409.795456
319.756168 -773.219839 90.806329 -336.951940 -115.014700 -865.356411 -69.630302 170.422070 -108.428944 817.117607 -993.277128 -199.351535 276.730978 -68.600786 -263.318022 574.041640 849.841189 486.200504 -35.468200 101.504487 23.014366 116.072991 289.782167 457.782179 -77.716623 -198.583327 81.016089 809.031678 -231.196661 -678.987515 172.799727 -550.176876 -527.698194 552.088480 339.396873 -556.563686 550.214424 -173.761152 134.377801 -854.798125 -305.968075 590.936950 -311.433830 -756.561757 900.168915 -357.783658 -136.276347 366.798698 224.138275 -437.926655 127.530232 -259.749949 -95.646245 -264.302825 322.461059 -306.407769 66.553953 827.291845 -207.392674 -58.428771 -783.805181 -926.678461 -461.782231 -12.424987 -93.523527 428.638692 -38.030248 -5.710667 -418.067168 245.687629 -84.582142 844.399155 382.359258 -139.558002 215.905200 -319.882773 -392.402137 343.482260 -295.192850 -759.975161 236.224328 338.827527 -509.842528 -310.214287 -226.257342 -645.729346 551.316732 -412.039198 276.762857 576.966747 -311.148327 565.164978 -367.419069 569.727947 -721.601290 -501.109856 -119.436984 102.538758 347.124136 -149.642893 -98.574115 -197.626252 -165.671232 -100.267180 -221.282611 -125.835664 -94.178500 116.653385 -205.696246 -174.517327 -449.830127 -353.350134 179.150150 10.389396 789.881134 -452.485896 893.657136 459.362759 -509.485717 245.109646 380.933729 -715.072166 435.320734 -273.362716 732.568120 134.236239 -925.834041 172.280715 335.742372 358.008413 -372.233880 862.567701 -129.459360 -91.921328 0.006838 813.570691 86.326593 290.483187 -233.838178 599.640447 104.635655 361.158262 362.589354 361.227784 318.024833 -38.192380 592.280200 468.427160 75.975842 -378.836996 -188.720946 109.484662 479.778557 487.349200 -145.403430 390.338762 250.659121 145.585219 -332.983181 414.515386 -177.224885 284.011709 460.988403 793.232071 -432.924447 -623.227650 904.581441 -912.089097 -1141.745592 770.882836 13.005531 101.741811 -171.249491 466.699587 861.724465 -541.223389 -987.440667 -164.715695 571.960585 381.761372 -256.207273 -58.907061 318.730084 80.799257 199.941927 -740.928309 127.009707 -448.262333 -526.957032 18.559367 475.714019 552.474469 475.295280 76.820848 -99.231570 542.953979 -209.299509 383.814419 782.036748 -64.865522
-49.350811 -399.964279 -43.055004 718.988028 840.229141 -125.067278 -128.882087 22.615462 -896.698237 -96.639229 -336.149286 222.378554 -813.922973 166.382127 -56.994540 -434.022219 -289.697334 -298.535119 495.361977 415.695940 454.270545 -448.909367 -361.901503 -1000.207382 -41.702925 -89.426745 757.532970 -56.808436 -206.742710 -109.457313 1326.299222 -197.584974 700.286712 -230.456136 -680.874650 329.822144 -618.919325 956.377847 490.764454 -427.507640 -318.698073 411.819406 -875.576231 553.550314 -264.646943 323.628515 795.530460 -168.200902 153.056722 -156.174863 23.031244 -618.494299 -894.943604 -1207.451489 263.853079 -366.626407 155.253959 -219.719408 -390.463689 -183.807409 -760.414911 -60.154073 -239.544813 -961.783977 -758.271693 49.761986 -84.261048 304.844299 -564.673937 965.182800 15.841890 193.109391 -350.970129 -397.289895 -723.421904 -104.157749 -186.014030 -1175.382662 77.403415 -594.594753 251.218711 -101.103037 226.160785 -531.709142 -754.190822 203.620809 655.651491 427.986471 81.849525 -704.134520 -897.593594 -67.107553 -799.903870 -16.181500 -518.813904 128.253621 172.212918 -479.637645 441.988554 158.375329 46.038403 -718.106219 155.094896 684.704163 -743.158808 -109.588282 -2.066641 942.607854 -609.862801 87.188356 -172.184952 -990.989489 -246.139755 -744.032215 551.240746 -198.676338 409.008668 331.095661 -34.851669 137.160126 -78.919116 341.798249 -968.589922 140.193951 100.835361 -507.022886 263.343450 -120.094642 900.379034 -178.301021 -117.554661 288.903285 73.751665 712.367088 -977.833939 -566.991976 -141.659151 -265.986517 732.449655 -18.149989 -178.015519 -823.151169 25.653645 646.706629 -36.024017 267.399794 -417.709443 639.490817 179.137112 637.950454 -165.164014 217.059601 -540.832707 -341.560948 -470.971381 -489.399974 150.169901 -839.070491 -97.426797 -118.373176 -252.063027 -39.683977 -10.874819 -38.058800 82.476413 521.615344 180.506995 -743.784527 345.991835 -467.950791 238.819544 -581.213876 371.123204 -313.780657 -1190.805538 430.652438 -112.311459 -488.599513 445.672886 -14.734402 1552.986884 55.005884 45.892176 -118.197639 -129.547079 559.669849 -616.795916 389.198690 232.937657 503.908607 448.558440 -389.627557 -161.651233 -293.562267 -314.484704 -1160.809795 -371.003773 -351.542673 313.755234 -758.678459
-607.903233 -789.162210 646.807508 -177.592089 265.286270 317.078633 189.022994 -439.207622 -4.658309 -331.713202 549.879275 -761.722023 239.595851 -426.399287 -797.624025 -326.818711 631.820956 -634.088547 908.521162 510.686925 448.212666 444.351767 157.084864 -440.811548 445.228779 83.317417 -422.817080 -735.262522 233.992967 -305.562626 345.008530 734.471367 214.869231 212.911552 -453.714008 78.929276 -73.889386 -312.505013 438.892602 741.708774 778.535358 306.559831 60.204143 -152.034219 579.623908 -435.068984 -187.474721 -183.747096 -183.447683 -1016.175354 -954.113722 -659.187509 -29.551171 -589.594224 -815.208901 261.306789 180.569826 988.147864 -253.153840 -195.916636 730.849412 -368.299074 262.935541 -922.522398 -102.663065 752.841480 -228.929218 270.951686 91.269870 -194.024387 -145.055035 72.617330 -162.812302 60.835088 20.560570 -416.315012 354.481747 106.730339 -286.466339 106.657022 107.574941 -342.963721 -385.701302 278.126076 284.293385 303.077576 230.667071 -310.315082 -411.626288 -367.427765 -1.619198 -286.129071 -682.428181 -305.336676 819.837993 82.062015 558.916750 932.705953 -350.855280 -667.005298 431.023471 238.523049 223.164273 526.709298 735.258299 650.487869 362.619286 10.270330 64.904897 360.746406 884.525416 -261.347972 156.038285 37.629099 -477.128865 598.172410 235.091931 -43.258994 -179.043608 -589.658769 1.681167 -241.020575 -782.794130 28.980342 376.830125 57.328434 87.199352 -686.201519 210.879929 630.040347 -1018.130828 898.675358 395.150049 -763.312322 91.911704 -53.049397 -329.809218 -667.981533 381.043977 157.094900 596.083570 149.858085 -35.415633 1451.910637 -148.331760 532.824286 24.372215 -181.388594 563.396138 -354.460274 376.383478 18.663148 -157.608406 237.704241 -1.722561 796.119631 1.478153 -424.614428 -793.353132 -276.966098 -89.431148 394.708622 -558.874373 247.483631 618.479258 430.735333 177.549294 -743.462599 -244.490080 320.266848 1147.757955 703.730142 -839.388449 -575.523873 280.898284 140.703650 -1054.878421 -303.042749 56.274734 -367.467773 -145.950759 -353.952007 43.572662 482.579282 711.062702 -248.914997 -796.663493 1027.913885 -147.020411 109.229388 -138.129850 -1093.075046 65.052143 234.226789 114.187027 -124.343294 -348.614197 -936.269666 -651.706461 -62.142195
-52.808896 -123.116534 302.178995 -321.221863 -517.867604 -419.379609 523.136217 -772.915218 -23.935687 519.236839 280.163471 -212.163851 357.288705 -98.483248 -42.886417 -292.737583 -64.340508 -234.504048 -364.111143 173.998560 450.444899 -392.329093 -156.974038 501.760690 -1026.406415 702.231030 -522.421057 332.190780 -399.548495 -119.307843 -337.513530 -141.202377 -133.620017 -468.474521 -1.685708 -357.552467 765.606432 -662.382812 -395.246640 611.587142 1109.535630 19.422081 -749.290402 -339.164916 501.494626 -298.036893 -258.891491 -68.612333 -163.732498 -122.387746 418.408112 -1565.899148 -175.512069 -148.001262 252.520342 416.639378 361.408021 283.716179 758.373358 527.521512 -551.299275 -510.534954 -247.353221 213.668350 -491.671261 -667.664268 322.270529 261.903698 -290.449726 484.010836 21.771733 282.220451 346.394083 357.355878 637.790259 -505.837866 109.265915 -577.315312 -575.809205 -93.678784 89.551850 -235.150093 -273.140150 14.176728 -143.758838 409.466000 696.606582 -202.944853 465.635129 227.132189 425.800775 -169.595989 4.282722 39.912490 522.651021 -643.413282 -401.745236 -249.532078 205.831061 -495.577613 1452.841357 334.894471 -775.619093 -326.766820 944.674138 17.825992 -251.445768 6.814114 -421.991966 -558.497243 720.539825 -47.597463 -219.093596 -646.488393 1610.689846 876.041183 -303.345896 275.998875 -13.664526 266.995734 171.464282 513.139962 768.203819 128.385045 580.139045 575.970019 -433.046222 13.772411 781.939965 -83.215962 -513.467438 154.920260 773.726680 -555.898804 -528.924818 237.775108 -278.538835 -718.578744 -22.229592 -31.101658 -164.687481 -77.952358 -46.288465 6.825449 -866.336540 -909.533429 129.126844 -85.567578 473.419112 -583.274252 -800.340182 703.334272 -340.490008 51.534478 123.173623 -163.807913 -47.527775 -39.461450 -197.835167 -99.501404 -532.402876 151.110383 -271.633622 597.437222 -263.133903 133.355255 629.692701 334.867776 -490.712160 -441.095885 -972.204886 -186.115991 99.037696 -1087.940551 179.885306 290.708705 303.028453 -232.302083 60.469664 -41.212346 -727.710852 617.791772 286.272622 -35.478984 -7.740486 720.793180 -66.514306 -285.907232 -369.037715 -15.308651 515.767892 927.512455 -700.001013 -200.949112 -908.752619 -212.561669 -1103.434334 148.123701 -75.013565 170.456582
-137.810045 457.191790 222.199670 409.739682 -161.900000 -228.676556 -172.250074 -552.325072 650.484030 462.454120 -36.634780 -188.535446 569.137203 454.817278 -18.306477 -266.698647 -177.188812 -85.504957 -191.192216 -90.632866 82.402047 271.328256 -596.612490 492.737799 -203.988875 -283.369590 -161.297683 874.691103 185.246247 260.234195 -577.553466 608.821826 -465.934862 238.253789 354.763205 -180.478220 461.403070 -194.920685 -196.326449 -375.549220 18.250805 -494.504599 413.317808 619.599179 -293.305209 343.556532 -142.173211 183.426579 -653.578927 124.628296 872.816638 -193.614892 590.342697 -454.762099 -169.589514 -505.672644 -719.857423 -131.877783 163.876082 -61.927896 225.652181 -227.302992 -46.879144 778.369271 -139.812065 -433.602488 373.015136 -373.106188 -773.098290 -397.900453 -384.657075 861.257180 -362.662695 244.906940 293.773277 -108.087216 -310.807427 -63.622462 -210.067252 907.131244 -795.137415 -454.956018 -667.435020 -386.403723 -644.309211 -898.539212 -181.214661 136.121253 188.022494 279.457027 752.124908 213.126286 615.777381 -225.980876 222.584930 -324.019285 -454.436220 212.258593 -1.566804 -19.135051 -812.754604 691.689911 278.059461 -105.776341 521.394176 -650.121584 -559.250124 273.171618 901.292198 427.968821 232.930802 927.925604 -103.351511 19.282410 -217.510271 508.078020 149.289729 388.854831 -33.033311 1.345363 439.941612 460.310469 332.752381 -84.729745 -66.882541 15.380636 -53.806667 276.421310 79.204757 64.763505 1104.594699 664.701929 -646.305354 -488.320353 -417.410540 -571.797040 -617.734937 433.343416 -312.279644 -57.744143 1221.771699 -787.262727 -172.613070 -367.250872 760.552838 -229.810618 -57.474677 -394.530325 148.534735 129.280115 -149.625454 -380.861035 63.680835 -534.408663 303.149827 -342.741456 -410.844436 1372.121547 -358.287574 -239.552112 910.204807 -108.633680 602.836550 259.506111 -257.992730 -259.342638 573.618482 396.483126 -341.341054 60.745837 -1124.277949 -65.644483 -521.753996 -773.732288 1438.048248 -44.254959 484.034843 -783.982724 -201.163182 62.657526 -1254.358706 875.744277 460.657489 261.032988 -314.442513 -72.437555 -570.520260 980.679486 524.573286 -757.895700 -450.177754 -474.578575 424.681510 -79.790154 705.485882 566.296530 -1.122958 304.123461 432.589298 -72.252865
-200.065857 -384.799368 876.685326 -63.041636 34.600826 -174.526076 384.469933 -49.972777 -431.814132 -271.638903 622.000826 -88.728814 1945.456639 13.684494 -14.888593 -905.288122 264.967555 -12.268639 -243.440163 -204.087074 122.969977 -626.948749 -7.292633 352.679379 117.880125 420.213914 -602.018898 243.615696 -756.948981 -631.116355 -183.088585 -265.210836 -212.286394 -31.806014 350.608162 135.953454 -494.417321 968.479556 672.074613 903.525190 203.349922 -284.297079 -693.417759 151.664869 415.084747 -260.524230 -708.835532 188.592376 238.274728 78.041253 -33.895861 -82.579595 115.406823 -136.628549 -320.159649 112.838058 -959.803164 -467.545397 633.871325 -697.878081 -184.596936 633.958188 23.163473 -20.730867 -136.022096 199.091062 -336.133812 540.285845 508.091786 141.348857 174.076089 231.060971 367.906411 1043.428967 304.404639 -696.819396 118.937241 -281.371153 406.296598 -622.381161 557.434914 72.575707 59.577998 -710.630487 1140.943862 653.630006 764.258946 193.358817 -162.856356 706.110804 823.006044 -105.608324 384.428953 371.096955 481.357121 225.285858 438.393384 -821.403407 42.450148 939.874575 -10.178864 175.971677 -521.087534 8.434999 -3.760846 -201.404357 305.093329 486.527707 328.062941 -208.250207 64.497545 785.856400 51.650556 254.499354 390.784438 514.882780 311.000308 -735.658106 258.062095 -61.630339 130.209839 -424.789905 -160.277613 -42.469388 -821.024740 203.152154 260.455743 35.866160 360.452044 -365.745223 -167.238386 -260.661322 -1278.287146 -11.530027 24.110042 73.863121 -280.049408 -223.212027 -45.440082 485.138065 164.509354 -658.750672 -289.940071 -261.600986 -630.007627 400.212932 551.691607 516.990585 48.358725 910.205161 16.684053 173.316120 528.919352 51.471086 278.482374 -714.361201 -375.562194 -459.596610 -873.545526 756.774762 966.590544 220.379553 604.272841 404.938581 -472.373954 100.118381 669.728071 -210.356292 -488.542786 716.849624 -724.941924 -410.654084 -868.067365 -501.109050 678.786128 234.615579 -170.528808 -483.677235 -143.169245 -640.957879 533.556994 -543.655444 149.264870 300.820714 -392.223101 -481.683863 281.751050 -283.228928 -928.845970 -321.957964 359.423047 498.799835 252.853940 193.627538 1001.183039 -304.413282 -795.670159 154.162552 -79.091490 21.946399
58.363834 -117.390207 -381.677998 637.057152 -864.799966 612.765474 -237.924496 -1410.736483 1036.722815 -163.743970 440.069193 319.989791 -124.189414 -1007.167382 -368.415275 -225.783315 -583.977097 92.835759 -6.794937 971.330314 369.777276 -78.202202 -801.068958 50.807154 -81.302940 -171.321884 23.435039 -874.606747 -301.532791 624.176401 -747.511703 460.038092 413.396623 251.010349 -352.592655 350.035960 -584.659599 155.498268 745.988896 389.762807 922.454038 203.862182 -469.448906 -258.870387 -558.133517 -129.567254 -660.957447 -375.862696 -341.239461 491.957909 32.921651 369.637240 -234.112962 -1246.457274 947.885366 -181.222489 66.700066 -395.443553 737.024827 -343.995382 145.697486 112.836580 -641.509538 367.272232 -315.327784 498.401726 -551.870371 -503.489372 920.343308 -112.101592 733.521672 -489.572773 95.480822 -1004.632066 -297.998273 719.688230 -385.495701 92.472183 259.164562 416.211299 473.860064 -634.872318 -340.026377 -492.172461 218.277394 380.862213 -211.794423 -311.206960 -1052.857179 582.858789 -695.359067 242.546016 -156.259204 -459.313898 -282.653133 563.492575 183.974138 154.171525 -538.382821 955.150307 -193.171116 549.594774 -342.659819 -91.524323 -172.641965 -652.405115 52.163094 489.216112 -730.884621 -442.009924 933.251714 -23.127532 -1433.958522 822.741834 -264.281379 -306.927872 20.942262 -103.207920 -464.710504 -336.019979 -336.130870 -149.486842 258.723621 -194.399640 -326.961927 759.327655 334.922604 302.819393 -994.943552 539.934547 -940.110791 -738.334809 -1215.714637 618.689149 -656.656179 27.505524 -592.500818 48.260528 284.741663 342.310677 602.322787 -895.504936 687.811223 681.344649 -666.057437 439.813254 1271.737758 37.672406 -241.957824 737.182692 204.621372 -149.963580 691.274263 253.552859 -355.227184 -389.332224 201.501917 -504.436382 -758.538665 501.066041 188.548519 960.325264 174.329376 -147.744310 -702.696195 -608.411359 -211.340396 412.407964 -88.322733 644.996175 284.292714 530.439079 -233.171693 -513.730252 -150.409562 426.915841 -745.622491 -289.500341 -453.299487 -69.221175 -415.501995 95.074926 224.705978 -550.120141 218.365544 -256.856141 -23.004656 478.354498 -104.733613 361.575589 42.443858 -833.177980 376.127703 267.034132 -93.155682 339.307754 205.856855 -294.778256 115.953865 -148.691727
805.138453 -244.979091 -1111.824941 426.533405 299.680659 92.130499 160.530547 -642.399507 -663.267191 -245.284349 188.514960 7.997920 288.338304 827.883618 92.467356 541.517838 411.293670 163.748093 593.149223 -526.230632 -499.238208 407.833449 -140.387439 483.578491 353.910078 -413.769768 -47.698879 435.493647 -389.561175 476.493152 -336.142995 -924.965843 1086.806479 -56.142192 159.002051 150.605405 818.207461 213.576697 280.224757 -754.017414 210.249390 1106.539735 -842.490763 164.426942 433.309771 -97.674669 693.696412 -269.491385 43.073788 -1208.342776 -801.375221 396.716357 -956.118302 -18.430377 -181.031404 1111.402123 -545.862697 408.662473 -480.135108 820.743741 -539.310291 -415.485551 -57.221623 967.315900 -475.440161 -491.221454 -511.991425 445.132227 -58.245611 44.382396 -833.565458 -129.271784 -742.947703 -204.543326 609.895116 -242.333468 -403.347113 186.152833 170.725505 -472.117416 -981.347851 -404.372131 25.756514 -828.553835 -278.325704 321.611013 312.374439 -543.457146 88.827394 422.757722 499.316941 -147.308722 -295.602279 352.212678 702.000449 -220.993133 -735.377414 738.060786 591.337307 302.847057 210.234600 -116.569560 133.661731 16.641224 -785.069325 289.386645 -570.086936 -751.630689 -11.621753 -706.898270 -279.582998 -195.946929 374.988342 308.521612 -362.851125 -1281.557856 263.291551 -263.980778 162.238024 338.650081 77.730321 130.053669 221.185617 -766.129831 -3.288956 -309.546834 7.285423 -320.594816 756.653268 -27.652829 -186.383841 106.602826 -260.057540 -111.430963 -143.297306 -172.260271 411.021305 446.213951 -658.909869 26.818334 -500.901479 -97.997087 -310.907633 -544.509766 267.300034 234.430143 949.846462 655.784588 66.937391 -98.237135 142.453914 -133.613894 -564.663077 270.925781 -343.880891 1120.357755 1157.163631 628.487958 21.926179 -677.547785 -400.466761 -158.302872 33.812896 -763.623257 514.520033 354.989239 -563.074515 737.232323 -717.084286 920.316336 477.751575 -211.400052 135.732322 -483.360371 -439.743528 306.442908 -350.630950 445.724798 -469.839264 1139.295955 -509.341764 357.437512 -36.544520 460.913774 856.570392 457.268337 825.218225 -74.625421 -464.777264 168.729339 784.784192 -19.158916 -0.667163 669.525155 -498.728407 -304.249330 42.368831 -55.832826 -79.125260 1185.671929
-599.495055 8.727022 418.739058 -155.980854 399.392785 902.805673 628.018757 -444.377217 -326.007627 -424.578840 416.148272 -62.780299 -28.452439 490.293137 220.551271 303.832910 409.767703 1.079896 574.516936 723.906736 -214.826898 298.779099 105.219601 144.644381 816.762949 -825.002318 5.018262 -48.779049 134.939796 -1171.947222 -126.236875 -263.401455 -2.375652 179.872504 215.005058 185.142691 -49.507794 -979.705817 -736.745383 44.935810 -16.629564 -123.844865 -1042.365344 682.234240 632.842886 -751.276386 -151.501087 -651.873586 -382.278000 -43.584503 442.835617 -137.822480 213.556028 314.341034 208.402584 372.164975 509.309471 -548.811963 220.373085 -286.422898 199.427509 -231.171592 234.167927 -13.212325 760.684881 47.238570 100.991751 637.068266 -509.756248 923.816910 -435.683254 122.676691 -292.528820 273.242726 -227.764717 -465.224408 505.748656 -174.831580 377.912216 -544.712212 370.848588 871.079450 134.658627 414.680179 405.718575 -143.064997 137.219245 -1164.626926 848.888260 364.717429 489.179604 56.564251 -516.120263 525.248470 -277.801623 -611.866173 202.466143 840.375963 556.859508 4.178920 40.037004 -505.455218 116.392386 281.210627 -88.349914 -632.383262 -380.669248 -436.900641 36.396308 263.733708 644.118324 -575.185940 449.215317 803.937103 -140.004652 585.980154 80.911467 -159.570575 539.991012 161.420674 -63.433658 -22.470862 177.860187 -406.332585 93.061728 -132.565487 -311.472934 -331.753348 -613.279009 -341.463018 -259.735881 -579.020387 -177.395648 488.695576 -240.406192 -553.765027 467.337931 -733.099602 -195.502727 -580.411805 -196.018137 -36.167134 -9.837043 766.624024 -576.856828 -185.954659 -439.669216 67.804111 402.194912 380.219534 199.049626 786.566244 -38.629364 22.769955 1294.349766 -611.047107 217.521600 -289.113770 735.403719 -559.752530 508.862338 59.124799 217.291636 268.696579 242.341315 157.292994 594.220967 -74.208644 -16.743230 628.976606 -284.355415 -23.734165 -129.234910 -850.716116 364.573812 -213.910675 -296.714809 -164.477656 -263.783026 -673.895607 -97.016418 -307.977805 -230.513816 21.122620 -756.897061 -75.313817 145.864366 453.933435 -355.026206 -752.783072 100.047970 -33.739828 320.986597 -281.949786 102.533667 -290.522100 -542.436945 -949.453075 -750.887401 274.568001
-178.550324 -90.652210 -159.813758 -167.269587 109.321894 223.007054 -824.119357 -40.231603 -458.923155 -180.454637 174.601114 194.261184 -30.183559 414.035824 -234.102897 839.649201 315.722064 841.619371 -269.834857 681.677165 151.560615 -36.504529 572.083544 932.447458 -315.915938 286.451910 69.072817 1118.230833 -285.020252 94.368465 320.696755 -310.956490 318.738952 -156.199923 149.399135 3.385416 1018.257739 425.169539 71.366606 -275.606317 -382.995998 345.903286 -463.348441 141.259981 -352.436947 49.611382 310.738539 -532.236969 268.788290 464.322186 23.597292 -21.767044 -437.549096 467.536096 -478.397043 -373.922236 -367.388574 -237.642653 -157.614796 -444.480690 -846.870649 644.559924 -160.221540 21.131235 -293.831323 -1317.577172 232.472311 -631.413650 23.027952 -152.366595 941.634618 -45.685146 -137.024699 -452.820827 283.074078 703.833173 148.033380 1159.969104 -230.675319 -321.512811 168.384142 -855.925350 -983.925447 -278.894814 -121.205414 -420.135540 -419.063361 -88.953710 183.885826 314.389124 -396.017118 -140.998838 175.825871 -356.152131 -584.393654 429.561928 -175.504641 578.132610 -177.111174 25.301149 -208.691248 -30.499368 -369.076604 106.870023 496.813792 10.729883 -574.383887 -310.352284 -349.158718 -17.171696 -378.377021 21.002064 1005.271997 1073.665573 -68.132714 617.226126 6.212960 -737.011569 127.229772 -85.089192 -294.999826 112.241594 193.603204 448.423312 516.609023 -59.420160 46.976465 113.048460 -179.593185 -591.642187 -227.219472 -1030.109091 -468.428795 -164.437589 -19.203339 367.380138 22.311044 -175.766487 -47.846327 478.246552 -83.107403 -392.747626 178.880698 -127.430454 439.986912 98.693128 -533.514597 234.518559 429.362270 251.772383 -478.594664 -607.228796 -363.514880 -1003.339071 104.192321 -348.670972 -239.522471 187.919759 389.195738 -257.410520 -220.578858 -907.723684 -645.479066 175.123924 -5.362695 -482.517697 -258.849475 233.566002 -102.986793 291.099810 285.302823 -194.588335 -136.041946 -39.193713 -316.113107 522.951615 -209.030227 1255.037026 -411.289851 721.382363 55.565023 288.862145 429.778947 -100.614258 -142.714178 -520.196262 -318.014289 -227.768534 741.865496 37.755104 311.013260 214.394198 468.071947 17.770121 108.959383 53.630649 433.044457 -215.531027 832.115153 96.794722
1080.355636 -576.532031 -417.125332 -625.051809 1283.571914 -310.664812 258.254826 -112.410854 -699.412679 -83.389015 322.300158 -841.459226 -591.920555 460.583541 428.969428 479.391421 345.066336 -195.229801 -705.355822 290.984924 -192.734957 -594.643012 292.777745 338.146878 155.886027 90.890914 552.663771 640.348376 -10.522315 -1.479591 -300.071451 57.223520 349.750896 -254.406905 -348.132447 483.581056 -215.489839 275.467236 -322.422482 -37.255384 -179.896105 234.147381 57.169795 331.154187 695.826677 415.838535 539.040463 498.005408 210.807365 -208.645366 -79.290308 519.468496 442.270506 67.013986 567.694613 91.449685 -459.478377 496.704259 -265.715247 2.977232 -690.236875 69.939560 -54.252324 -323.708559 -457.810662 521.157005 528.168751 -147.351819 -217.838949 113.617591 251.344177 175.727467 -935.352300 -341.113131 656.500022 -31.895528 277.629293 -657.888991 -607.729750 371.179413 116.898977 210.458686 218.737954 -191.679358 -300.384743 226.595988 95.137428 -1018.171431 39.738624 147.704992 -696.677418 -718.403458 -529.845061 46.061258 -332.217769 -520.355727 -385.205023 -335.236410 -116.352094 -392.787389 335.519470 712.759734 -652.303162 -245.354402 -236.350212 -30.784994 -288.299965 216.536772 -234.598170 -147.421157 82.162540 204.192671 -245.263287 -503.015450 909.442871 565.056742 -155.970956 -599.656612 20.449786 200.385312 -88.797551 166.665014 239.681861 -82.367293 738.947380 -401.175218 109.064709 -327.245889 794.252292 -1016.436665 267.246196 -992.859757 555.894532 210.501470 -285.318245 294.368741 -135.985359 -164.479149 -549.050228 -422.517959 73.126424 -133.319513 -2.828986 213.315322 138.370724 -999.930054 -599.400404 292.345467 -297.511710 870.186732 -856.314214 251.625614 -120.655668 -182.150584 -160.258381 762.438055 -461.293284 -709.794502 117.524059 578.545568 108.112678 -705.534208 922.316104 -273.067700 487.853890 -487.956423 225.605926 26.212840 751.376566 682.166580 -438.707760 -52.232855 479.205043 -488.244966 -257.113551 -478.121408 460.434012 -28.769955 -256.803132 689.615356 326.323756 789.944700 -534.342994 454.459120 375.887790 -18.978269 -35.359164 -307.578162 -328.943672 17.158350 1109.448853 -184.480584 211.125515 700.407507 -734.202806 41.022382 -0.879717 -574.769385 -496.646352 792.979903
527.242091 117.550996 36.403672 511.764075 -848.712417 376.189779 -468.137238 579.307476 1020.720369 -799.617669 -429.236864 -706.915508 -506.743512 -497.541022 -506.237268 -299.096006 88.760801 151.637374 -570.129587 -27.248937 363.370701 -296.794621 794.897254 627.085008 212.262184 125.639489 629.733362 -1041.681975 -576.611101 440.305233 43.664590 -814.588328 -88.189985 519.565592 932.513697 -41.493290 -1224.054527 267.953817 -4.120026 -116.848264 -754.945062 839.292840 -534.917251 710.024607 417.310052 -129.987157 -344.147799 -101.976558 -307.522643 -17.385896 -275.350076 725.964033 165.216314 -257.876674 559.963918 8.811865 -134.716717 -27.735877 -251.738615 346.551195 1207.365458 597.508839 -156.610492 -564.241951 -765.195649 341.670171 -464.609602 -188.739536 -142.087709 243.982390 -358.703539 200.642597 464.944346 -762.799638 445.501235 -45.561818 -224.666826 -363.679780 232.941954 304.526930 -326.398217 67.302460 381.265473 252.697046 782.659946 82.164567 -72.682796 -316.853555 -222.067010 -14.635982 -855.007162 216.569323 615.541401 351.743687 468.450593 -481.877231 -125.306026 -324.939923 515.477722 -53.014435 -271.584967 -156.946799 56.504489 233.849735 -756.341995 -65.986934 -515.813191 362.395371 138.374443 448.117774 -124.410120 895.818299 119.568395 436.036110 87.229534 -333.754888 22.907417 -94.284771 -74.581945 -555.965604 -365.340733 97.092638 -767.973452 -439.611118 -1071.088883 281.603751 344.437289 -544.668750 -76.861523 -70.635395 -94.536042 366.317038 -18.500449 -333.387719 236.424933 -310.333210 -35.753220 293.689550 180.414315 138.124706 -389.161054 94.785279 506.220770 735.162977 -208.494121 36.310016 355.844697 -235.028452 -1123.553341 748.895047 736.345475 180.777531 470.172446 -85.452783 633.864851 -181.558822 -30.518137 212.013125 564.524017 706.965092 9.036465 -275.523028 695.511133 -621.932541 325.238503 285.635388 -516.270810 -17.533582 403.685176 91.640065 -672.892445 10.244522 367.514142 -209.044347 -585.542822 -634.646837 614.206887 -830.346301 131.215310 -277.354672 781.180953 798.902311 -569.342138 90.625289 -315.246133 160.591577 268.413370 -663.147642 -66.880531 -24.347713 92.269152 -319.874395 -267.832877 712.572641 -3.417199 21.539793 831.825578 -956.343651 316.334169 497.547973
-1084.272312 -325.391345 67.683188 6.778679 313.853162 -418.287761 -94.871781 80.439961 -514.925163 -93.966631 -628.305019 -561.606958 -248.416661 62.350156 195.182761 -532.834830 300.135848 -381.789696 -643.365883 -31.991010 -423.643094 -133.985014 200.394785 1079.074612 -123.629662 347.466790 -78.473196 -115.238170 194.735533 393.170840 279.522864 -493.236807 179.742503 83.056280 -213.321860 -667.802238 -111.548510 -9.484379 294.289222 197.848348 219.154662 -136.038379 -236.026001 -90.883137 898.766647 567.011942 410.335491 564.863208 -554.481344 -402.395984 393.815471 -475.996460 118.688174 524.136105 -418.594177 -560.447460 -145.770667 371.374454 179.529215 -428.699708 72.952284 -750.658573 71.518719 604.355635 246.045759 782.948978 131.688706 -593.096472 802.355566 -272.603692 -296.181437 -19.761069 -631.441559 -95.124079 309.330806 -168.971695 687.882076 246.108991 -249.223407 405.612484 365.216776 313.830721 -26.928147 -65.429021 -314.725669 563.592245 -424.398465 -133.160615 -251.371357 -170.428337 -838.630849 865.107414 -397.064846 765.110172 599.340572 92.575106 -60.004030 197.921541 -70.096398 -430.901187 -154.439358 -267.775847 -22.654455 -719.636222 -576.140168 77.746874 -244.854373 -575.388989 333.044139 -42.413067 1046.326741 211.907758 714.951414 462.201468 675.447520 -109.509350 -336.094076 -462.710129 73.056554 -546.505462 -446.940401 -517.524604 5.374015 7.571215 -2.425619 -312.489648 881.257048 214.959533 -529.615547 626.956381 -375.763244 -168.659924 -338.863989 -273.810687 153.303529 93.677331 31.212116 -338.416089 -614.791398 75.182806 -838.015397 897.213350 230.045494 -115.709194 -813.232925 239.407776 -301.913081 -118.091401 583.899600 460.456605 299.519987 -150.767400 248.550268 110.178197 -49.881665 1014.890764 -541.019801 -433.792522 387.759903 98.251508 -101.669743 35.781229 149.718699 -719.097193 -308.935078 570.700839 910.600161 151.411188 612.549877 644.315425 118.371024 830.226159 -716.566663 -413.793687 110.092900 879.105174 100.125559 -1025.778434 -374.418132 221.226458 -358.264060 -236.001338 -72.046159 489.637733 395.189266 112.131121 357.810452 394.766557 -28.495583 -285.743532 -370.503633 -710.970377 29.199017 1.442618 47.284399 441.168009 -406.551586 -491.296060 -231.234292 612.602934
-602.110535 -136.600345 -120.212866 142.202049 237.295868 251.625804 -298.081922 -238.490057 217.206656 -527.935090 -211.226861 -63.877385 274.202350 377.458070 640.567207 -490.045794 343.554160 -818.799057 103.546464 660.860401 -267.662231 80.800974 -547.053348 138.851831 291.335394 -953.415616 116.104955 -39.174644 -307.501911 -221.164621 -897.401159 405.222940 32.281055 -192.722830 543.373084 -48.920228 -346.097607 1017.147938 637.453622 -800.779614 -160.574494 351.576845 62.809237 475.789959 -441.022262 1056.534112 -349.341542 -116.155534 -1059.167449 635.641348 438.115277 -339.158400 447.399755 -450.298970 -578.718946 -425.502464 -271.435723 264.827368 525.702016 779.348948 -1248.677690 -195.683181 -285.023841 730.003897 -754.579714 174.479777 85.564936 57.746641 523.751302 -312.354131 433.258712 -216.601873 -12.640933 -383.877769 -30.026627 480.588360 -70.565221 735.987720 222.896514 636.821120 206.021753 -89.348646 -1187.293788 -369.106520 266.354966 -298.665966 82.547184 330.210207 -64.749094 661.397314 -463.393059 -675.397836 166.678711 -337.156074 -200.577736 -254.507826 -459.511888 162.318674 -506.413131 -377.194712 -219.444022 -1254.250687 -1176.558447 291.137545 54.021173 -469.291537 -145.011153 -205.959935 403.513856 -28.462745 204.969751 642.650960 -464.865012 -67.789192 158.388624 -387.962283 -57.207346 -158.724031 218.858263 -291.142238 488.939289 -562.205178 904.721786 503.810316 -104.207496 197.691238 231.703301 -144.793096 -530.120171 -18.517303 -635.577733 467.196501 -550.189405 82.646766 -501.120729 134.872719 450.293716 812.229219 138.857860 -255.283516 -352.553718 -439.481449 165.174376 77.150130 265.759086 -13.206625 327.834855 948.911109 189.067812 237.369910 490.527907 -361.500190 915.269910 -217.854939 -72.894057 104.963696 557.279371 -14.995414 -118.161450 199.372487 1043.269174 -106.370837 206.839456 -649.556159 -33.285524 -364.335591 288.102831 -535.384498 -20.768075 398.044102 -988.682776 622.440631 -932.495799 -155.121729 -338.377055 -1129.564479 -972.277260 3.066151 562.081353 -972.021268 54.201228 -814.533413 183.496359 647.553614 568.435714 -239.754725 145.027583 -39.204680 -1031.777637 157.954683 -180.704526 174.900524 143.552661 592.085879 186.891290 -754.546879 -442.039737 -417.404808 -38.017108 -114.356847
-494.900519 928.575117 88.061327 605.058080 -274.646221 -202.868261 246.738771 -546.175978 422.707738 -699.173572 253.576423 202.278333 -308.998072 87.384810 -306.720298 -1151.746423 1273.290026 -317.198480 905.763920 -548.915312 -14.365733 -126.941847 203.149928 101.935919 -388.496038 -133.259252 -569.782683 644.013897 407.805825 820.841541 -338.646815 -788.677432 130.830266 -93.150547 743.640935 97.984027 135.278342 152.243665 405.433608 1205.164607 584.089017 -37.566405 -360.796519 -661.798410 -445.923751 266.761950 -684.041342 378.727950 -236.669161 -134.907137 -39.132286 559.088328 1078.573784 359.086353 -513.242540 504.379635 -494.933576 312.170847 619.030932 197.050731 -196.721683 -89.530965 -1056.846701 117.522423 -289.238711 -1.497801 81.510112 -626.570224 -287.707705 307.321899 -57.454997 -514.033810 460.795410 -255.837302 1056.937315 -477.973259 872.502166 176.763268 -307.902109 541.428327 -83.865029 -755.523127 602.363453 -466.303109 654.407819 107.535201 409.885730 204.704679 91.659663 237.394957 399.672058 160.341667 -7.707988 1070.584150 192.702867 143.907880 65.811497 -299.282319 -279.975185 -160.943928 -348.168874 447.019064 229.447163 -456.072563 168.160713 -327.431301 158.232599 -362.810215 -106.218256 514.605237 75.836593 745.908546 222.099665 -149.282711 261.723695 -250.450766 -824.014946 783.534734 -73.416811 381.213151 -349.820428 274.633486 433.724731 -631.526119 200.464584 601.322356 274.969864 183.030683 447.243722 252.556184 208.546629 154.777435 403.395639 -70.975448 -139.986339 206.844228 15.336348 738.569816 -412.406604 293.927204 256.623394 717.482902 -452.347912 166.647453 -1089.469454 723.344429 -130.966997 -366.126069 118.350681 152.860786 888.538615 -219.135570 735.457170 690.552868 -189.662275 693.642271 101.812232 447.717605 73.896957 132.265896 -465.381799 316.610637 296.698473 -123.833751 -245.685277 136.841820 -115.174221 285.765316 442.519716 -915.649794 759.357723 -52.411286 -170.886605 535.639860 162.333546 546.994678 -663.383485 -153.423204 -92.562769 29.413685 618.100197 -629.578127 -465.943602 -313.730458 -110.763494 1.798788 294.518479 193.568469 -424.229337 -428.975512 576.664004 -522.699636 779.820221 -219.985284 -668.639617 -467.617805 31.956263 110.405849 175.796171 530.071648
-71.809409 157.852038 -424.951323 291.902246 107.984101 180.406966 -728.878488 653.748043 -217.779273 -499.986057 308.593805 -463.172062 -60.229408 -174.871202 109.467196 -844.490469 -595.662729 100.465129 124.825682 89.007000 847.081999 -624.161305 307.549755 -579.728764 263.399574 458.499993 318.700103 -252.400513 573.915811 -65.086160 -34.513988 -933.969043 486.142739 -282.383921 -1117.645645 -3.346914 110.686863 506.234261 -447.833769 60.605445 -461.360485 87.041969 -559.841585 38.291528 -777.203069 399.230503 615.693609 -521.584493 459.290990 -651.719484 -318.992164 -40.274771 89.858078 -269.832530 893.965719 -467.274227 -252.992648 507.391839 -14.781823 -491.750401 -450.023601 879.334707 -281.608206 -814.331258 2.886984 304.893232 449.674888 -130.840325 386.552095 183.467380 12.476560 105.545621 -324.249450 -238.317536 -590.656887 942.427376 1010.716322 -461.736521 -57.938419 161.182317 -134.532131 143.998952 414.752472 -84.896118 97.505456 42.218670 -468.543179 366.079560 -514.517409 482.298250 -1059.499179 14.681727 109.801220 -87.590728 631.152813 -390.740158 -216.986020 407.997132 1.798051 438.299940 -293.192832 -262.721696 -32.549938 -280.127087 81.390501 18.409188 -16.176593 28.617307 -714.798162 493.892997 111.215182 200.627205 -91.783831 934.084651 312.368476 -813.816536 -104.150097 -389.437572 476.434731 -320.648597 287.651485 -923.897164 -523.767405 -248.741132 -716.823606 97.626808 -46.275728 -467.126920 -36.630730 -702.126930 -386.520292 -79.957276 -589.368016 -815.587698 -391.181623 -428.018358 -581.502284 647.260001 -374.287134 -721.037837 -363.317658 175.085419 158.160028 166.105882 11.725470 757.955223 110.640514 516.970657 -115.013626 882.880005 -299.407330 -1389.304801 113.296447 135.311421 -1009.611475 36.332614 121.212964 -278.749466 728.169330 -101.353576 210.705202 -399.557215 -71.971904 -387.558632 -286.177307 376.859564 -232.459067 -264.958688 562.426513 813.753547 288.747426 -84.078747 -658.878128 500.182146 -767.369551 -17.984487 -523.819297 213.788590 -14.003705 178.723251 232.501875 -499.499207 149.626536 515.801248 -107.986032 -299.500598 -90.318987 272.977310 41.825375 602.851965 450.328258 27.635968 884.172795 -642.287489 -274.503357 210.960533 102.385424 596.335951 816.092795 205.305611
-953.740918 -990.217182 -35.840979 212.398008 323.130091 249.405728 28.129241 -77.188316 -160.661337 -233.060721 8.424545 819.149259 -93.363919 148.364718 413.002749 -633.348422 839.867429 -344.038768 -568.015815 576.406094 -351.431381 445.294275 -1016.461275 -886.780599 -638.203750 644.065413 653.621833 -1016.909378 -184.360169 -144.786054 208.491471 -119.847821 -431.596286 67.719007 -208.103634 345.722118 -394.134945 375.297467 11.634142 241.617333 -803.689615 -221.941950 169.242888 -178.191018 295.509475 102.899645 -529.682655 -534.937448 -63.277856 94.705549 75.914836 144.965792 -194.643491 645.250593 42.569135 -220.133302 -369.621613 -233.281002 272.170012 -96.505455 405.863011 884.084720 264.979849 456.068173 -43.447631 -165.795837 618.136573 -80.795682 -1361.170637 232.561532 -344.143859 -666.527035 -264.443197 -82.259968 186.791922 -50.940392 -136.187995 281.879865 226.033171 -573.946100 86.525842 -234.458936 717.858228 393.598015 350.841339 245.814482 1213.913806 222.362657 52.284694 319.584239 -100.928970 -363.423267 64.760966 579.556852 70.731875 -395.532035 294.636533 -901.823748 652.591267 -272.685844 837.628726 715.397924 -15.936946 -25.384917 -172.285158 -863.542230 93.238473 253.608508 147.366421 351.149954 562.069424 716.657058 86.657623 -164.551317 -501.136695 33.483804 536.608759 26.189305 -1126.735720 66.268848 960.034899 786.217611 272.960690 594.845496 -224.912645 387.447443 -237.419718 -403.319005 -406.964834 -204.706458 518.161111 267.322821 465.677032 795.465114 -79.668473 -40.679137 294.702769 747.723860 342.144886 -589.765798 -259.124383 303.175494 239.551124 616.195078 337.655489 -434.553464 -299.397885 245.216322 316.111731 -593.736372 718.253090 -711.874473 1160.947946 -147.686989 440.373997 -344.602807 -576.561980 -598.009447 156.279144 222.312042 -269.384532 -800.997273 -473.313032 -297.793308 228.063601 215.799772 -579.563260 -84.806671 93.459929 -407.042926 -16.138226 70.298203 755.784896 -175.470922 -596.872143 -182.223143 203.368781 -107.231546 171.330906 39.641604 -142.406259 -405.191852 175.102942 -1.412676 -521.393600 198.522091 280.426038 235.417370 53.886792 68.394226 -321.179498 118.262258 -998.514197 -443.369742 -572.425829 -364.851310 -438.953146 -304.146984 152.957415 -494.205832
519.995383 27.082927 293.948756 373.804588 1049.337235 -39.946730 985.923991 -216.234548 219.106945 -610.830408 236.037293 -684.592994 431.946443 -97.904661 -589.803072 -296.730865 601.210210 -65.165992 1091.945593 -412.807874 -412.294593 -747.383985 399.564262 -70.508955 -157.200721 473.724413 461.796459 -68.256273 103.470877 -404.352476 -11.481505 615.697332 -648.350893 203.348190 463.769675 73.907322 1535.380830 -784.327196 202.324543 -500.139491 568.768096 -219.611728 154.058850 84.137237 325.635886 10.776317 543.232382 378.857968 198.918221 -110.550645 -1029.721948 -656.820632 190.594321 308.996820 -1082.341716 456.205465 -600.936210 325.864716 -772.617453 329.056796 -187.832680 -67.038483 375.933675 -89.309413 215.997537 -66.150304 430.900476 -167.033566 -488.705187 -1062.673234 606.289977 -473.852482 -1072.077038 -221.439905 85.610573 196.726792 -376.105478 -506.091716 67.271415 -35.119548 -434.508261 124.744301 293.439969 -785.347247 -300.000143 -1101.204879 -100.993064 -761.105906 -35.292052 -12.660957 -433.716519 -44.878638 1.850285 -252.703069 478.414795 54.278311 213.640540 31.940754 512.268458 -197.819849 55.633533 -603.469881 637.964235 -306.435424 556.729896 -170.273996 -524.795300 -82.612799 287.072821 196.755176 215.544558 -644.293614 4.036347 -371.238392 -576.500103 530.500080 -436.165276 -362.202109 -15.539855 -105.417217 -4.342429 382.398575 186.131000 -1299.432184 204.581570 2.258504 -198.125344 627.883038 1424.792845 69.152144 53.200250 1238.948527 699.696181 822.123373 614.555021 -658.850951 -129.347524 -466.515035 -722.422872 -266.372901 317.847366 -8.376342 626.163141 33.067855 -6.611199 -219.071056 331.462892 -344.761936 682.052602 -376.315940 -337.475235 29.771100 50.151984 -211.184795 519.806657 -65.680449 3.643418 -193.133746 -326.394389 198.027689 -559.419735 634.985506 -156.688727 503.146440 81.286979 -99.961830 497.159510 351.091397 31.221798 60.078817 -432.397844 4.144391 -138.813996 445.597371 67.491372 466.866873 5.136698 57.141536 -365.856932 643.450352 -252.630806 433.108262 -200.337593 -171.261692 13.204128 349.566411 692.993017 738.544373 -1011.190396 -435.099963 -256.569927 -391.006131 -252.471521 845.338098 82.455360 -58.834236 -58.054802 -169.423083 58.705897 -74.638198
127.257889 -488.490968 -477.107974 -660.747003 141.556580 -125.461972 -73.237579 358.858371 682.530791 153.773151 -93.294100 -267.784521 274.624191 -128.618025 383.828902 28.969025 1376.663850 586.990025 513.252919 192.886881 766.748987 -550.676695 83.909243 335.779272 -84.781827 -282.694224 -693.027071 -105.444071 -832.218525 -138.109987 -357.251915 -283.659790 653.469365 -549.247439 -37.141427 -326.749461 946.079821 -1173.996615 -690.044230 897.664281 -578.701446 18.750419 413.554435 -891.050769 367.648939 678.643940 -515.495611 37.236305 262.640296 429.658678 663.289322 416.027452 431.265371 -297.099950 96.980060 -33.785351 -94.024079 -390.321194 254.524052 -763.195191 -137.652514 214.963720 4.395955 560.184663 -452.386528 -83.653605 -7.444547 -115.427990 -239.497953 -340.796003 209.664531 624.350347 501.950265 -672.608248 860.014348 17.265239 -260.488074 18.099428 435.842506 -968.071526 -88.539982 -270.732478 474.112109 -239.555173 40.482254 158.183646 208.150666 -221.898783 19.937929 579.622783 -1115.746096 341.592383 1082.141124 -80.850419 290.933670 -314.146927 -511.794624 87.006349 -101.098875 127.793359 179.222087 606.785035 612.407133 131.876771 100.449347 -532.568184 -666.549109 281.084975 -357.060735 210.683835 412.266290 377.162928 101.954651 484.283519 973.370091 -526.781205 -934.959719 416.337149 -848.071172 -526.620318 -640.149859 402.201015 634.501990 -4.197313 540.539570 44.890659 -760.714312 252.936043 -408.756302 661.124709 -950.978852 -424.155592 126.602414 278.735767 287.973712 602.227208 -757.513088 -255.447849 -796.673589 191.991447 529.332316 -65.949638 -579.517032 317.507211 211.565031 -92.609695 -88.151369 -1065.121261 -1054.008856 -330.213966 87.191414 655.796294 605.927613 679.084462 657.996057 -157.460947 1000.051620 180.150706 -268.859596 329.395534 -302.612927 -224.563825 421.017031 512.286112 104.351357 149.040316 -976.841828 -667.315042 802.916270 -179.441810 510.908070 52.214080 720.677767 572.919996 -24.984990 -324.709745 -201.659286 714.753282 254.560647 -144.004501 -984.479591 120.822291 509.450353 -633.717037 22.846654 -151.602697 -56.053244 -907.488455 -349.954201 -315.234859 170.323968 -60.050449 -134.663766 829.646549 -493.805734 -118.031024 235.792476 -279.269532 -637.300498 21.235764
-63.661858 -59.498033 -423.698950 -1029.900121 -70.094484 -152.750425 -1577.078191 237.405105 -93.687799 -42.917409 562.151500 -217.919445 816.963258 -315.172134 426.015564 -11.841071 439.998474 -262.770589 -745.133666 -539.392377 -36.686259 -548.395014 675.307250 -390.803904 584.587658 753.765528 134.647479 520.299333 33.902428 48.399810 -3.331829 -962.607584 -167.584223 -824.704111 -192.621212 404.102861 395.465411 -536.052942 97.694461 -658.763504 445.466467 13.066293 179.956275 1436.253493 226.212344 254.814480 930.039651 160.469981 744.997222 -549.709744 -145.947469 -326.380073 -442.399612 926.619775 283.632414 481.001525 -16.694090 -810.316843 -558.680854 -67.661486 -329.819079 -796.624857 548.918286 312.958962 -45.675232 -81.830717 -276.217701 -242.196383 487.456829 -43.342917 -441.671552 -988.953364 -394.936592 518.153482 241.472674 314.165197 922.269000 713.040637 281.196898 -1164.562395 -22.034332 -175.833978 681.513848 -117.333727 -247.136089 134.811137 -492.097025 120.323121 386.021705 23.176974 -327.794743 558.408964 -213.542246 921.440306 577.600064 173.239953 -438.598609 -476.031642 148.006722 289.202542 -368.753730 -326.713914 318.067265 -209.789833 -34.842034 -132.463728 91.923833 387.424396 654.675551 -636.070048 185.890121 144.487317 -311.749320 -372.857533 191.439068 294.886394 -216.940927 -370.636715 -328.376732 73.029848 210.799701 176.549194 260.535232 -81.999534 507.737952 119.821536 -801.430509 394.190773 -182.486280 -892.807138 -190.349768 -855.612665 -232.183508 -350.308561 -695.170731 549.769321 499.625200 -17.848994 -262.104041 -230.304131 -225.179679 296.690786 -320.817878 -394.808835 307.590171 -57.048026 -268.483510 -627.483412 -554.154250 -316.927672 -327.466971 450.518847 97.142956 -282.085921 -300.778396 140.152254 -697.042676 -220.950470 -694.572236 110.033623 499.310295 -58.893462 571.487373 -136.740200 -1124.952009 498.598711 242.285409 234.182150 249.582767 228.984624 -724.420268 -407.388612 -30.795408 537.660948 -78.182744 999.694849 841.442487 -12.157084 -265.993150 93.630773 -331.067679 -229.914159 6.970300 277.868487 -283.161628 -320.886642 -19.018230 -1040.405268 -120.096925 438.842413 444.501538 482.082903 -326.382262 -606.253348 -212.228567 133.749629 -287.200254 913.593632 -1.511423 512.078293
544.392755 51.380810 454.625167 -708.222317 279.585689 450.697207 1094.248504 166.405048 -41.979491 -260.023684 -86.726922 -336.290390 -368.091253 -253.342131 -216.348757 -502.513782 -159.895397 -911.719318 -92.165552 313.778315 376.095431 -932.423888 -160.285131 52.136200 -121.492909 -173.312562 -210.485346 -236.458095 -797.225161 -596.440681 365.014247 461.956822 -54.200815 -612.275188 176.325625 -127.585330 -503.473602 -407.404393 164.332553 1057.456504 99.532926 -540.620356 217.116130 -448.357030 692.094159 1006.241196 -229.495097 -410.172325 173.722082 -484.128332 118.469372 -501.110098 1098.939286 -373.855696 716.361256 -595.306299 246.556566 68.304617 -432.261329 552.685727 -513.976782 -396.403723 -277.097518 -1415.167881 -635.921931 121.665202 -605.188352 -215.249352 -312.639593 712.242245 -681.239853 -369.647119 902.857499 -639.563555 546.516143 -258.527055 -252.148892 -553.562435 152.975103 -832.515886 303.494278 175.013863 -2.548498 -177.204739 207.459891 -446.536002 1083.355298 21.921540 -611.344888 -548.106788 -53.492055 -508.488010 -759.115606 -746.690217 366.142622 359.010929 -414.616212 -635.720493 566.102057 24.910794 -12.775456 230.123218 51.171105 128.362295 252.542914 543.882286 192.085090 28.156858 381.395568 -1073.504714 -353.672439 -109.348017 -229.942035 -93.507753 1172.976597 -159.167645 247.106238 373.537221 -733.070672 712.549299 458.136013 -877.958568 -443.520316 109.439665 54.276036 100.784575 -781.747535 -562.423677 462.049933 15.633265 -443.414738 481.021332 -68.901795 -336.685633 -699.160774 790.008529 357.922862 829.263140 411.573742 520.521786 1174.441753 -626.902067 271.435155 419.980454 445.888487 609.752633 431.272792 211.904650 -74.359408 532.709395 -40.354321 -621.358170 52.978596 128.610818 -96.473101 -278.515800 299.612003 -734.126414 -462.762820 -67.754108 -927.258742 -140.274752 -256.067535 392.569203 -395.224946 -188.674561 1182.628516 -339.995304 -261.449217 606.507642 70.476928 1070.418714 42.569483 925.038382 623.236974 307.851930 -472.594518 54.704377 215.120247 -442.468487 -229.997307 -332.021328 -33.191492 -10.218387 513.874310 8.846106 -206.711862 -383.060232 78.315868 174.193521 447.889204 251.643987 -288.704377 727.088003 579.063483 -394.761191 -393.378010 -1205.203267 700.248934 345.657592
-458.180951 -148.263971 1423.057312 -276.636501 -960.383421 67.285654 229.102098 363.584287 -577.839152 -382.202842 -197.909199 -302.206395 398.146755 -294.812664 -1017.194863 -152.990522 -801.150224 191.610242 607.356126 -540.454526 561.121063 787.882128 239.622921 455.135487 252.585692 321.750504 823.535347 -143.051774 156.370919 395.238169 -579.542776 933.331297 -404.315673 16.891593 437.343135 -389.606833 413.894350 525.765641 354.754959 324.523572 200.119275 171.235307 121.391422 721.587273 -360.822888 -80.449151 396.515726 306.569324 45.527137 849.639640 102.028630 -422.986990 211.142656 -35.364696 -303.927327 -92.286430 83.639089 34.769567 -955.162132 -207.240690 -341.349458 551.848726 -153.100059 -1267.525242 413.483525 477.254632 524.069065 517.034691 -235.211834 -1012.697847 251.788743 -725.721163 -152.588781 -427.004057 323.136054 300.042580 378.247771 284.237698 -143.937743 -620.415518 -445.537449 48.722416 -510.455000 160.352945 360.382170 -119.725456 606.675612 167.772283 260.932278 -597.770590 -999.455713 35.054324 22.375349 4.832893 -451.966512 160.158495 64.303420 -626.500446 287.407163 36.634201 -427.760783 509.537135 -32.528786 692.567184 13.321269 -214.157472 -505.262135 -1183.809645 380.136904 398.442895 613.361460 -846.017856 -456.002284 -1243.805522 136.638470 1378.217705 239.275348 561.760763 -704.431859 -64.693902 -757.792233 631.426371 851.222442 -354.245783 405.518941 718.934026 414.868715 -619.556168 239.479346 337.693305 -657.874369 119.885001 -283.460201 726.021557 -131.722419 -243.225588 74.258950 -795.508864 -1008.354452 -120.758167 -128.864190 -464.451163 -370.464751 531.133455 -657.929801 -807.914864 123.049254 553.963608 96.947198 652.906621 -717.832060 85.872406 216.261420 -582.052006 -307.233965 251.515428 -461.607071 -912.782319 -598.738125 568.503450 -659.106637 -91.661293 11.643606 197.743166 129.334063 -655.954146 269.011641 75.157899 95.258149 -156.944493 -7.792631 -158.717078 -83.063310 1.982357 551.896432 277.617969 123.756653 277.059082 474.962225 -459.550483 1004.438097 -754.970199 184.437336 -348.599442 25.921678 731.253939 -629.142824 -640.696384 -607.190334 -739.174112 -386.102860 -500.161306 289.558888 -466.280368 138.810063 -1018.826618 172.416133 -223.430388 1000.818334 -1245.877208
9.319787 -261.600350 661.758823 -501.333083 173.101696 4.032280 76.713031 -175.662707 260.455749 -88.068758 -832.887260 157.560314 -1374.571066 741.089188 270.559835 72.382406 303.011020 -203.878405 -896.458427 658.591008 -223.680736 -1041.766255 -456.588241 -769.829768 -226.970432 -81.053888 -310.486303 694.419089 -301.247022 369.446801 -196.764204 -189.795281 -30.149044 -115.983075 -315.797077 -517.799802 -702.547096 346.149328 3.964763 -1049.503174 -214.628437 -515.586582 191.828113 784.222136 362.051516 197.293753 -323.806913 -561.980182 402.889510 519.716383 364.463948 -2.866920 1156.845583 -214.240964 -56.015101 -383.608766 -547.479702 -15.761061 -64.445086 -403.101425 401.337545 -98.535029 -311.310419 -371.790803 328.324126 425.958300 46.022494 -197.485613 565.183326 -52.072057 -811.803866 613.050908 -66.241577 -472.820895 -535.107757 -389.199496 -422.128571 -83.227321 14.860192 -472.241081 44.630204 -456.193676 -865.008814 441.982409 532.675706 -682.020946 102.945358 -92.185942 176.410806 240.245917 325.614722 -10.535138 -170.766068 266.330013 -427.251811 -824.101487 -1041.741896 -610.081545 379.798391 -14.154860 662.759645 -150.862155 349.393537 49.332343 436.005519 -705.106664 117.001316 -873.151700 -207.224219 919.350339 -18.373751 525.711182 -164.946578 -829.975805 -749.513523 339.457748 264.904722 -315.011874 -302.764958 292.566590 1651.296794 376.390139 229.828716 -759.875795 308.733562 509.372301 -205.960520 529.989163 -30.765566 110.398793 -649.307115 900.498146 1214.825812 862.421755 -372.826868 -300.922169 -6.846950 654.630177 -944.233137 120.551611 -370.342706 551.806501 20.783890 51.577987 -64.429207 41.715774 183.752050 -478.461796 -40.170557 -341.308552 -260.291234 46.183529 164.789007 293.021492 43.282759 549.264011 -630.330483 -156.631854 499.485051 -624.332790 -81.928188 -110.855338 247.615814 -245.521806 -6.839391 -20.919387 54.181583 496.379127 322.187444 388.210791 -357.532244 -23.424991 458.090377 -625.188109 511.856762 -126.862114 -82.652878 -984.117446 -393.245211 -308.739715 755.008984 389.726086 -444.721460 -232.198723 -329.510906 485.938678 -709.866159 -561.829363 -20.585843 30.439711 486.907829 60.534491 -620.000771 -179.139009 -346.300954 -246.699255 60.053626 205.190588 195.998644 200.569604
-284.118533 84.410492 2.543157 -915.140779 -169.360543 -177.649987 -312.002949 176.186901 65.197265 -336.391686 163.803215 -48.650625 464.473179 -167.280172 -84.236683 -648.100992 78.825902 628.390236 103.293086 -331.373465 59.368636 35.363730 -550.520275 -495.211143 -100.161511 152.087371 1462.025909 -286.846430 122.809847 -365.924553 445.836747 132.651720 -608.011995 471.867866 462.157869 -346.181529 -853.570512 223.136879 -411.669252 129.256552 1029.229373 -1104.524261 231.923612 497.159964 -327.722961 -230.578488 -782.100946 227.624543 -39.844760 -276.531639 1118.173545 -188.946945 421.463823 410.143775 -530.755826 615.686454 -836.100532 356.667399 -782.555971 964.223330 -400.205888 274.588173 268.378470 -213.279693 438.148313 -338.792366 584.279285 -264.262467 -89.578823 1087.375318 -245.965673 82.374459 -179.134680 486.893586 -93.010378 -244.909128 396.807738 321.983507 -466.084418 990.710608 306.626243 698.859489 -806.874371 -29.577125 660.598223 -584.743532 -353.493545 -21.837396 665.642460 -27.266363 851.140458 402.516550 89.231054 -254.379667 148.649252 -454.779446 409.181240 -513.154619 -821.062328 -101.871368 14.089985 93.371142 -363.991301 -15.347866 -428.378422 -27.733413 470.491517 20.568460 996.080676 -44.539202 -818.421783 297.069583 -379.974420 -253.931607 202.898513 214.278114 -262.359800 1210.523044 420.415630 -721.913186 -297.838920 -233.074792 148.990504 -341.258973 -222.031204 -231.050480 -222.513294 -575.512174 964.125826 -79.088743 57.999903 -327.105169 950.010786 80.252986 -567.669948 -185.037698 146.761184 -606.762895 438.474336 174.905906 -651.863199 824.214835 295.206981 57.143712 -86.052622 -534.490792 -101.078912 112.886934 258.653315 651.615431 154.455508 97.981772 -109.250283 -813.182882 -833.725104 298.723875 195.400564 332.702036 -43.475968 48.017424 -397.930426 -36.359215 292.952715 148.060156 133.538673 286.740666 353.616024 679.968706 -154.457450 -521.117071 -781.583556 -425.483774 -138.232969 -280.889570 836.217116 -299.594857 484.812588 -349.679922 718.210779 -163.667604 513.801978 -34.779197 262.361666 441.330757 421.740920 234.038632 31.225035 -653.463285 -1046.363023 -686.612153 647.684082 -458.140339 -134.745793 -772.867485 -283.846620 -258.572252 -256.845200 234.531686 -411.114151 -1082.888848
-649.264323 -136.579559 155.239036 97.936011 -143.953534 907.392922 -236.896614 216.180061 -392.802984 618.935507 714.681706 -273.891291 755.026586 219.999976 329.348710 771.992675 -268.355396 -208.190383 -471.771591 -93.727904 -251.406041 409.032782 -580.666762 187.826517 -284.048511 -964.092567 588.284491 193.965291 644.165506 178.160874 -458.892299 347.429471 43.306267 -973.689654 200.744487 343.990520 -659.174564 367.107702 680.399937 372.561825 -249.354661 -564.930517 -419.113325 41.804151 -1061.340354 177.209977 -0.628540 43.128744 -10.354426 29.370294 769.291702 804.108595 -206.733235 14.604995 -980.810740 134.496277 -397.169921 -1086.411694 545.547505 -835.355564 -363.946451 840.291353 -540.134914 -149.528448 -62.078416 417.777542 586.977546 135.626167 335.287199 342.877839 -764.854768 -735.917404 222.066331 -270.897080 -460.207121 56.273161 446.445340 633.383905 -470.208756 88.064190 595.822466 -1025.616863 278.952557 803.361809 -397.677238 243.332109 132.713794 252.862010 24.117210 -245.378661 -746.356774 -1113.647156 593.341128 -251.133882 -646.375708 1467.392793 254.375578 238.624420 -1157.675883 304.662539 431.114831 1078.512404 -367.264712 506.067924 -316.946054 -208.436292 407.257682 -299.478410 -282.391734 28.294310 -484.577572 307.503257 -411.338643 1180.751671 -555.819483 -164.230438 -159.187941 650.112687 462.619119 -196.675775 57.108862 148.843448 46.353005 -184.688854 375.805564 -239.083783 -251.306914 519.608215 -968.071981 74.739153 178.565927 -371.716473 -355.159963 800.624231 -570.786020 435.297024 92.227073 -452.443943 341.988383 -1.060978 213.980411 -299.612460 59.276633 38.705069 -247.343357 681.643620 -754.425640 -165.785441 -190.798546 226.266231 -196.300892 760.051796 476.581921 345.339411 171.078806 -129.136877 -428.923263 82.898368 -452.959145 -149.473246 135.338467 -506.239076 444.792558 -14.689725 1201.264888 -588.196118 108.587311 -27.145461 -95.382419 -1286.802737 492.650958 -353.840092 -218.544584 551.774485 1.156372 500.804665 -238.232685 725.075570 -251.128136 -678.151625 1.537593 -616.229552 274.216991 188.525598 117.937961 -477.148948 -421.785474 -343.914341 160.726662 734.952526 518.843732 855.309123 216.877276 -35.431677 227.959494 -200.594559 -451.879205 105.802606 219.773127 -859.472936
-880.705199 -228.580545 121.775990 -246.985366 375.797305 380.984409 501.788994 -49.891581 184.528060 -148.670811 -446.542307 61.739078 1109.888960 -356.767897 322.334748 -450.711896 291.553728 -386.112608 527.713081 196.126072 95.041122 621.060216 596.970158 515.806819 -304.154525 834.638744 16.290378 -55.951170 -485.969383 208.822628 -181.818968 -137.927994 -1016.376966 -440.933333 426.726610 27.155561 181.638442 -85.418225 -286.086156 -146.061854 -650.572664 -325.939681 660.715960 -110.613543 -559.336079 243.606289 -381.689789 158.973493 -182.694115 94.174739 311.853611 -30.660126 686.577022 500.346552 92.161698 -1098.659594 300.418348 27.697987 -208.049513 -404.755145 856.414213 -76.464682 130.714810 -392.616731 -774.947529 77.567831 -603.425087 -198.286991 27.090186 -765.505961 345.572546 101.537110 -340.325977 -132.187445 206.617938 966.933347 762.669134 -20.747712 -194.966817 -369.934879 -803.016298 438.960447 -303.562749 273.943120 -819.118920 317.954232 150.161202 31.214469 -185.474347 251.688916 -628.413538 -996.542640 38.149669 -44.789785 -1009.715982 681.290116 158.619237 -153.598403 679.803487 -397.756988 -53.868436 163.425558 6.886689 -24.013637 -173.334129 -73.384575 -62.431192 385.349246 -689.475718 224.892352 -72.668818 213.386786 494.430976 -359.714229 -1090.515163 384.883768 125.103297 -544.863383 319.544107 -117.857698 -518.542764 184.865435 746.372457 -169.623121 290.716119 11.705368 -1012.410644 712.817787 1214.089935 -754.493940 220.848912 7.106793 1.849639 268.747673 -319.589652 -43.305109 -263.162033 -642.367225 -351.529377 -771.446774 245.986446 -32.052660 757.236823 220.374893 158.649032 -159.763650 -83.698956 -126.472054 425.981191 263.916490 -188.498088 -167.263367 61.772213 219.537033 -249.736266 -198.358516 -424.506617 -115.334494 185.699570 339.571559 150.914308 241.465119 -358.847312 346.719012 65.031867 751.563708 -586.733853 -245.959891 -170.871514 -216.270944 -159.150116 130.872133 337.245630 674.638996 -58.392862 -864.837275 -443.258008 548.675404 -532.531141 -142.482700 547.906040 348.707649 150.094140 215.863006 -369.634748 20.466829 -72.120621 58.238393 -638.113996 311.246416 235.478081 -297.655436 591.456779 -304.188411 682.696146 -121.049060 -425.666776 342.466202 489.543079 14.450340
-408.784222 391.501403 -1148.539063 -902.505247 797.502665 299.348220 15.192819 132.923003 264.016616 357.016251 193.484800 -338.623104 368.901375 929.036782 -73.729532 -253.446440 -258.339852 242.336928 120.848815 102.000056 235.373957 -320.028856 214.073843 -301.954860 -441.409140 561.077400 304.461718 -77.988841 -132.460984 -529.633260 -688.188581 -217.568182 -356.979245 -234.121984 -234.330457 462.270350 194.434522 305.300231 -913.494731 -591.365920 -493.750136 533.214420 -283.268622 753.217136 -567.059884 17.269049 439.529372 -1057.962432 -74.956923 -409.222687 -588.109930 -368.580051 716.498949 467.205823 -731.047972 -863.606701 -643.910671 -389.451306 217.573795 -178.331826 -306.086048 198.036520 -631.079176 304.170220 300.994238 262.190855 527.439165 -282.268221 268.440693 -939.828560 -306.036126 -752.809622 540.194298 7.747983 -84.896198 624.925955 87.114724 -759.630891 109.558506 292.303888 439.907585 49.020157 -92.242066 371.630397 148.061865 -231.019057 243.019942 -586.990557 -607.076304 360.085093 429.561071 -307.293217 471.221239 286.775987 390.861403 -118.629969 -176.408988 233.628474 558.267642 -273.792440 268.117412 -1160.671007 -233.022592 140.295300 605.494468 -457.407214 316.015031 -269.822167 -413.867302 1121.035265 113.164439 170.007129 217.942000 303.657307 227.729811 188.614046 633.263225 508.466854 -493.960194 527.074947 899.222224 1570.761040 674.975027 -1148.039631 -196.181096 -117.272209 -99.793317 564.543740 249.292448 33.691078 -420.400983 789.368523 140.590355 73.299027 -201.126404 -307.951328 -642.745804 450.001640 -328.383757 462.978621 360.049314 639.547594 349.889469 577.934482 149.595901 9.272381 352.194702 152.791466 996.606135 110.899229 2.168673 170.668582 1156.675529 605.044206 -179.144413 -889.485808 -1127.063652 -1.593484 351.192395 -384.000159 -529.316364 -397.386473 -422.867089 -294.104629 -389.690182 -1007.809212 -70.931664 258.040871 -313.020196 -250.360486 -124.440815 303.445442 489.479774 537.662567 -32.071602 140.923456 83.633229 -79.630624 -229.027312 181.810135 480.038310 -410.449264 -13.489798 192.006754 268.648718 491.776381 539.322176 815.355230 -643.958852 -70.245472 171.699677 1010.144714 -508.764458 -474.084934 121.698824 -472.194648 421.239428 -353.620657 -180.253512 -77.524185
324.530208 -973.728225 656.600234 -89.985032 839.399005 649.382472 -72.442823 -815.034051 -399.203026 -567.326236 -735.485419 -87.016191 -368.783650 794.659446 -82.836832 -246.439158 515.490179 -12.111060 75.355545 -731.172223 -651.622706 0.500020 -396.101355 367.223179 334.322757 -604.905675 -254.658602 97.642147 -232.451159 -81.227310 -335.962616 419.128821 244.706575 -719.076824 234.778778 223.097400 -144.077484 36.057689 -575.832086 141.947353 -583.169572 -127.817696 537.215457 -285.421872 -214.940589 98.491620 306.049776 -300.549331 -405.475492 632.170858 360.025564 -100.936747 154.020935 -913.055307 -147.549453 371.596645 -827.612795 -164.382158 -837.604348 285.775196 187.708713 146.304220 -209.688147 -359.209148 -157.316486 -79.829587 279.154162 80.368235 158.468016 953.010550 -906.895260 861.485101 -688.169140 433.783305 -720.318478 -643.901314 -348.243069 656.043885 -105.962333 -142.196570 301.369877 483.699123 606.214973 -516.483268 -68.976731 -149.403768 288.329875 -529.537903 193.704389 129.166104 -152.759569 -424.329991 -493.856726 -117.267705 -622.290611 212.813406 -711.622356 640.564703 559.339769 -451.641245 9.855585 504.566928 -245.148166 715.319161 -408.781795 -44.932970 -724.860597 -363.625062 832.706607 900.848697 662.784845 579.607592 -319.371047 -97.157897 -862.776841 -540.789219 -63.835637 -145.657506 -570.464491 -284.804792 -102.036665 -264.542618 -94.454490 475.045730 426.215076 -663.199291 579.850446 -107.449849 -245.453229 38.584891 -91.467170 -699.120006 -412.610692 -477.449072 -414.453483 832.088622 629.334656 129.385030 -311.766291 515.119773 70.989246 -996.310458 -50.075139 120.213575 -178.350226 -572.622497 -936.950205 -268.806690 -380.118450 606.259127 -268.762275 312.574151 431.953339 43.189735 2.784895 -325.161010 400.436571 -320.598483 -544.771603 42.558350 564.762337 442.844816 65.858810 49.778172 -469.825020 9.646157 -233.050035 -654.902628 282.676863 236.982631 488.942427 395.276729 163.847055 -513.954189 -413.241451 -430.881394 -440.908967 506.296775 629.555373 -259.257108 -443.676423 332.840373 -549.715122 -135.755669 -83.429657 40.189712 -534.976993 -100.943650 524.145787 -467.695045 27.411281 -470.022098 183.492269 494.545233 -55.130627 -316.436475 54.619866 33.570446 365.629834 499.892445
39.138402 160.044436 90.056566 304.552792 685.914909 -998.716835 -110.637036 -95.524019 604.958494 691.319082 -351.165293 -137.306186 -217.273445 -439.317918 -669.370792 184.178872 187.289689 575.639790 -416.408691 500.941456 -438.664436 312.420274 247.980497 348.862027 -527.899326 195.358894 -667.051001 -204.178620 468.209466 777.106095 -117.285138 417.252813 -422.253878 45.206046 238.962022 -232.433125 -66.201304 -553.438306 -399.064842 113.438612 305.748206 -410.353990 382.912393 -449.360548 88.485600 -745.707840 -408.856363 204.972988 104.057099 -170.778687 114.348001 -828.179805 646.684145 280.336822 613.693411 -170.143992 283.131629 382.588017 230.642288 153.939958 1018.124305 -285.137133 193.852824 788.655953 -420.556426 314.980971 -509.921221 -338.000821 -501.605606 379.718461 -886.339690 184.717367 189.207836 297.197928 368.643727 -727.053030 -182.658170 211.570768 243.452827 710.388222 -814.842904 345.313030 -511.064438 -348.272059 -56.766723 -224.404092 -528.651133 57.904423 8.063551 -176.497797 -331.904312 903.333974 57.854882 -27.149261 388.154492 -239.625703 -215.504167 -243.081882 69.912056 315.111064 378.566881 656.869114 -3.011687 148.546475 112.791978 284.266060 -756.491543 145.294976 4.928843 954.113933 315.511776 263.875398 453.282648 82.687900 416.798338 731.095166 -113.740920 -744.329591 -402.328780 -424.809661 91.623597 -226.090505 429.972689 -537.345432 158.559862 532.168426 39.588593 88.726201 -6.153391 346.757928 267.722611 -167.788491 61.501051 128.034723 520.954504 940.430537 -316.094460 137.143400 222.130909 -240.277156 84.852300 -149.000789 216.650521 456.839322 222.573488 -338.894336 -104.584851 -69.070386 -169.842773 -804.673913 114.956045 808.911656 298.020205 151.381579 673.165862 197.347138 181.880201 751.775640 356.010984 466.442125 -584.685602 -362.990229 297.866644 -324.915511 -231.947541 -750.628641 -651.166418 310.130029 -210.792040 -138.125560 -53.735989 26.421999 -679.199173 -613.996960 551.223859 284.683808 223.985351 -93.383863 338.222896 74.535564 -515.863957 -20.060343 45.684581 695.398561 -84.392127 100.876374 -306.840539 173.371333 94.098236 222.977209 -523.614205 -73.818536 -534.549906 -570.929476 -468.446637 1398.823897 588.435774 480.363370 -825.544213 107.392185
-87.916497 234.170387 -5.454443 -36.033431 793.813820 -141.880500 728.239643 605.758454 2.755960 32.146827 510.242430 -49.646840 -525.320582 -71.944166 -58.645901 235.106190 242.785124 286.169566 751.371947 579.735938 -627.756837 -170.822220 -115.005061 -202.547751 448.340953 -553.118787 640.261955 239.931214 309.397442 28.789165 415.313295 361.434764 537.056745 179.101332 -538.416270 -110.752883 -426.839293 -88.926168 386.275393 788.247644 717.167556 -50.320302 -180.403801 185.564380 -449.467920 259.659798 -424.600080 240.674735 494.903438 408.001967 262.965390 -487.897156 261.185010 -517.933326 -443.861276 394.563047 -639.766586 -609.867361 -37.770482 38.557911 -177.585802 -416.944024 -115.571965 57.755417 49.423548 -601.839365 -470.762099 65.247729 334.278013 -111.537452 764.976917 199.003360 -953.609773 -569.184752 320.684849 201.361781 -263.217774 -728.245373 -941.530847 -249.740119 263.179093 137.561940 3.242381 424.509977 405.957639 -396.102255 -166.985872 -531.247349 -477.442750 -187.156720 -424.051038 -499.458362 -811.748877 -527.706647 569.118462 -509.045512 803.661269 1096.234639 255.519031 748.388769 -492.624062 -457.431836 -393.281775 1056.137297 502.793453 39.927209 -1117.263943 -568.287193 -430.158039 61.110188 192.540486 30.366443 526.569129 -258.116234 -356.258467 683.801873 -114.608984 -468.222232 50.892421 135.144646 102.592247 -462.735494 -428.340300 -100.562935 165.916591 318.580362 -137.097418 35.490518 389.574926 5.437880 296.001285 164.560092 -278.556337 -267.430156 320.672532 269.589187 -1.796948 491.390218 -171.117193 -448.528726 -4.785653 -324.954844 758.058097 -168.069112 878.381461 -462.942126 116.005872 -69.175688 166.999685 461.019255 -431.586665 -301.032084 37.444524 646.148198 115.564719 66.675407 477.359681 173.844199 -169.174409 -437.338026 395.820906 98.171478 -23.823793 -616.369784 -560.403218 -37.730411 -118.145315 -298.175892 141.591347 293.704887 350.314038 -137.887116 -405.764894 -89.014859 590.851421 -186.663956 -566.345592 -409.989139 29.644601 992.769043 749.066515 699.051208 79.885387 502.823097 1043.842401 97.472804 380.902379 294.327241 -18.003651 543.191716 -507.612899 -750.834255 -12.156227 78.090795 -645.290251 432.361631 106.077447 -381.345059 -565.096421 -211.974293
-188.477779 408.697524 -178.133821 459.109499 -66.396902 -132.017385 261.938117 604.132977 5.523723 152.786749 766.890869 -457.935663 806.706958 -889.816068 -790.248865 -629.327014 639.107774 230.256570 -1382.766012 -281.219819 -912.650925 121.447804 -95.085055 -551.093070 166.636848 400.589964 -618.279112 325.253342 -750.615422 135.685802 717.183357 244.615906 -473.173072 -27.919549 -608.422999 -271.118124 -228.220143 348.283267 -69.720743 496.502239 198.024630 201.154853 -91.758781 -431.807494 429.338020 -84.618828 709.951697 892.962322 1003.609838 -437.397517 -135.600317 -54.709601 797.667430 -432.747530 451.304194 96.550783 -303.934945 -340.157645 380.439268 -117.446738 -523.402219 296.141013 586.949036 586.104236 251.942053 122.610453 236.546517 -341.521400 462.424579 -103.389521 985.860883 -311.235057 207.590504 685.131002 494.636528 -158.008374 554.647092 313.753301 355.106273 333.152365 260.523365 101.345051 876.136682 -1097.935652 -220.122446 -393.926668 -284.170040 509.577388 -235.180574 -489.336118 411.016268 -398.551867 -119.039955 -324.567740 -277.870052 -338.188163 -386.742767 161.037295 -196.835590 354.147919 369.979277 -681.604373 69.280243 90.678484 446.384683 621.216085 736.990158 296.427728 -165.102580 -166.463549 -52.819271 46.019158 -246.017616 -290.444762 -142.524265 14.762276 -719.902953 146.176596 690.402599 243.625049 -450.442030 -25.268752 -258.604318 -237.756273 105.591714 175.357797 917.577619 463.497955 -570.534384 486.320596 421.210244 -574.090617 328.493051 314.406358 411.104804 -433.427061 465.878738 146.995245 216.290626 -434.802613 -909.457350 514.961252 248.888359 638.582721 615.334906 -619.848313 337.824908 -679.849588 272.228863 -481.991752 271.477668 0.096139 -745.153248 -219.038628 -680.921091 -535.718063 -218.711915 99.989680 -186.366845 -34.212333 74.595193 -14.789343 -515.066914 -8.049489 -596.274713 237.992348 -277.760923 450.261885 360.679750 77.896706 -518.701037 -96.520822 -387.898177 778.807442 -230.496004 164.009601 554.027245 449.373876 186.661696 684.283654 270.129647 -302.033002 -210.011402 699.274080 -485.641777 -137.520171 98.959045 189.611092 747.887693 -43.043764 -286.140790 -28.069316 -417.973201 879.120918 316.179259 617.635262 609.872568 310.933689 -715.400235 -10.943224
-743.962327 -602.578106 603.170343 879.992046 852.465754 -1298.192338 -144.854315 364.541965 -1012.564193 228.639307 -120.973241 59.749749 377.161166 -630.698320 -1.480960 432.049056 -39.705232 93.290206 70.915529 -7.237067 -344.279383 -738.060258 45.583034 -609.453999 -990.924539 950.389675 -411.394878 565.955405 180.222070 296.475347 -950.075999 562.570082 -275.254244 585.230574 -281.147527 557.645309 -218.350962 625.227707 836.019135 -46.548369 31.068091 -758.659814 838.792637 644.871130 610.793972 360.970164 -247.122515 253.149075 -825.894236 365.910225 602.747343 320.443228 148.791950 -0.670340 -1058.138384 397.642557 -284.978604 466.584707 -928.534675 259.172704 388.584784 88.692567 -282.760421 -739.585009 54.835754 194.308959 60.412428 202.974614 344.013613 -39.357153 588.493529 -137.123299 -73.399253 296.329496 552.093727 -265.039105 274.087312 -293.387726 -131.909596 -133.454332 -84.446565 101.760257 -804.824750 -72.130560 -666.900098 259.742192 -46.466246 91.427007 -33.705335 -98.461523 -556.319398 121.253473 -178.411734 95.659410 -33.511108 71.415028 139.639024 -110.379672 -620.581440 -19.340404 7.365995 -408.537865 301.625396 497.126095 -626.915470 149.474090 -510.166555 -74.396498 -190.909720 334.057573 -301.381831 -551.215344 -128.711655 -693.067450 184.051109 1356.274128 -429.625515 -116.626582 1016.283627 583.090970 -183.906304 -433.593848 294.239281 400.146875 274.920621 200.796229 415.735418 233.104959 486.577630 182.714641 -374.652135 278.450371 -34.052305 685.897983 -190.840654 414.055838 -306.287146 74.426661 -358.414757 -910.865966 837.528008 -509.145318 -758.186603 527.355243 190.358657 164.591398 -44.306115 162.347695 387.913502 -378.408534 -522.639356 206.415309 63.185427 -696.438076 5.644580 -40.535375 -356.764658 -662.418677 978.266615 269.177239 100.111692 79.228025 -158.596885 -187.404274 22.424341 -854.272870 -518.630810 347.162105 -465.341821 -277.597608 214.831354 1167.686137 191.038826 228.622344 -253.024084 235.859303 -313.358735 134.427973 537.406835 651.244223 616.068118 -400.966254 215.816293 -245.285018 426.965747 -2.432024 -219.094649 589.965018 154.252201 -389.116429 -157.371737 -374.661778 -229.984086 181.579950 609.690501 -43.362657 -662.557944 -859.283198 -382.020963 -310.405069
153.092091 -660.954368 -188.641268 -371.141328 -911.943079 -1167.403124 -344.548755 102.183997 889.886144 148.029456 -383.157508 516.537430 -600.702375 -515.918234 -94.247804 -564.082637 -223.342212 -688.266146 -356.294277 -253.696060 -251.910366 71.737723 328.999091 -303.127166 242.520592 478.652603 9.796656 41.522821 123.549700 777.559138 268.925236 521.076369 286.680588 634.269045 127.664532 -293.647001 -96.814267 -161.586858 -539.071084 -504.496062 -172.636203 -722.671354 513.895354 304.252644 -400.590691 -559.543506 -241.985165 -173.872362 -138.821704 553.639087 -219.831891 911.032860 -17.638123 662.351534 1246.868601 412.466163 -387.170765 450.976258 648.200193 -277.745346 555.416789 -939.781414 261.087025 379.043192 1051.033931 276.339957 291.716892 -683.921417 -1089.492825 383.421055 105.068856 303.537673 570.277062 25.082114 11.160156 -387.894242 -140.808063 -91.235633 -1.707176 -563.661856 -449.057844 -26.348906 549.676865 324.752679 736.788498 95.248115 306.450732 635.225644 606.798893 -38.216643 -124.315899 265.190331 378.943387 -305.134951 -118.912252 -477.667483 74.938775 -1119.357604 357.501182 386.384454 461.859685 336.221428 648.713426 -154.860609 380.895514 -285.748823 -417.758950 -580.295489 547.630633 488.228606 496.199774 525.796887 -84.636148 208.235746 -47.602079 -446.666761 -84.389621 259.769596 -272.014214 266.096867 -735.422852 20.387981 -69.618021 -203.874872 -514.053884 878.111732 225.984345 -504.528866 76.979443 251.743934 -684.453856 290.080754 939.359331 1.742124 -875.558018 203.203434 256.349710 633.609822 149.067961 288.789359 -46.545274 60.053152 247.889210 250.207337 -379.503837 -962.010370 381.923060 120.007713 -330.059068 207.464021 714.926937 397.913011 783.813768 -59.661570 454.902774 -219.317705 -680.643364 -255.463277 32.633741 183.455511 674.684897 -72.363721 -209.946540 -467.723068 -167.533907 -148.393752 77.911373 -89.092275 320.430760 -87.145211 -890.935404 19.005772 -53.265935 -9.815706 569.552214 622.430873 34.684612 -7.472717 608.508795 -25.568735 -429.204464 -167.808358 476.170402 261.180866 -810.807633 -354.270364 -172.630373 -760.059669 -228.200143 -418.452156 -198.126768 46.237195 -411.845586 -735.869503 -769.757938 330.355502 112.511258 -61.677625 -327.682883 -93.414882
4.177273 158.063452 65.524463 -579.186461 -41.696360 0.603511 644.085412 -78.523723 -636.813268 -553.611515 720.248544 -604.678384 -127.012759 242.328421 -274.435408 883.828484 -416.506301 38.893390 -673.719531 1122.762878 135.707409 778.136058 628.765481 283.828430 -20.325051 562.141073 -785.258373 1013.544729 -471.692503 129.143420 567.656250 523.847059 6.377125 -1057.733387 -421.427447 -470.734086 215.741618 491.893476 79.893663 -268.412970 -1103.502624 -443.947237 -400.523959 90.805648 -355.347933 -933.371852 300.140736 103.203654 319.422181 112.823666 191.155821 -433.050713 -324.519558 -315.002932 450.750971 -465.072608 -1.641696 -469.463126 -506.605322 -288.810521 136.164879 -1532.174193 -501.288248 98.924449 25.162561 -877.740692 -531.447001 -195.067059 748.529020 501.979341 495.885055 146.049122 -185.374328 -167.317278 590.020011 -163.792857 290.663685 669.674809 -26.843846 -831.348405 648.852543 -223.102201 473.749890 -69.725326 -401.846158 581.530460 116.729899 554.245709 513.041754 304.773207 -511.110142 -498.829949 -798.430282 52.047176 -571.043307 -360.229134 -260.412029 -499.884435 -116.255930 -81.330953 186.896040 195.435389 123.981735 323.372886 287.649795 -511.705247 -149.867044 -745.643729 213.486962 -279.430704 -709.708432 -112.391432 686.147971 -942.049137 -299.402797 156.686248 369.495573 -1084.568900 790.718704 927.489015 -122.120052 460.164152 76.236413 -548.019141 336.663449 1148.273556 -236.470923 299.350455 -600.247321 -122.739903 88.995645 -508.785382 -635.934209 703.838839 -540.046932 216.151692 507.081131 519.143455 -180.197333 -164.449969 -170.352878 -575.167338 -43.524172 23.348871 292.965059 115.307628 488.246484 170.096346 20.143443 551.944191 -609.117026 -782.558098 -846.887092 -80.533120 92.404831 -122.395614 -660.864903 82.715725 319.025511 -626.127022 -309.344673 626.015534 145.368482 687.676178 73.852542 -272.612423 -75.968375 -97.696694 -362.003187 145.116563 -433.695960 -264.685601 374.164200 827.825618 489.445331 329.999986 401.552660 424.556850 -442.417756 313.062557 830.495698 -788.252198 -191.479142 1032.816422 -253.605292 -516.666371 -307.768186 -695.036551 146.005312 403.952833 597.810185 712.831122 972.237658 646.377471 625.786487 147.664460 1275.872885 -402.330123 430.989064 -81.434910
86.461561 26.087452 -151.735311 -543.694623 303.863467 -254.851392 -21.115161 -203.383069 -87.350884 240.483369 -198.518322 598.132575 382.176641 30.558919 1544.704970 536.129401 -601.516157 -27.990178 -240.354100 -607.144206 303.200338 -151.186246 -337.157890 354.795071 526.069943 -118.721802 377.514617 323.992166 746.927726 -1260.174686 263.050919 -869.825792 -143.051479 -123.540688 -328.634156 -882.931972 508.835165 -338.347858 173.325881 -317.247382 -671.368578 323.208576 -330.793682 -63.126213 868.846178 -171.722513 -88.562405 -566.291886 246.485079 575.233916 -447.752865 -652.721065 -602.009237 387.671793 57.319276 -486.843465 -61.002736 65.367045 179.641840 969.911051 -308.496665 -396.674142 152.262456 112.034686 -252.397036 288.766820 -446.582450 588.998880 -59.256636 -460.199116 -259.322887 251.524874 313.686137 452.264474 -186.558571 368.207571 -180.412611 -569.270984 659.964013 -908.142606 287.703976 678.745284 -459.554868 153.496394 -474.813687 403.124777 103.225407 -112.984987 841.710789 574.467452 403.864369 621.610145 -664.867775 -231.500000 279.846371 334.846175 -301.723452 -51.284791 1.229945 -134.120082 -180.866838 851.402255 -12.482624 -160.238921 430.607488 -12.743639 333.493446 -563.689958 -300.748962 -39.846102 18.427256 -438.975933 38.105042 10.862807 596.634553 -30.220348 750.371528 211.590951 -383.585918 310.560080 367.870018 -284.356577 -325.451486 377.636781 -1075.400286 323.266787 732.422390 148.732722 -237.428772 -525.544752 -346.918914 504.523403 447.930981 -1003.039671 525.906589 105.175261 -270.391681 -730.036057 385.798159 -267.689095 -300.206190 772.391143 -346.240414 -457.014996 192.050387 -345.860412 -207.712132 387.738226 803.237168 -748.305966 146.723132 -65.160697 -1023.816272 4.400451 -493.239212 235.275648 583.599750 567.329849 291.950908 520.156830 57.572141 -308.557871 -1109.734657 -225.840451 238.866906 182.469004 -230.887107 -884.089341 -427.459311 478.296653 432.949843 898.920194 98.150005 -638.194023 -95.443967 -752.486520 630.095025 351.802416 -589.400468 -196.964866 133.714709 580.536581 -54.739273 -557.488726 445.748738 895.647295 -159.989723 -538.661547 -3.467384 443.686998 68.725096 938.833575 -509.807810 -140.265686 -290.690542 -19.287945 -443.924896 429.683238 -5.930833 157.161408
-171.698739 137.827886 -420.279509 -302.276498 -937.488831 274.028477 -392.491410 301.176231 -237.080303 377.611165 248.440795 -344.524837 -434.977677 -339.028259 -19.154648 -789.745892 -461.981984 23.614382 -1141.503305 -399.357425 452.036773 -231.358151 -195.056838 280.395184 356.912010 479.988655 540.462500 -636.293723 -24.282596 404.884720 127.052649 83.378757 207.401471 32.991287 -102.323571 314.368064 159.973018 -786.791801 43.300963 -748.961113 351.376042 -328.980657 100.451909 307.236185 -329.189963 137.843200 832.664567 -56.638761 508.404434 231.824365 382.528191 610.896626 -277.836461 259.766638 316.469562 622.062852 -60.605383 953.972286 229.033181 -453.794158 -333.288389 -618.113889 -42.693459 437.114563 568.588280 196.559767 462.811759 -103.840949 160.134773 -192.942507 326.327020 -698.123530 -386.638747 160.010387 100.947051 -237.924103 -37.428166 -405.852606 635.862220 368.257795 -75.766238 -293.690851 -275.087804 352.605449 -446.330255 896.695414 -253.413842 13.064280 -132.102066 460.776369 -11.865329 269.132458 313.904939 314.689550 -174.786873 -174.575039 -125.367002 -643.600855 -67.974994 797.113853 549.757220 488.765347 -294.492440 33.661616 117.245416 -50.813012 25.878696 -521.530521 -650.525120 773.267478 198.389032 813.670399 -131.473532 523.595701 -201.273819 -98.513901 -1056.002140 361.052262 144.506407 -557.066316 -290.980434 -339.135058 31.492215 375.561768 -108.614099 430.244527 96.736274 19.371770 -411.079115 165.898110 340.226617 -599.922763 -643.637690 635.018873 -107.153149 211.099707 628.072242 48.881952 -339.598434 -172.300491 -604.116776 -489.195732 -774.703158 538.696741 394.497321 460.228872 77.483600 -296.734323 -93.978898 129.088597 -618.622329 -120.054762 203.405889 781.473218 164.293369 -332.008695 -295.539530 325.918431 335.273613 1149.126895 548.998498 709.384999 -381.963996 -161.902550 -387.873582 -349.677737 86.606490 -464.498487 120.459642 469.011886 -27.192002 158.297415 -767.692025 -75.963398 727.186451 623.142168 811.567834 -11.587858 -740.636317 279.508738 -548.327206 -128.501114 -683.504585 -783.820372 129.618596 -138.402805 224.745357 -218.021990 -327.868998 -106.127350 198.528621 -51.392174 15.544684 -153.572480 -719.960306 599.260177 683.319306 9.378956 -399.332851 -96.677922
163.109857 -34.110121 525.664655 93.620572 610.555439 -752.931811 363.942270 636.492219 566.530352 -724.112747 -425.178140 224.751392 -223.086788 200.198011 -70.103574 242.087802 983.729800 -610.325389 55.023230 -153.250011 -519.141157 69.017728 -532.310894 -331.433746 -14.491753 233.782557 -208.586582 -182.450283 325.686326 209.622273 -75.986511 -304.868395 34.734103 -247.713049 12.364863 336.228349 -1116.435439 -349.375428 142.634055 296.079531 142.715762 167.218422 -251.843834 -397.855049 663.339027 -269.719556 -819.063518 -732.586229 -616.833664 -563.840718 -699.444634 519.706117 -389.486085 915.756052 111.011786 366.451084 -799.376280 -419.765331 483.757314 -464.800245 314.440823 -51.696901 204.317385 -463.996376 -352.236991 -137.228359 -874.365086 858.640634 699.855788 -395.567206 -859.195789 -319.398233 -556.513771 -67.955017 984.709993 -629.060733 598.357284 -907.831630 -911.134214 355.351630 -190.227643 669.601281 125.650214 159.876549 -53.133319 471.254282 183.131205 588.068304 -780.529782 120.045128 -536.322386 616.181415 -292.798764 126.027148 531.831983 1147.223328 361.666890 -230.337190 663.624655 -104.168717 795.658298 111.819430 340.722491 399.463582 -457.676655 123.725277 905.615907 705.232187 354.725139 214.770586 -239.542895 361.291047 607.540413 249.263628 -547.365681 418.987653 -170.518773 -55.298485 274.685166 838.287066 -552.950836 258.545015 -115.915478 -670.249754 -122.986727 284.478901 -735.748717 -447.218067 824.137470 -275.964169 -21.036282 973.545860 -284.149833 204.954790 -259.689552 713.753177 -340.333693 -548.221413 -263.321320 -25.268929 507.813218 -149.125966 -504.466868 302.357935 -337.250752 376.023382 -203.961332 -40.492298 233.065836 178.750245 -556.133808 1160.634123 509.072642 641.837324 865.921424 -338.302472 -130.116322 -168.841263 116.895163 -228.606829 50.612165 456.318139 657.332724 -824.676309 236.167760 87.926629 210.735690 155.551690 -603.160853 -87.184716 761.677139 940.346256 10.843712 215.775432 344.160369 -298.704287 119.317546 -702.009784 -192.852066 308.828875 442.752927 65.752793 -1115.621278 936.721984 -210.552609 -264.048680 764.205706 625.056173 -66.248136 -153.243214 308.291789 -454.214023 -525.527886 -947.455919 1375.689423 196.460180 -135.700451 -625.426328 -724.451815 336.506411
66.640373 247.048766 756.826782 312.753950 39.192887 -424.574997 -382.428882 -545.959107 556.035863 427.006112 138.291443 394.456652 -204.582311 178.867889 -275.420831 -121.451649 16.068717 42.337683 70.838058 -30.713259 -106.398041 563.319751 -834.999798 -190.205395 -1310.108457 -299.927865 -401.644266 -551.476079 -293.066469 -1145.028546 -149.618755 1016.027749 620.657942 -61.747213 835.264682 6.916006 310.528743 76.138860 -333.650870 -350.861841 808.298908 356.562638 218.606096 430.869924 188.472588 -269.539663 -472.793896 349.824111 20.510274 -16.224380 -360.607841 495.471142 -611.404907 597.897432 209.938421 -11.151861 124.134938 -6.267219 -355.357731 -362.000364 849.976306 -24.710964 578.940724 4.694033 9.821458 326.695061 296.744800 -230.395435 -1111.006407 -444.482308 123.245334 328.689438 539.240087 371.333717 160.061605 -641.264189 87.928907 -807.831969 8.244902 271.523087 39.033489 172.720318 92.683384 820.387026 -183.100224 350.050841 244.355705 646.971563 -233.747467 -315.824375 -790.980120 21.906898 453.385327 461.369912 -224.209356 -229.253013 303.338503 -58.406316 -694.003056 -1046.517044 -415.450553 781.942596 51.809680 217.827073 -348.208479 244.168624 -69.646992 689.239531 559.664658 -261.157126 324.232613 276.290078 -437.325940 -583.261350 504.072576 -153.248488 260.500001 345.323900 -738.720831 537.061613 1085.928372 -227.055629 431.066075 402.601807 106.677307 47.968309 -203.534966 -874.636014 -36.125969 163.565580 219.564386 539.264980 341.398623 -5.892319 -796.306242 324.988085 283.045470 -797.776248 218.643202 -129.496896 518.144067 370.061048 162.076080 19.018889 115.703109 -498.867409 -75.367241 -54.550912 -148.649560 -800.619916 96.244041 1095.405800 167.940978 -75.659616 -192.799805 202.372882 465.419837 -356.090983 -49.535969 -684.404069 490.148882 -608.796828 470.881912 -52.447405 535.896747 -530.129357 -251.579594 -114.829078 158.396109 -661.619922 451.336061 -141.407550 401.393484 -68.287163 286.791217 -355.597020 876.588955 138.101964 524.394726 -365.963941 124.118911 615.656736 732.752842 -168.275434 161.373625 -1.619333 -829.171923 305.517410 412.826562 -1107.112999 -600.300062 489.171060 -459.352451 -388.491174 508.335342 478.368863 -482.429978 -206.718319 -432.087884 -1171.914560
-53.880334 403.550127 601.734748 142.102793 232.180266 -251.932147 564.282491 -541.581564 -1182.761560 310.192840 -21.361426 -813.271796 -136.382059 1236.960270 103.436384 501.444239 48.017616 -784.700952 -774.124265 -190.602179 -696.390251 -529.493167 -1173.310859 -83.011390 578.708683 182.381113 -483.506868 493.247418 187.835584 19.371321 -203.605704 -151.685506 -253.968826 -244.191027 60.360642 282.648761 23.875809 364.821480 538.768922 630.652817 59.358862 650.978255 -204.751758 -248.084626 811.051851 -197.040475 1215.011007 -36.833215 510.173024 -42.622148 -490.905846 -712.245361 317.448987 16.951952 -806.608073 -522.260073 96.018038 531.074195 233.983926 -52.114206 918.591133 940.696894 -290.293813 172.403955 849.479719 -1014.877358 -466.699789 47.398692 148.526203 -612.793104 599.327640 296.077011 1019.069774 -237.002375 -405.966007 -69.925012 150.163597 194.217648 -352.672996 -935.641298 31.173276 -657.717795 126.934311 -261.864517 -234.193212 343.230576 -285.440680 304.763138 305.193786 -385.474669 -239.213982 424.725831 -470.790785 -193.621955 490.651828 419.372859 -131.351763 415.624303 683.973903 -756.696377 430.501595 315.468387 -608.453810 608.553162 506.414937 170.108789 608.066712 -679.286038 39.664253 -76.961466 -289.583240 -357.819811 -326.420037 142.229646 -993.059470 1005.251065 -163.090769 -1060.378324 -150.436499 426.647417 -90.770771 176.037708 -381.828720 -130.856705 213.472481 723.315120 513.458343 -35.159142 -120.850417 -513.942656 211.572693 559.039750 -45.346947 -770.512608 217.155987 -63.266674 262.048256 -186.068843 -151.489215 -472.841059 -402.249225 322.848724 -444.693288 -355.885930 -71.860780 -369.420801 -224.114486 -79.114664 1130.883158 -148.151276 -204.420027 -417.589241 927.440807 -441.405205 -10.240178 -461.436012 -9.801562 -650.748036 -127.812724 -566.221069 -152.151579 -100.129447 -109.555372 -690.469788 380.002812 -174.405311 -439.923319 211.951577 -223.314678 -440.437092 -198.100808 281.386702 -910.633993 292.292501 -405.991361 -253.773241 -87.058138 -447.428043 785.472306 -272.506072 1428.806072 -313.301977 -115.560752 12.410808 -102.857155 -401.101410 -652.115718 -709.306140 58.787136 282.899458 -368.752582 166.514025 -885.259184 392.048117 -87.525351 228.072533 228.501596 509.340409 107.114010 -173.332573
-803.228393 -213.212478 -540.387777 594.405370 -408.935875 21.462227 58.911227 365.576199 -489.684864 -232.553596 1237.505637 -802.443143 865.915721 -538.388327 -550.880260 981.873995 -131.550188 499.959151 -58.573317 -325.425808 -828.567040 230.430946 -47.123398 158.825707 401.946799 139.920154 -191.052495 148.798172 3.034262 -778.074429 -610.025880 -614.154007 -514.269656 268.407337 88.467422 -525.654713 88.208479 53.201857 41.821180 -61.643324 -53.410305 -233.717545 -776.343577 -523.325359 981.257315 354.307739 631.201252 583.349861 744.770501 -197.156563 84.041016 -559.942234 -41.326956 -802.479851 -393.829991 586.074637 -304.956567 -43.392860 655.231779 51.387734 237.619684 607.184166 -139.494625 -400.871616 192.623552 -213.806031 371.925394 -179.794484 406.859976 93.858268 470.545912 -287.820642 1260.825213 577.347562 412.831669 352.912031 14.791968 -400.672614 53.758455 -412.678385 1.747769 102.681853 -616.663340 137.991440 317.114706 1096.826192 637.889731 -51.397030 883.973807 450.362906 362.523013 -494.185885 -224.160268 215.846012 305.228476 -271.310923 331.999199 144.902586 -872.299582 -39.503344 -286.977975 19.962115 95.357271 17.871286 119.411133 290.867715 746.290119 -72.582124 -466.225658 14.756237 -155.958383 69.525127 -672.941538 -353.440585 491.104387 70.613145 -527.201226 -546.624745 175.764336 269.892441 160.699094 17.473792 -674.044579 4.066950 -651.572827 -293.904525 437.000147 198.587259 -76.431166 -178.355143 -446.078571 -29.859891 66.951027 -99.287022 485.030297 422.228450 437.634241 295.052473 -357.847391 -400.022243 -159.843200 293.619860 92.526925 -347.522879 163.207465 761.067215 535.876702 130.810999 637.416082 -643.898914 268.681025 -1147.330255 -44.062246 130.574849 -515.867816 468.008166 224.936922 -89.855861 915.982206 387.130414 89.176613 -11.885649 71.458899 1110.930736 -114.707444 714.276450 -121.732919 244.050069 -484.854332 -755.578464 574.296667 848.263891 -728.640727 -758.683604 -271.069049 -350.908956 -492.324902 436.206473 24.279063 -117.208735 -262.014695 -888.536902 457.470273 -182.831508 460.777854 -498.350323 -22.344022 852.100598 -350.686777 -280.219132 257.077730 57.585174 674.776751 -119.509752 -315.021573 93.848094 -243.145174 25.230955 207.289661 -698.599134
-678.588667 -59.614385 -5.070614 518.095133 110.230083 -219.337892 825.265066 263.116557 925.473900 162.856119 -684.606090 435.920152 -798.602751 -981.108482 -172.975784 -73.647858 -281.382254 -169.671724 -131.182858 -206.423826 848.093560 -130.666541 464.477804 192.297522 -882.939830 -238.849567 151.748128 -430.173001 265.521320 -98.184079 33.139787 -310.026766 164.053509 400.174507 -309.730750 702.023426 -260.073006 1176.896503 304.625920 -141.732741 -76.905478 1306.185953 -216.450104 244.532004 -466.748945 -274.695053 874.824251 -138.040225 487.627691 -531.087792 -193.962327 -85.579588 -1060.246851 -240.980006 198.776900 -422.683879 -373.898167 -185.017023 -256.037730 -967.883881 481.346826 930.345982 -504.864918 53.234833 635.564121 670.898028 912.673113 850.683198 -384.239050 57.528685 -514.568081 510.782293 -432.221212 133.948773 -121.661480 -140.510913 -181.001725 895.023510 -378.162569 -20.037821 292.980423 430.302719 101.365552 333.329853 -285.426886 226.248907 -254.869312 155.100724 -53.733432 -47.225573 -322.018541 -125.662086 474.397034 -283.911963 -211.348501 -138.685091 -597.391553 -740.641194 112.068617 908.253943 549.896245 -412.579752 -413.427342 -137.290422 -808.593450 293.211558 225.533941 378.228256 -208.900718 569.940114 -515.009966 -529.876677 257.327915 676.940787 -628.026018 -437.566403 -88.491579 -231.801001 -189.873276 -768.261695 97.221751 -609.512964 -39.248965 762.428019 237.812184 268.709499 490.484870 362.215938 459.560952 125.964804 -829.392782 -173.590009 -93.707140 463.718872 11.904320 -174.889413 -351.446233 -366.555247 -192.343910 647.248121 -1305.833845 402.795495 858.132782 -335.696883 -226.479722 1192.877941 268.932223 234.871614 -669.962260 -311.190670 269.801720 -155.835630 -367.542113 -183.650368 -290.372450 207.632122 -375.619325 -456.308758 -7.470686 -119.027974 -123.100004 -245.760156 329.747371 284.337741 -712.783622 43.052480 -234.247569 561.995329 551.509209 -440.836815 510.970527 -337.693134 -72.841751 119.445361 47.334235 53.751393 -151.850361 -206.123261 -252.895885 -675.137330 125.032413 -263.203869 188.544056 13.653749 -147.845657 -98.614781 177.656906 -8.575957 568.144066 484.172238 -786.610864 180.763312 244.148203 -417.948685 -141.049089 -368.349623 155.409904 483.548435 419.142761 -283.631248
-7.393296 -15.464840 496.214456 233.068695 1252.914458 -240.068662 24.660464 659.458988 -941.449203 -469.489567 -506.991741 -193.211846 108.525545 188.172520 -119.882223 475.137374 -509.575490 -291.525624 48.365276 -602.295042 172.002049 -231.198525 -784.713511 -445.557669 677.265394 -369.905214 -284.175954 865.222339 -484.842354 -277.015777 122.029916 111.164681 322.367519 -273.449009 -648.405175 395.915898 -216.107858 572.728953 159.385701 535.304506 317.257974 -376.998702 213.161045 1316.442635 357.343362 -37.162657 1220.677152 554.132086 -424.001814 110.235015 -635.353556 -120.710564 -419.628766 145.899755 376.613557 242.435511 -303.796838 -294.950330 -737.810995 65.338955 -82.683494 491.263221 -20.168566 201.784749 281.289683 8.054015 305.077816 -778.721761 -106.052013 527.211045 -94.673725 -147.188674 -493.542992 211.489712 -465.189885 -723.148167 -2.535706 -312.439486 -684.842027 -971.727857 -175.889011 -533.504287 1002.416066 -106.783899 477.439244 423.024304 554.112162 240.532637 325.899361 -594.786071 -483.636250 -373.165273 56.965511 1297.036590 238.128188 -707.804725 477.920735 -266.519674 -705.261753 311.919160 -982.126463 61.512219 293.501214 303.696294 -603.553779 269.610614 -304.162391 -82.072412 59.151321 359.778805 -969.237142 -670.642516 -802.215182 -758.179760 -366.614848 -283.718179 -504.497122 -638.596037 594.460721 -63.912229 212.325544 -462.187045 8.662222 -182.505844 -574.087079 -515.231038 1257.775154 -369.778440 174.334449 -194.611600 -146.311164 -124.583736 486.802832 -13.371364 -753.313447 -412.417992 607.031771 997.498768 -197.486820 -502.405327 -252.345486 576.178749 -214.934119 -432.805756 179.925980 -280.318135 -409.430781 1289.009372 -1.076682 606.404419 486.868177 -5.880229 -393.022101 -30.337653 -82.348002 -229.279283 585.838871 162.242841 1453.425684 -33.442847 78.842161 -656.972506 847.999456 -771.878872 -238.759338 421.065298 -136.185277 653.361027 1594.064489 386.324277 -227.902312 -712.656726 -325.002052 194.036397 -162.984747 22.691073 -996.987023 -590.544139 192.103412 -35.505996 1076.268130 -94.618481 -66.854626 343.461250 155.351482 351.053882 22.673958 -769.424596 217.294742 295.841176 -58.868566 -142.508828 -408.296309 208.965443 -69.100097 -243.941010 -61.312585 422.262284 -35.722932 -289.813609
157.305021 302.416632 -255.397032 166.085174 197.745362 -883.463373 -357.439713 -216.561831 -530.656925 -148.416067 685.143507 115.164132 -136.526947 -4.609690 437.673628 -65.099727 99.160913 -1271.742039 -137.608682 -408.615130 -357.007247 -897.636420 269.384796 -137.979428 -573.772873 77.210304 687.978249 286.355410 910.629717 107.433998 -145.447015 -357.224926 307.375036 1.323015 27.404776 205.931656 -159.202540 213.445540 162.896544 -1683.473660 -599.229195 -78.856486 -285.021227 285.263310 353.572171 -5.794362 -625.659100 -115.907840 -652.115278 233.042104 -163.995510 -381.502279 196.348191 435.768410 -799.778638 -432.362679 -126.193731 360.866876 151.912760 42.921431 -372.606920 -765.444184 -638.885305 900.395454 -337.290002 -209.321166 -281.169947 -526.990834 -29.498284 -316.943705 -109.530586 -63.286393 298.851298 -9.462429 252.265875 -812.939008 390.059402 -406.858862 -416.707893 562.376567 550.239396 589.083676 483.650111 576.636009 702.490337 170.738373 168.935282 253.888896 209.150036 137.331620 -203.134079 119.505520 -134.281650 447.226561 642.494883 -378.057521 -200.186898 408.483605 -686.511448 -1008.344833 404.874340 -530.953493 437.976643 -13.994008 506.164807 705.583867 64.545195 -12.060796 258.934052 222.750131 247.092777 -278.802633 26.016224 64.538015 -1313.230815 -749.135009 409.650516 -458.983418 -372.515188 158.102721 40.214967 830.803626 763.238136 -527.487572 -658.540746 -801.689180 -107.203736 345.787070 72.676170 530.569693 -20.802394 586.908577 274.223046 -421.019457 -661.804315 -595.838014 225.975791 -225.817909 -403.224484 -339.172117 1173.901088 1.376167 95.721162 21.515339 -46.481603 336.378674 -7.429694 676.340684 -287.639777 -358.366950 294.094559 -987.843538 -438.808303 -321.547178 -84.262743 -290.462951 345.172224 -63.006671 -89.105641 -866.107827 305.663846 -839.407196 -278.905048 -925.474064 1141.247708 -90.840206 -314.787016 -797.123663 398.774051 55.522316 -301.928837 113.572886 402.428517 104.173465 -424.558766 -1635.123775 429.955334 -517.469535 -214.088511 110.441530 293.663417 324.707340 701.247803 120.649187 -11.979653 -745.409401 490.337571 735.813292 298.588046 -87.391114 -33.391155 608.389826 366.176351 853.044946 -400.435002 39.047165 -1247.148023 162.933868 -214.613781 -122.474606
-330.540777 342.144803 -45.887273 1069.841838 158.197060 -104.220745 -786.749187 -118.888568 -600.784336 -628.905346 -633.909905 -288.393842 -793.778688 -350.144489 -497.469344 153.513363 -441.101311 155.559968 256.393828 654.088926 81.285068 -623.981319 -86.637304 -752.978913 482.885641 -347.627590 -513.615339 -190.158830 165.712015 1228.090481 124.132838 -747.435870 654.577752 173.421121 177.678733 -71.480211 352.277201 193.874685 -523.187123 -237.374207 606.228408 -232.087844 -520.345669 180.413853 810.810514 658.466644 900.001571 -609.980858 -366.244886 -470.077665 596.283760 620.220870 -19.789404 8.046984 131.166651 293.007305 718.348076 135.551571 -257.603565 -396.157632 -552.585397 -543.060485 -187.193219 1290.358351 300.433219 179.938347 -34.958461 -13.162233 -542.367397 -444.651807 59.036168 -126.025498 612.669481 -431.769443 -350.825944 -388.822989 423.414687 273.780479 473.548865 -151.118574 271.962567 649.355038 -784.249621 185.682228 -198.037067 162.613773 419.733016 474.838927 -215.292080 449.979037 -281.237475 1223.386567 227.885405 186.980512 529.588573 598.488319 -492.913632 713.516499 -179.580903 113.179556 -76.234244 -789.473595 -151.295381 -911.828495 478.192783 374.776693 79.809864 -786.504772 291.671035 -514.615860 193.676023 -17.594607 197.596733 -57.664118 -64.371999 -119.768030 -158.422502 111.510237 260.331619 -253.129230 -272.604948 280.127021 -325.402649 -228.122590 -259.665117 -217.084540 -185.262259 -61.302737 100.529073 23.108694 -390.016543 186.089785 336.172009 266.230449 335.390384 -916.044793 35.134753 -4.445726 441.540075 131.264167 -492.033442 479.412816 -151.625392 -117.612649 478.920386 235.348721 -410.171084 561.704250 -109.488128 263.881335 442.106806 -1048.146172 -768.328401 270.723698 -260.786514 131.360201 -427.045074 499.506494 637.158236 -470.238396 -218.339734 21.652844 -125.319860 489.353044 -291.462261 159.024200 -682.689810 -385.065107 316.506868 789.808541 730.964341 541.471353 772.230567 370.548368 -75.812486 984.911169 -382.371494 -73.354890 539.232395 473.011346 803.650071 -492.366442 476.050476 925.840261 489.407033 -143.599461 337.392973 -297.310856 296.797813 -226.199138 -37.361436 74.170312 208.673316 203.627825 -709.575054 -942.736093 -271.459444 -232.328353 -335.800339 393.413462
131.065570 367.324205 704.489443 -840.382273 457.186869 -106.378138 785.125401 989.159776 -17.225619 -527.966112 1165.906988 -610.793956 146.844524 30.278636 -119.652882 -64.859627 384.141082 324.624197 -362.770295 -635.842125 -1174.537600 -205.719944 363.874399 385.166456 506.158112 693.021400 538.591705 -348.510566 116.798101 -195.261468 6.118657 -127.667522 84.833466 -144.974680 -772.016732 521.519436 -251.734866 -399.501701 98.282636 670.120232 -802.548708 -99.185037 388.332416 -462.825491 -141.520401 -167.000693 -301.233413 242.155088 534.281114 609.612303 2.629880 -588.246350 -245.098945 286.533707 1308.074920 -613.231659 -175.996398 -110.277779 -292.081418 690.876416 179.462939 243.740985 386.061967 -146.018675 539.857477 -530.094725 -710.522533 466.297551 189.727348 -462.549584 -544.912043 -406.512711 757.105403 8.254954 380.001913 285.151715 2.831162 210.372839 -0.578996 99.813094 807.272932 216.078844 -8.116639 57.974353 -306.238993 725.041300 -598.182481 -258.372395 -158.038620 -498.064852 -417.139935 -136.041669 134.372685 -651.368413 -534.923045 66.519434 -15.642032 156.355464 -195.593515 33.877072 43.596019 -95.575200 -468.601937 -20.710679 -293.003107 47.983389 -140.904125 139.426374 333.207258 201.739690 234.955848 -1008.031578 786.193854 103.544792 -325.596519 45.085543 -236.659922 94.332708 342.097626 -141.443747 895.035850 -824.203975 -345.987939 -1002.602344 113.364720 -201.680720 -369.629859 -282.226272 4.047131 879.446201 -630.533916 -100.125926 -283.719511 314.005889 -73.040434 245.860865 -502.231542 -94.030296 351.804680 1001.683542 -62.019290 513.453511 733.639626 -655.797175 379.047885 -157.182460 558.912812 787.077964 -787.975005 213.499748 -326.669153 42.636921 -369.663175 93.099108 572.317189 623.653909 88.250342 -456.809132 273.592048 493.269073 -877.518023 202.433285 87.188818 -510.103065 -136.380459 -182.966356 799.243871 123.747791 133.999058 -246.130139 -402.610754 1004.753982 383.848178 1050.542035 560.441420 -235.868033 -466.745943 79.649845 -125.171853 6.628030 129.812564 -866.869035 -620.800978 -103.184760 -204.523141 133.364440 -34.017505 380.082723 488.545092 258.218899 31.251055 326.899640 -421.854459 -292.114649 716.562610 -26.106666 384.318302 -599.327339 60.149127 -210.583422
-737.021738 -560.402563 -25.318774 -198.537823 358.144016 -357.687084 30.004161 -269.811736 131.919722 429.526735 580.812269 154.014963 -544.368184 -853.618907 -262.763421 -56.990926 74.819546 404.434364 296.062634 -539.838577 614.888580 604.304084 634.486757 -207.691434 -282.087093 460.572878 863.684199 -105.646143 -298.153670 210.488531 -1047.607911 -333.030690 97.431576 1106.264918 -138.459522 -202.357885 -165.718842 428.864216 189.474268 233.463992 -90.808204 -34.056915 57.050095 -17.908243 401.114490 -449.310489 950.929267 -82.763005 376.828083 34.736249 2.429339 154.340153 -645.861303 81.848778 420.953681 706.604489 -287.145859 45.033699 -659.488035 76.788703 -86.743139 -148.296358 -229.221312 -667.008117 166.962532 332.376396 -207.169966 -613.953565 -92.762088 -543.355520 126.310967 -1457.679841 488.991910 -92.152116 -311.898281 146.033728 -341.005233 -307.132041 -73.072145 263.779587 660.439298 686.272247 409.138626 -688.048770 -144.222950 659.015867 180.064876 -324.234843 -184.945666 213.006455 -312.129551 131.894540 -778.951522 1054.693226 -391.214354 42.871682 710.818379 198.227939 -287.042252 -534.866156 -413.017348 -35.311071 340.435801 -179.247032 -451.498431 54.854853 -905.953573 690.059794 -1257.937629 562.415860 325.620585 43.541592 -44.509497 -641.629082 -392.255338 -245.712974 67.216226 -720.385530 -316.259008 -505.587041 -964.780464 193.803596 72.219704 409.248271 725.600511 -23.562238 523.316021 -539.702660 223.071870 -157.842504 -26.468329 -45.762641 -472.788448 -209.898605 280.141245 567.607222 287.098303 -125.534489 -811.158932 113.788123 -110.935998 -364.783178 302.907640 472.906812 -71.143105 -334.762094 711.994695 58.065589 -264.261569 -270.191710 242.232303 144.558696 534.657288 137.553630 283.256721 -212.595107 295.698896 -311.277746 -1380.192886 -37.718599 31.457038 -273.762563 293.027547 -0.957869 -803.538758 -71.871630 -359.500888 -563.927046 47.522781 554.369519 389.145031 493.752518 636.736381 -350.127212 -489.722302 -126.504183 84.714036 245.416390 -205.419656 -598.894318 -686.643268 307.492044 223.938970 -694.837886 -901.007759 320.433303 -534.070843 1328.120919 761.223666 -54.035794 27.582977 -715.147548 -73.836276 -34.431601 298.084963 71.132531 -298.576967 -244.873825 -923.687885 87.213182
330.648221 -124.665197 274.025198 31.211751 -443.692343 202.695816 318.243597 -213.413282 -454.377262 220.569488 22.601079 -558.676502 88.920878 -179.800327 -154.221793 -703.723650 -93.048717 -222.024292 936.139405 306.974129 -557.461871 -407.389280 76.579382 9.630899 620.696061 527.689755 -462.125894 -154.033346 -466.431151 243.566641 383.496661 445.057664 242.398732 114.054734 107.552401 -303.531800 286.348007 -1183.886542 545.118164 777.339396 277.911228 226.773159 541.326486 -857.276943 -633.667607 -247.177599 -127.071261 230.569152 -184.636775 412.708947 -339.586158 -183.937987 251.539261 209.878728 -14.281946 -228.644304 8.059178 -887.016225 155.408598 50.732365 -475.399186 -398.585404 471.778254 -345.350768 -670.184636 17.169158 -83.149296 -785.427137 -139.482413 89.272748 -243.273914 299.094688 -58.826216 -132.341172 -169.002596 -267.023405 85.321625 234.490122 -821.270179 -778.964551 -278.289297 12.728434 -456.240708 -121.709809 228.136967 -415.938628 -465.128418 157.090889 -71.581300 -957.541873 256.783187 162.193475 102.043176 -406.438374 454.280753 -346.323303 208.988166 -44.116619 89.156298 96.933252 -451.907160 49.567270 -385.930378 1112.043691 -259.661916 85.317276 -117.178385 57.417783 654.144282 -124.962114 -168.478805 516.019186 -65.498699 -243.700891 38.383304 155.152195 -67.685869 96.608215 -509.129066 -359.525817 -52.278906 623.879349 45.799486 -3.897441 479.626491 833.358048 490.060048 -650.183019 -492.415910 860.848840 -613.365984 -727.366610 709.841862 -336.901371 64.337036 124.348450 -909.139102 992.572567 419.186495 1221.449576 121.686222 720.606766 -619.155893 -164.305951 231.092299 -267.525210 -565.357753 897.868470 809.852285 183.379011 -641.222689 598.753585 395.445888 -497.339910 226.892297 -163.532608 518.670147 32.947695 -373.987468 -83.089786 -185.778786 -28.840838 -282.811851 -371.850583 147.598965 191.444034 -67.948166 106.517645 131.613575 -769.861532 -238.468514 -215.605594 -390.937087 517.848802 224.783333 -2.328845 196.619722 374.286337 -493.939283 522.485835 -145.435293 41.066747 237.678882 -112.396876 -432.659470 790.763900 394.121543 -386.416338 183.621259 331.634682 425.303295 -157.758672 58.717867 30.630083 164.439391 362.077945 -112.484178 -87.478129 -281.448827 -54.364697
-162.443290 401.812836 151.510366 672.526237 109.216613 1048.872892 835.322510 34.170112 -468.380771 -562.540190 -23.980723 -208.639642 653.326366 792.262534 456.804100 -352.549215 568.867788 -630.789728 97.727218 549.927870 383.529614 89.416765 -432.523857 374.093219 818.521419 574.298123 431.455329 384.073064 -283.602805 -1034.456980 1208.615542 726.354672 -72.392598 -26.342993 -51.977397 -27.917565 563.304218 156.810522 378.235313 -216.837478 149.758442 241.551037 -549.760447 876.445877 -310.938879 -34.892251 -103.467340 231.482596 -284.367461 276.442515 -181.769511 -284.614902 91.601279 24.023568 -805.077441 72.629709 264.246536 -558.747648 97.384800 146.691272 -1061.489735 -114.292850 -493.730828 -454.273944 -55.596054 -146.665754 -273.178601 616.428419 -671.106884 -177.587279 -138.331758 386.211522 -801.411925 -555.874501 -15.235066 -372.650709 -95.654691 -607.036469 -603.369774 -200.536102 -918.358848 -1161.299346 -843.369955 369.815524 607.336651 -1375.108967 87.498392 80.100035 4.188324 -977.690415 185.070690 -7.049842 130.749117 357.872692 443.752711 -879.656660 558.267630 -175.753837 -32.773976 80.429328 687.114813 -294.060634 363.452548 2023.470163 47.592547 102.019020 140.930125 -458.297321 -360.423264 751.054566 -319.347715 -817.164766 80.657264 -191.941632 169.243718 -505.244983 376.249283 480.787914 184.883247 90.250576 212.457472 178.707093 19.558227 -1252.913498 467.852289 78.347937 335.777814 -31.366797 465.517177 -123.323569 315.416185 247.930833 -291.954921 273.548543 768.905000 -167.067826 -1194.221878 -256.476651 -13.791625 -402.078496 -510.096910 381.828955 -35.928477 291.909768 469.618101 -2.395956 -47.547005 261.840458 427.787511 559.943733 -497.123618 718.153336 -706.487313 -237.427869 524.468890 -137.697061 120.966201 412.153408 151.574447 -631.577592 54.668495 -76.279597 -63.312196 -999.390812 934.195601 453.219215 552.292571 727.573351 338.232649 83.031191 -1049.400134 -738.538804 -84.768520 -229.000377 -603.896332 26.159128 -105.278319 108.459493 -582.014656 785.676595 705.964913 -200.319892 -872.434171 671.305309 232.445648 389.528254 749.473272 546.163599 -843.363733 -541.564963 467.970674 -80.467823 761.167677 547.266331 -35.169191 534.006483 173.394834 376.352963 687.126166 -398.673514
-263.598629 343.789787 -331.953429 -21.011171 -422.788458 -224.883137 -369.840714 204.394877 -411.139753 355.863851 943.419860 294.710157 -127.219919 288.323150 549.713544 506.048202 -379.625890 -162.257899 556.391803 -78.926472 -155.468709 67.493433 -673.718625 -643.385433 -898.849556 152.506967 187.111667 881.755783 -1262.396017 -519.126688 -722.380261 -63.075701 -167.190843 810.377526 288.120864 29.755685 366.762688 -290.822658 -403.044232 -870.716199 163.046333 -193.669405 152.932015 602.972649 531.782778 40.809816 211.225015 -230.282456 57.039081 776.047588 -109.530746 17.348723 574.029044 -240.025603 -695.541439 557.175532 299.115770 -199.017542 -667.580510 -376.463313 -125.873344 145.821115 -519.518006 497.831231 17.234941 -262.877504 445.290414 -768.108088 125.278386 337.187374 -197.671337 -484.886018 -589.660027 230.837330 -1240.279547 -280.389842 123.095968 -309.158620 46.109501 -373.111186 -646.959506 -173.806569 273.778879 -107.857694 -290.049680 -207.422105 326.944441 -776.549775 978.269079 529.303743 395.028147 -227.097222 64.279251 713.396614 -691.454555 169.848559 585.908792 251.610560 -762.754645 -209.251234 -1060.962481 275.239096 204.984074 -698.815658 317.997696 -567.476912 30.988587 347.444297 -76.763660 337.682859 542.563205 627.727529 -210.788409 155.035127 230.063586 -44.883808 877.406463 3.015376 713.078373 -175.466516 376.846173 791.479393 697.011254 -242.425801 281.989542 398.651750 245.134240 819.251377 345.743308 495.092009 -643.103019 454.794078 -147.657329 409.697564 -509.978516 744.410396 1217.813639 664.551880 -271.462989 -485.908000 420.154595 -93.215908 -638.886837 249.271454 392.834842 -242.366462 -335.809845 -631.149929 669.935434 -476.644407 758.722599 279.501228 164.773572 -185.525215 413.338905 -434.044849 64.019859 -256.364685 -1024.377369 -232.878538 266.512149 190.384512 -489.213596 -401.380544 -69.025150 -163.789625 -433.392736 -379.475930 -1140.827239 176.160859 313.817149 -397.456010 -436.280670 -643.310968 16.411020 104.714477 198.746002 829.097173 100.965127 243.164128 470.722587 -24.417713 1098.824958 -105.480475 48.469768 -343.091866 -3.195664 -873.124697 -800.970345 392.470403 235.811378 1110.219403 9.419200 417.932554 -254.979515 -416.733244 712.525544 336.263802 -461.997199 -151.725569
-350.377450 -176.710290 -900.593552 354.314182 117.918645 578.136074 28.236108 148.555562 6.809410 -122.037132 596.411317 492.195364 126.678241 -205.275852 89.396370 628.974219 -306.931384 736.945218 -1082.618177 503.983054 -64.937621 -422.217288 62.590655 196.299204 -516.669268 349.364005 -84.988301 185.691648 -234.671288 -302.828984 582.178433 471.087666 557.075466 -601.607462 -15.884587 -992.830431 -207.723387 -17.383900 -76.718032 -94.262691 50.844435 178.344935 -587.995893 -1080.211195 -392.643196 172.523222 388.177866 -69.600948 -77.654122 -445.412164 490.173957 -541.047191 -739.645024 -583.104988 -50.836829 -728.009866 -212.931165 -236.841975 277.020797 -60.288840 -530.798174 -319.580390 -646.410085 -25.435157 -32.335368 -847.798104 749.285319 -433.901730 -140.272099 2.557456 -4.420072 82.824659 365.630117 294.470280 833.684034 300.193606 166.894523 1077.561209 693.234872 561.061770 -195.145885 -1029.524447 -122.899049 -100.387070 -32.161955 -1253.142972 -405.824396 478.634658 150.267160 107.092333 -222.733799 -1068.216252 239.981563 -552.381796 -164.873189 -801.128378 -486.209483 -154.664380 -522.802885 556.915868 540.161417 423.883379 -163.670270 -154.379434 -33.020869 331.615856 635.218148 -436.175447 -332.344899 -208.852589 -510.521130 614.384794 -163.240743 -43.268459 398.173026 -94.894769 760.657342 -214.381423 -583.384599 167.361211 -17.056178 -192.628354 -345.904700 -618.771709 -702.444979 67.269943 357.951157 -13.242056 -500.483677 307.918317 112.187247 226.292639 -362.845688 708.110382 68.748895 -41.504194 -566.347581 96.825576 144.784971 177.458325 60.204769 132.855705 22.642198 -606.627552 -471.838913 -709.081366 585.506581 293.469715 -104.562559 -11.573156 498.821223 -146.671544 -0.216343 -145.179981 452.136627 1075.957968 665.909017 -702.711725 141.039068 724.082043 -60.774223 -891.158983 753.608183 513.783214 423.394849 -452.473118 135.242869 -151.551268 232.847704 620.655914 -716.040168 653.446478 -425.703766 -448.313278 -461.882444 577.531823 239.061198 88.248888 178.944030 8.893123 302.766357 -371.935027 250.259208 666.458907 18.467518 289.838608 -48.488032 -721.333134 -332.051209 -291.848048 113.624672 194.799929 384.089679 54.853928 -149.171146 715.262918 29.174646 186.341413 -578.041146 -454.369612
-139.191810 402.224825 -295.232717 -98.274921 -290.679803 -794.097207 346.383530 -173.872609 -457.338263 46.313772 -378.390487 106.670710 -630.255458 -208.253125 651.602879 159.352200 510.198595 -1101.471689 433.599022 863.159977 119.821448 -90.178504 -225.543757 -296.736819 -714.739186 -314.315636 -1212.062528 286.898569 407.036146 353.751196 -579.593281 -340.835403 -730.962903 -84.081203 -591.161715 156.518030 208.472932 -393.645749 -26.473100 -46.901519 205.707246 453.688947 -190.222344 -364.842541 351.976403 254.966679 -512.220054 -179.305534 -730.531336 -159.755229 710.314025 747.066752 907.705362 -14.445077 -183.747845 -775.885446 -76.577359 901.465183 1060.301181 -545.594193 -602.398872 28.496796 -666.632396 1217.227260 -631.951466 631.712478 -707.333516 533.904832 818.381037 -509.232616 -956.110836 -34.982482 -443.205166 -730.059683 -300.921929 241.640016 492.289514 -548.193664 461.892768 -136.683963 126.873482 -363.678698 -413.823044 -591.675848 1217.306104 -124.687426 623.792036 -491.383617 266.015302 430.195182 514.441120 475.019884 -288.722411 914.810847 511.409698 32.146064 -570.556724 -942.122100 -164.015780 -1008.227162 35.724106 -90.749826 56.999172 -236.331213 279.308876 139.158979 339.005642 -322.161613 -167.073357 58.168331 348.999694 -21.955048 -10.947439 -229.615950 -170.151795 -113.903932 27.430095 279.952973 -651.877511 -248.740843 -581.584595 -327.331803 509.673697 311.590517 359.224555 174.003868 -152.047846 704.125945 298.467204 826.627688 26.821590 -312.801602 225.073427 -995.660946 -53.940846 -1147.470374 -438.820594 264.215776 -388.616397 -478.236928 -341.000046 1051.202768 114.324436 494.278687 -175.059631 392.042787 458.507693 -549.113436 233.553634 429.541526 305.694826 -661.471259 306.991015 354.734152 203.522336 -191.734160 175.192490 405.479936 -129.023986 293.414731 -103.886070 628.382389 460.122266 -707.133550 -70.076714 325.014271 315.465333 522.144246 -235.725879 -1084.139975 -158.050519 188.847995 -447.498616 -253.928735 188.819085 139.722106 656.079040 -856.806723 259.644901 108.200592 -467.587716 723.921962 -559.376949 -110.138972 -669.181866 -273.709287 -37.963649 533.745354 -363.815574 196.287238 -275.986679 -754.995664 -29.118491 -4.146476 -197.490739 -48.906543 -528.488874 -126.974846 24.648384 464.259082
-785.554649 861.289731 74.474986 -418.056973 -191.800069 -354.125963 -315.967180 351.469381 -244.858448 97.423510 -244.485132 493.895042 -619.506475 -105.525050 613.091224 215.809646 7.614490 -131.843514 167.457449 627.532070 -69.130347 -691.456223 -14.801036 448.734886 261.430933 -371.561757 -167.866858 -69.168456 -423.015788 205.183733 166.275229 -138.585901 829.974873 195.303340 82.112206 214.724127 -66.828693 -154.654258 128.624765 -1168.041883 23.835388 -718.090782 -543.196873 756.820695 121.926567 -693.994265 3.594960 -763.152545 -357.410572 35.000712 481.622207 675.691706 -20.693195 -728.456904 342.043377 108.294290 -62.564161 377.990567 534.180276 -86.823966 -198.558292 -737.940921 -483.478056 775.021341 -302.169905 485.187559 106.483119 324.341899 -28.138422 650.334540 -63.719559 1043.949588 -974.351820 260.325779 -12.692118 -947.508774 164.935289 369.228607 471.811249 -600.385242 -459.971995 -161.246635 -6.635364 -212.513228 791.409311 -564.410230 143.330717 -875.573973 493.906662 -22.921385 427.855381 -692.346006 -862.491744 502.066358 -112.626974 -2.619798 -66.261846 295.805741 -1267.670399 277.960162 -959.058183 75.323784 664.701229 415.955752 404.673758 650.284637 -331.795676 -206.014829 392.218457 428.240559 81.790932 33.477106 14.533121 203.903126 58.030576 -12.501602 -39.203557 314.760074 -644.504880 -1003.455703 -632.283742 -315.323457 131.554714 -227.049295 -220.489136 -136.911613 -448.938561 825.291571 200.323909 1107.115455 -276.467348 255.749453 42.438983 250.776066 -257.435599 -408.047819 -353.424122 -83.604396 117.329743 416.356296 -210.666723 1063.647468 -81.358558 -361.101205 -1.662932 -167.020365 -111.569668 476.034766 -749.776964 -234.667630 481.760910 485.383592 -83.214713 -312.551490 -156.216837 168.991594 187.203252 233.840671 -752.277062 21.285932 -159.638899 345.023422 381.752455 -678.926109 151.805658 -1343.880410 1400.086121 -293.422357 771.279432 315.877861 200.988810 -625.240660 -214.791096 -373.378509 154.165236 236.246717 -92.401180 -235.185909 476.515729 44.916885 -164.283602 131.750940 -514.106418 -251.769937 -942.591784 -479.719170 182.021034 -80.897962 215.261344 -142.007418 202.795635 -396.303848 -278.153026 -175.094439 -295.137147 189.712181 175.405870 -199.723274 361.874440 -730.893449
109.783872 189.789852 331.293750 650.526754 124.525059 1386.852602 204.776387 32.686690 635.210226 -260.048817 -222.120750 611.219225 -47.418532 -797.508476 -117.069172 130.223286 268.379746 -183.556432 1049.141966 353.818156 -12.610154 -206.360408 -806.282670 173.659796 349.953772 -384.053945 161.883283 -66.913459 -394.599027 -71.109932 -75.965705 252.560534 65.165672 583.621180 -492.456584 111.067676 -830.585978 -878.251142 272.367154 638.188153 710.315353 222.934540 587.410708 336.671277 356.852227 -555.782238 104.662884 -18.186713 505.839797 261.236205 774.404092 926.841317 204.576944 -382.094057 409.895083 541.230690 209.402050 -785.861079 201.769790 78.231011 320.963174 654.766526 -389.931935 -507.985190 1039.419310 1445.085742 125.281969 943.158008 -309.791406 323.496536 -594.901628 -188.435385 -129.245286 279.175048 609.553288 24.400981 -195.846715 -385.797223 164.346328 -297.256135 267.767088 -154.000180 143.103157 522.881954 89.190123 -604.355164 731.379912 -307.956168 418.279831 -78.912145 443.885744 -146.791924 325.935247 723.835354 -534.115346 452.773146 -125.459057 -1213.707699 -215.220690 404.684811 49.256427 104.327271 212.355689 311.900024 128.909102 -346.309841 823.170754 -941.948053 -449.242430 649.264400 -174.754282 169.492438 -258.119483 13.978303 196.309139 -15.943838 -556.910571 -208.176593 220.898867 -781.436604 -228.055013 34.283469 -117.560420 750.926277 -54.861078 662.509610 341.247254 -726.474909 527.404069 -441.753415 -425.998222 -48.686176 7.723023 655.298819 521.634006 -240.315799 -563.205541 -197.238799 -484.530742 -230.706462 -380.395616 -203.835601 464.997003 297.315950 -59.169115 60.594928 -162.981213 414.093445 -442.319787 512.274174 422.657612 -425.644665 -138.531725 261.641183 180.255081 244.899529 -410.954955 472.965770 -213.123487 804.170686 1212.204998 536.931064 -178.811598 553.671338 -381.568285 -3.040227 146.883675 721.625421 1070.879620 -630.482554 344.525989 -108.644265 -96.551190 -289.248974 515.440694 -514.354630 -55.850960 803.435893 -341.712685 -394.334521 -177.414879 -396.361673 133.168617 -53.159084 -766.882902 -164.170768 325.634383 98.600747 -146.206349 -690.517517 399.073278 100.476124 779.929107 -228.944647 -966.213229 -557.400027 -713.157261 -66.842321 11.611395 -620.783862
1049.033180 -212.692775 -782.119295 347.553746 -401.339491 -132.576345 -892.403137 -188.806378 920.177451 -69.378150 -162.408939 407.327787 134.440444 -658.341183 96.244345 568.766848 234.184918 532.703937 231.628709 -478.242187 777.895434 444.745707 93.755512 397.553717 -79.663531 -191.466429 209.274912 -165.068561 -560.103341 -35.711130 631.779417 497.498289 148.119911 281.203372 758.104963 -433.768814 584.390826 650.381547 329.301585 159.376286 309.040374 -202.584052 -489.647908 -68.696497 248.119467 561.404194 -810.371635 -39.601127 -1093.345945 -416.289475 59.926277 -283.433177 -427.352210 36.817979 -275.952488 -109.644583 731.384435 -643.874491 -308.654702 784.482442 50.189067 -449.994452 -230.745544 317.722243 -500.954230 -1088.112537 571.845907 -10.558589 343.544878 348.440097 322.650014 311.983858 154.857751 -312.237465 285.433309 -50.502097 -442.376598 477.133803 -71.858211 948.665283 36.864860 426.580503 396.888897 -379.003943 -24.644898 -1197.170410 78.342615 472.800759 -322.413181 231.836933 -34.990331 997.203611 725.183099 -842.512285 -74.081292 -70.037269 741.210868 -757.758865 -949.578511 -187.270229 -33.881639 266.936427 206.227706 -165.335959 -686.734553 414.388291 798.270556 1055.771590 -65.002921 -814.240791 -389.158478 347.318133 -446.398094 21.075533 516.648963 -1108.875923 -9.666098 275.431925 -366.557059 -31.403830 -694.590903 56.673593 416.668574 365.617565 -1367.481856 -394.429137 136.606089 -258.553074 475.196852 1058.242355 375.689285 19.873669 90.089594 -171.902986 -111.273476 23.430450 -429.185612 309.137529 1196.823071 251.387740 709.031180 -627.681096 76.240283 -21.264793 534.125529 -255.913621 636.322143 765.922945 -84.101845 -323.759521 708.583450 -183.550915 -58.593815 556.684789 -126.973914 -15.175873 668.837513 61.558861 109.713002 273.806842 146.425299 -239.025494 293.455510 604.675965 -387.614414 -128.166674 -453.709826 338.678636 -311.226450 -108.216222 -67.100024 331.622458 -214.777403 169.158252 445.705945 -245.258271 806.682402 -190.664329 448.542254 -47.021660 -16.181114 -3.525082 173.007340 -439.927754 733.217082 -267.189187 566.593611 -303.097252 -181.247842 767.915238 354.634011 350.612247 404.176243 486.762267 -839.866864 -489.699674 11.956703 2.435952 -826.702582 -956.367528
350.715674 -314.740611 124.368602 556.887035 -457.113895 -212.408425 664.022053 -100.614574 22.211513 -389.459521 -742.920502 66.117812 -309.334295 215.073948 707.694078 446.123269 -231.029391 461.260648 137.012894 -1160.354449 237.204351 663.510587 -214.937318 284.213809 -426.254671 -230.517442 599.251820 -254.694554 262.384743 -537.337590 -81.429344 -517.656885 -139.332721 183.467222 752.262840 40.833501 -539.644706 979.271253 -7.188277 63.219560 457.027682 105.095798 74.850223 -137.686061 491.418876 -486.162414 12.227579 -150.975217 -617.577328 751.861576 960.708362 330.075728 -218.078300 1155.835779 288.423793 -426.609458 93.242742 -104.324751 -625.070625 211.628220 798.242932 1006.660113 161.149238 839.128768 -153.764278 -856.959738 423.111372 -1177.610047 -350.793422 -573.562828 -1008.071003 -544.011342 248.553595 -579.132659 -95.090094 -109.377297 83.507382 -74.235962 284.700425 66.293054 -583.527960 210.526938 -133.914833 -115.736987 140.053152 -592.856626 686.903580 979.153567 76.629093 -857.575358 -178.493809 809.047755 550.041914 -1058.338264 572.503139 -550.510912 144.209372 -845.805742 76.782277 673.717115 -472.199705 248.366386 -256.829691 58.800992 -574.844340 -1.929667 -171.180045 -302.814068 -344.525775 12.430919 -563.195092 560.742681 357.293076 -158.319816 -408.319367 915.134301 184.547964 -581.160716 -236.281314 -158.278504 -29.920408 692.587003 526.681582 -367.805010 61.818015 610.330992 594.891122 -233.689854 -57.498002 499.553288 51.169726 -245.347442 128.912990 -134.566772 -995.472051 -1094.209714 -120.837035 350.123170 -24.458403 327.497388 146.581774 56.105163 361.991277 48.788355 -255.915011 -971.798751 356.748261 607.046701 -417.968324 -48.864495 -347.031899 139.975757 -132.745183 337.002604 487.892254 -55.425114 -500.366087 -577.800756 584.435946 -352.349152 -181.216774 -411.760736 -314.362587 -516.569195 106.508000 -459.537042 -923.617183 489.374587 -208.700421 -58.167797 -39.818410 287.394744 820.394205 -251.019773 807.591047 394.203227 -222.442142 -976.829325 33.935050 -404.534855 434.603776 55.613776 623.526973 -707.682413 -628.099281 441.486862 8.308770 -499.822016 -322.490675 -37.190158 28.541725 -791.676304 -195.422826 444.096362 209.616320 42.035471 579.485456 204.081303 57.760826 -182.509225
-65.430610 -713.206306 19.670269 -454.181818 666.658394 434.265651 411.885959 -690.967338 136.451409 -364.969440 -296.372847 287.278669 497.009169 -46.843247 610.185259 -299.438252 -161.789203 41.355244 -422.021245 -5.127040 -228.687892 -168.866445 600.544654 -116.107408 -34.845770 -91.344890 732.488101 717.350541 1335.769537 151.710831 204.077724 -380.973402 -593.408802 119.487079 -216.401163 -147.235569 316.127593 -684.406034 -422.027283 -838.757005 382.900098 332.000173 -118.814743 155.673311 462.245216 -113.359361 -242.671762 645.128323 316.637771 68.972098 -683.324579 -370.364380 -165.355497 551.868683 -56.396922 361.263458 -326.143365 -84.406657 -604.168058 726.232948 -218.318755 100.275528 153.137572 -292.452030 158.095305 -291.613543 -482.603288 -709.958301 839.341493 -924.291296 817.778897 -293.443537 -293.510238 -59.468699 -524.335080 904.254005 34.815658 502.136101 490.201836 -152.569762 -34.453464 -680.505366 -1056.820249 106.744834 40.926446 -442.397039 -416.903176 -255.885161 490.117973 193.118886 -153.040341 67.122560 334.017249 113.344876 16.778383 -128.175451 54.999025 -25.922160 60.196591 -457.809813 -8.275476 132.526689 -52.980085 -487.942718 503.629185 -436.964283 -318.292029 -110.146265 -336.225032 385.656257 184.547821 242.982849 -284.946917 -458.114955 156.046658 30.464195 -9.915449 608.618279 -120.754708 512.704624 -533.010068 -501.414419 306.376868 4.360734 754.372884 301.949293 62.350682 -406.664969 -504.302772 -654.338153 -407.720678 16.215622 528.014723 -133.529896 992.676176 335.394222 1102.444128 -532.581120 -51.100704 577.348437 353.596932 735.262293 -835.549074 51.645066 238.233847 -146.430247 -520.242110 -395.374589 741.917282 -224.626871 -133.551207 -482.895123 -135.094583 -593.140681 -407.860967 -365.920497 636.540981 -445.650100 -259.767584 754.525786 257.704426 222.467101 -452.942697 206.531784 123.787898 763.559583 -452.015167 -206.047950 117.402649 120.724315 -61.892716 -36.981404 -752.378302 -364.366902 -54.186095 521.391809 -359.005498 -377.215168 -105.345864 -233.508322 425.225043 -220.947077 524.299920 -201.055052 -196.882166 21.550941 -168.617750 217.546412 -395.734516 -413.436161 286.477629 520.676409 222.401736 379.917381 -160.189269 -89.833642 -292.051328 -68.491160 -549.812130 226.247770
116.639723 -121.084052 -757.378095 -303.632441 -215.191883 -582.810427 -393.493288 -585.099012 -16.380635 195.883988 152.358778 -528.660454 512.048612 -461.758811 676.275077 865.864190 241.418009 -810.062575 -467.932757 -71.522141 781.000877 -128.676876 -381.430532 -204.015748 -201.506973 273.161961 2.875940 -73.295933 511.332953 -699.204732 -154.831390 469.469597 127.759351 212.510559 -86.671106 -395.227030 149.463004 -158.800279 487.422310 72.748507 -74.712751 -105.539841 373.242937 192.321119 240.645468 -391.213279 275.358175 172.526414 7.210767 -402.389512 -511.596341 -993.727746 -78.822554 287.692331 3.816535 -436.934289 861.695486 50.716040 -688.933336 -337.763450 275.164530 -84.369406 -64.929498 -532.769499 830.515379 79.175631 582.445360 339.241977 286.650371 85.324735 569.046429 215.936507 82.707523 327.862987 -193.548587 109.572197 275.028992 -443.631252 351.559753 -21.433821 -489.820814 192.441472 526.628470 -150.527635 -94.635507 253.622435 -679.160057 703.788509 -220.761826 -407.173783 -305.336932 -259.015565 -888.450248 -560.721007 968.893114 -203.170011 169.622190 607.398374 -293.175448 93.884319 -605.802919 -100.078219 730.470280 191.859360 347.045811 0.700991 487.267119 514.230571 48.733445 -50.549510 307.897054 218.934695 -253.092954 325.516491 -345.001655 -334.709055 -770.501658 -1036.723656 81.001325 253.670728 370.148757 456.008521 -135.130069 77.837710 227.711838 198.799084 971.489512 424.406131 203.255775 -133.767888 -184.035207 110.277087 505.473679 473.141857 -754.618039 -140.053673 901.404434 257.853019 347.504712 178.530441 162.535810 160.275871 -13.907108 549.445430 -718.395268 -894.031149 707.477048 -292.374269 -355.749924 -409.794086 -701.525308 732.807427 167.465177 -129.876564 46.554100 383.795036 -131.981051 -564.014978 611.414346 -368.682897 776.971371 -820.123251 -173.079402 -10.278723 69.127179 -699.529327 -12.726971 199.620273 -450.237720 -231.684740 -593.090681 462.887759 -616.158582 -139.992995 -87.929177 -1017.541580 -828.585154 -676.822350 218.695248 151.159707 -548.416953 300.132133 -457.150129 -294.527489 996.520163 554.626435 202.002979 308.972580 108.545469 165.152554 -300.560841 -904.720318 413.174885 -112.149167 404.807063 553.812793 604.409415 -179.750128 276.077119 -6.657763
573.053991 379.451930 -123.671686 -68.310001 295.424094 270.376050 -224.962667 457.294775 45.677749 -613.507638 474.759423 -18.417990 766.218795 -50.376112 234.143473 -180.957529 -277.715551 -40.988138 -11.980109 -630.012268 104.839583 12.995374 -3.115184 -179.099387 571.442086 -45.597643 -824.875565 143.336324 -267.812009 1072.097759 -833.359370 -396.216287 22.829112 -278.832485 828.146260 -76.369326 -237.714419 748.999996 156.157678 132.502463 -273.321058 506.008748 863.740586 56.878504 319.036972 372.052983 -156.005461 -215.919681 -147.344912 -406.782829 367.382957 -26.593145 547.392006 -551.115627 -8.182589 420.327134 397.913307 -168.588469 145.137884 -59.059452 263.673408 219.485867 -40.005820 156.849650 693.654622 -652.599637 -109.569994 -118.422698 34.840093 -246.560817 -52.379600 403.494663 -397.035556 241.553331 -290.978165 523.594499 271.043685 418.254695 -282.568973 -529.799387 -1073.523560 -391.769771 877.081024 -837.477024 -296.188451 13.718454 367.006653 -638.067547 101.257049 979.422467 -431.421090 -94.127274 -273.351022 -546.791826 -544.097014 -31.661301 474.370785 264.968324 -103.086638 338.274014 -810.616209 -195.100796 -540.529515 188.462682 -149.572812 -417.573801 -916.723269 109.139210 -281.763955 -835.643292 -751.895829 -371.752382 -122.064055 -712.245642 -59.125950 -436.675597 257.743196 507.064394 204.960535 24.385072 -601.845383 -509.345521 -722.973205 -560.940024 -425.705911 -173.689912 -401.282466 -33.602990 -340.705407 164.877367 -976.328295 538.150476 -98.417726 448.014414 -688.168485 -107.605527 281.817473 422.780522 266.119147 -489.301184 167.131506 -397.267603 19.860594 -407.016139 -380.022292 -564.007311 1148.565796 -349.598089 747.434647 797.713849 459.557653 292.316862 806.068740 -333.828605 -409.913653 -714.228807 -54.905334 -438.727565 161.707889 -454.092705 113.111569 876.412561 53.390740 -142.913899 -971.903271 323.481746 508.089117 -27.661083 -738.099406 128.882762 -129.799077 229.108820 -410.619925 122.918385 -436.278113 -93.309755 162.627369 -6.875381 -430.408430 -535.107681 430.725932 819.631574 -94.757364 -1016.983886 195.390700 -304.718929 432.014791 272.575634 441.101499 -195.232589 -223.622175 -665.748689 -391.527760 -343.210968 308.501610 -159.385807 -131.903503 -506.674515 822.385523 549.138255
389.439868 -860.790087 -874.836618 -172.456199 -683.424306 -1926.686049 596.965423 -1310.338387 -63.046483 -210.635124 -411.961500 675.348394 -88.637931 -202.363549 134.974826 -635.397710 -149.135052 -536.394961 62.098138 -91.674705 133.005414 -322.837326 -243.891686 351.678546 -54.725584 -545.667311 586.729743 28.352137 881.741738 509.258390 202.763611 269.175940 421.295744 506.872431 394.534880 167.005276 492.421663 447.324997 -221.378916 -1006.428413 -140.014343 -0.514166 -689.727134 104.451706 411.583174 -640.074314 -317.671466 362.932852 -592.498822 130.918397 -602.084947 -69.350474 -1075.043444 -139.351245 668.472243 -74.570791 -724.084066 251.727526 484.843121 570.692121 -399.790854 -555.390082 131.920794 -209.197435 -44.030790 112.054421 11.459659 125.836546 -188.130812 -164.186101 -72.023968 1443.310065 182.161423 -241.779237 -199.399318 -239.902132 -68.900137 -392.225582 -130.108916 894.230372 210.025988 113.578219 165.828871 -300.902250 -37.587627 494.171119 -11.756163 289.644800 -41.692200 -80.278538 69.291768 266.609553 -603.423843 -347.910624 -274.927771 -617.039776 -698.046827 -188.793552 116.307049 -251.492172 -213.772452 -351.764904 -713.272189 -708.865122 174.555360 274.410266 -47.488717 155.195872 627.751653 -258.072717 -91.276640 -429.563577 -467.738108 -432.289818 374.465365 -904.542385 113.155518 -99.299430 93.725746 234.651622 221.425487 -1062.781139 239.403047 -52.602020 23.639095 477.551791 -46.642890 -356.180801 736.148349 -665.144327 22.486721 952.570933 -85.056984 -447.355874 14.775844 -284.777083 309.698706 395.047877 -452.246328 517.963337 -732.855856 649.970147 104.274285 -241.425304 -747.966278 -386.537486 -153.679368 749.439756 -276.005795 -698.810509 -180.464170 23.362751 12.340588 -489.883793 -15.098454 19.046640 581.770264 636.268452 207.785291 572.030262 -13.275735 161.011126 763.671453 -694.474857 -187.159256 124.784703 17.829652 -552.347881 291.049907 316.566084 -332.824436 257.337891 -378.636238 -99.475227 -159.763162 -315.330098 -18.309237 -482.341844 -722.827191 -0.547259 385.337873 339.970277 -382.570057 364.295164 -344.745949 -643.504140 379.417828 822.512816 355.645439 421.787755 240.634826 -452.950936 426.982153 -703.216596 -238.955171 93.871092 -330.792733 -14.694882 147.529450 12.995563
155.334873 -438.287481 -393.968948 -182.661365 -277.302146 -271.019430 -127.111000 -177.541764 -71.087643 -214.551457 -207.028008 -415.666127 121.221565 403.948613 -594.926854 -440.186567 -48.125893 396.232966 -577.776742 -135.863556 -759.034286 -113.101549 -279.452985 -234.562430 775.192677 -464.894995 -221.891200 71.130693 1183.223942 -261.704608 411.338489 -182.556279 372.014474 -749.915842 -288.722360 -69.402737 -412.511112 463.495765 117.598466 -98.566615 -103.557981 491.123252 -599.001822 171.393625 501.755579 263.231405 403.144474 -511.527116 -328.909838 25.111290 252.658231 237.248155 -191.769901 -1387.158313 -157.667928 330.316306 -198.656980 49.386332 388.762928 816.317208 611.192219 -612.721417 -649.231453 -121.390912 131.103779 -63.388127 -298.983814 734.879794 522.898461 -387.069360 -286.976866 30.903942 -381.833569 29.192984 -581.562821 644.487238 188.925825 238.727896 -670.354062 912.443777 -438.390719 361.655240 -655.646348 -604.580894 61.103556 100.746550 -509.545251 277.505295 -277.638444 815.800543 529.640316 -256.546766 -453.424991 -380.811313 55.453279 94.980023 -509.932493 -31.138286 606.856205 -95.496189 188.216226 -58.427534 -522.347911 689.660196 -176.944372 97.624386 180.289624 375.483187 590.328838 203.672367 294.254047 588.419293 -724.592187 75.684370 -1157.424478 -976.090903 301.056838 574.657292 535.015829 -232.849963 380.978415 111.791688 -645.334821 -548.874908 -703.659062 338.113802 -314.401826 -495.341882 -230.738374 -94.179099 114.147078 682.291241 155.661468 245.777220 168.525088 -681.405981 -271.225918 795.375586 1147.700257 93.392469 -353.850106 -407.222832 -519.964852 50.450827 -204.204320 295.072015 449.616300 -80.518083 1004.994874 133.832832 -556.148146 -83.684052 497.500255 -113.961102 90.154204 159.580003 49.288934 154.332209 554.952406 367.351872 646.964662 1057.560930 434.853563 80.371969 117.002393 -96.084801 -349.942041 -85.569736 -632.425307 -251.492996 -307.949836 -77.559161 -775.829199 192.718009 -1179.088667 93.377959 -6.708809 -1156.722035 -49.070594 -545.783938 252.214893 -540.956726 -280.577935 944.478502 581.586541 82.305570 616.922387 -93.201100 -347.488343 286.064423 -599.887130 -18.462604 134.737810 148.569376 127.343602 -696.886430 -112.558549 404.287924 -977.576550 50.439576
542.175019 670.129067 -205.689887 -269.976965 -222.440667 -358.629604 254.440956 72.626755 -197.663033 67.925685 -93.049384 1042.240200 -145.397449 898.929621 -41.841623 285.876628 13.199101 -664.087548 -493.245663 88.111615 148.073113 461.050827 -216.429265 -5.513707 571.279957 -568.939044 -43.509807 -402.377762 306.342610 -96.264437 -379.658421 -42.239960 337.912617 -383.192381 -552.983918 323.974283 -1097.678551 959.627947 -836.982798 18.752486 701.869513 -102.911937 -67.304387 -298.552652 -265.718563 1142.724052 -315.935818 307.782142 423.465049 639.203590 85.864836 30.464270 285.925140 -187.544622 -0.267614 -5.835874 -230.235605 -1032.907843 371.523289 797.511621 623.360729 -337.996847 178.511182 -33.300076 785.177891 -283.176816 68.991407 -352.597864 749.985753 -572.730883 78.374587 -397.032949 383.129840 -778.597841 9.764000 604.302831 262.114236 607.962920 751.187224 -362.045596 13.107146 -566.374893 -294.155596 368.782708 52.533528 347.255468 -621.143286 -355.024268 -244.522196 -85.053189 164.735550 55.848120 -24.868810 -74.062192 -184.624118 318.106393 -322.012603 -7.801476 -328.372100 106.016718 216.424345 -491.707435 253.671850 -248.047869 370.199933 164.382373 664.785065 -1213.393433 -840.413122 303.998629 57.966993 -385.532803 -1071.916313 -49.631707 62.718565 -450.696330 -402.479152 -780.760232 -236.129051 -294.058604 -703.492581 -425.833840 -176.892528 842.420697 924.688443 -470.720748 -840.283125 73.293726 -456.714363 504.137617 -118.349918 -81.343028 397.225996 191.037150 -65.467709 -134.694032 401.773865 511.032155 716.517831 766.915059 569.980754 842.941158 -551.528601 -673.720347 -119.492763 141.115424 260.341097 -472.598353 -464.665939 -338.111414 -192.376273 -16.988641 -374.567841 315.082049 431.365889 396.883176 -79.586254 -310.823574 196.109822 -196.013697 171.677836 1043.289911 63.629648 -643.275167 -149.743743 558.517316 -45.258165 -295.827044 846.062154 -297.519909 123.318962 -513.183359 136.160371 533.081938 112.643244 -280.004485 20.789013 -78.927553 61.547526 111.881074 468.669380 -712.489712 -731.175850 -631.000839 148.564042 -24.550850 -510.931129 -1194.006157 702.786895 585.718555 398.803728 243.482844 -138.189660 260.137050 -457.482874 -370.041628 486.696064 238.058895 -470.090137 171.853602
204.059550 -1257.698097 1003.297692 544.945542 726.476216 198.827107 -434.529821 -245.751421 -507.205000 1026.203258 -426.831788 402.510144 -104.956374 547.996289 199.585116 -404.269141 830.293872 648.592320 -723.923666 -572.950401 -922.163674 -61.185107 512.202115 -701.698520 -699.667085 -232.046756 -9.040134 55.184561 152.556574 -374.811507 -35.463179 -112.831734 297.308656 374.078492 -124.047457 797.844683 -572.383443 654.009668 -254.395352 -531.773299 165.439514 118.419335 -170.305450 471.450246 849.143486 -4.444344 118.538027 -238.059994 537.824232 141.656992 471.314477 1165.914605 256.626654 477.281595 -547.105085 248.190633 -101.341077 -326.857589 -434.724854 -494.535009 761.859616 196.772708 587.075941 -83.262101 -245.285565 276.395716 -198.140546 -591.721912 -43.629713 57.190081 -577.572499 132.454826 386.884471 275.475029 -35.321708 -731.682865 287.031902 141.694523 -708.542200 -297.472200 43.574176 403.356617 -223.984088 134.527280 175.648755 -88.887955 148.498973 428.147000 -89.856362 -41.096479 592.197173 -84.757027 -507.046344 -87.008538 -955.557979 -91.488367 -813.044268 -494.875925 210.173670 -117.968630 912.463379 61.522795 -375.465107 -645.415047 -576.346686 -284.100635 74.639874 704.401117 -80.830320 -133.835512 -130.104217 -55.648114 -43.504445 206.052797 -256.299571 295.692961 385.844121 -15.885012 189.761200 -84.839463 211.826450 -113.320900 472.943339 351.476631 245.438287 60.523325 -338.060098 -590.559900 938.907598 761.316064 173.663102 -250.671773 556.484778 26.148242 107.648020 433.595346 931.783507 493.387340 -198.410990 -39.781130 -863.574789 224.585555 311.577141 -466.982387 -172.520727 -532.073165 31.572457 -1.366415 102.924216 526.480553 185.957376 -77.477660 618.137702 -98.316698 554.070836 719.416406 -753.973508 57.735306 -465.266030 100.307933 715.647904 -76.517724 1027.369679 -493.394804 134.356817 64.071675 46.759275 751.600761 -49.028858 424.902159 -671.974792 64.492410 845.200425 147.227098 15.464969 283.791686 333.278711 117.905357 25.451559 827.320383 503.600307 960.478395 226.245490 487.587007 -569.349187 -276.342012 -141.183754 -316.238994 -316.834881 -433.569466 -529.226289 -124.336291 184.635540 -83.234894 -298.351407 -88.107559 -610.489645 26.948886 -531.903176 -380.945307
-235.421504 945.953939 -267.408224 -636.685009 -495.523121 55.673332 169.830289 191.520531 -163.421096 -308.280538 381.129178 682.759941 559.515444 310.908811 298.702498 41.506296 -217.341725 -572.992192 -973.437357 -558.671292 46.729183 1261.852876 -276.423879 318.384182 281.956216 738.082051 -163.647743 -783.634125 606.187521 343.959978 -18.554405 661.512077 -197.542684 165.874239 -138.779480 -263.505598 -1120.021277 573.983660 307.077824 -554.758409 -163.937512 92.613749 -510.238185 187.753664 -562.570013 148.141865 -128.949694 -56.376364 -55.626705 1087.315295 296.513880 -946.619677 526.981304 -698.255764 365.317151 -88.434843 -223.027547 327.092414 -114.020831 474.767847 63.509729 126.895187 -455.005426 285.113829 948.465088 -239.551142 -461.705718 216.722752 873.531752 -550.225988 308.734746 -379.385692 -499.665936 117.271200 -310.314772 -104.119445 312.160928 187.001119 839.619299 -75.462122 -945.640567 -85.173727 670.946219 113.898691 562.349148 95.793247 -409.524941 146.342143 467.180589 1067.200811 -383.027751 -812.730373 76.611144 -427.654240 -998.306303 -63.275447 136.680969 -58.700261 289.471811 734.038363 -162.483800 435.416152 -857.569316 -70.982306 405.768096 873.743297 -607.397408 -427.071804 -1151.577185 628.223068 133.433572 -409.376730 220.403862 -107.407440 -556.554600 330.232548 232.802643 94.540469 -257.259754 229.692772 -824.535924 -430.303700 99.045537 -263.391713 321.398763 -218.715617 -466.379927 373.935976 -293.971541 383.442483 -636.529273 -237.940354 -931.151016 241.261669 592.210500 36.678368 -48.460891 -42.521333 -343.270021 38.724901 -516.479839 306.971659 13.167399 -1009.083936 135.671782 -393.875674 540.622054 -69.448291 495.538328 378.310433 429.180624 -420.515699 67.782865 387.955084 -4.641133 340.960832 -266.665227 -549.288454 -355.073775 20.988422 -106.400950 1247.220790 -169.511772 -161.643901 -125.604000 280.281938 14.865804 -332.433137 -190.277137 993.466019 570.115391 -639.618214 544.454106 -424.128307 -912.813722 -1006.732611 532.989887 -375.870862 209.426227 -419.334880 1426.810781 1043.643693 -328.894651 -500.001013 65.513653 -1358.398901 -90.032982 -646.995928 835.928872 455.913915 -512.316625 148.584493 402.897573 733.725628 370.618765 -716.171202 -219.839728 -136.809381 -242.008962 419.196584
-773.133533 15.751871 116.225809 -583.688135 904.280667 262.689723 405.073714 -341.015925 -561.085045 695.979941 32.886550 1351.539386 710.771284 598.742885 -142.016387 468.657794 -679.345032 478.888029 -1068.557426 -401.685825 245.024847 -259.311893 -351.502244 322.432372 -307.471509 743.564251 -538.672940 355.659380 -228.457877 261.838063 128.955956 -479.815506 522.410446 695.059284 -405.158195 307.995093 238.489215 -359.762046 41.101236 -479.586944 -1130.868834 68.630563 -114.807183 209.951691 -533.943615 -923.346251 767.495653 594.508102 -266.848594 737.856624 307.039081 -479.593704 667.831129 -1256.820779 354.745091 -961.817203 111.568817 -883.118752 -67.426568 -908.453271 395.589785 487.849663 474.838401 -429.253414 371.098651 1143.332815 581.509550 -253.766746 346.709138 630.007169 557.166685 385.035525 -375.544624 648.593389 -295.205701 534.686545 397.100130 433.859118 -95.603151 -353.866051 -1249.206356 -518.974768 22.865054 512.615357 -164.167162 665.916794 -89.437383 -961.003976 30.708315 66.436970 -515.525961 -447.102816 1128.937841 16.079684 -398.594884 636.253513 461.847760 -164.694795 -134.397441 -517.204675 -480.829482 832.616781 -74.934806 460.129112 -364.743724 144.291865 -413.335651 -200.013169 -664.372045 61.259908 -176.155411 -43.159554 -587.250576 -236.658761 -506.394940 -170.845672 -852.266113 -1082.134706 182.531579 99.862283 1552.241672 40.030741 -714.600119 896.603946 695.770276 191.523953 -78.033335 81.906307 -559.748443 11.113772 -366.502486 -129.930984 -363.628588 421.448242 -303.615205 -326.227106 125.328370 221.294761 655.408147 -34.740513 -5.212525 -156.426266 495.752647 -37.308951 550.970283 1033.888536 245.346171 -294.491216 55.179660 53.966385 185.436171 -172.937645 527.863766 244.919685 85.086720 57.120652 -490.882091 -119.659397 150.948158 165.124337 690.622447 -29.064443 907.808636 281.780174 51.297315 -260.225169 107.770927 -21.470552 -153.383525 -384.127486 -104.515003 -842.922745 -1706.810385 419.447872 1044.123198 422.032892 -28.920506 -388.762766 -54.627805 -444.175825 485.727806 147.192465 48.071018 -645.764834 -99.273909 -658.000749 473.176111 -234.686884 715.989375 -221.522993 -768.991163 281.858880 -39.830122 -934.589111 246.718938 -53.873150 36.101598 132.095345 60.205346 -877.602412
-231.636272 416.980542 452.784767 -287.985677 306.476771 -643.019305 -114.994475 107.344014 856.070279 440.285352 39.004416 -452.649797 12.124444 469.930934 -52.960828 170.551319 462.106582 236.563391 504.316142 29.605855 189.483822 771.146288 148.706747 938.597057 -464.793648 -164.447924 -612.064558 -741.136704 674.725713 -281.949053 911.103457 -904.700381 -178.760829 -242.591321 -5.791124 559.049563 -150.195804 101.833529 -756.417328 419.129609 -2.753943 -355.696622 143.362286 184.513939 -388.596049 -3.981334 408.056834 128.965296 472.653827 -388.968577 28.099982 -359.897676 321.645214 392.457952 -523.494985 -960.684613 256.111714 -169.836641 1200.031893 7.662983 783.977784 -634.576340 717.794754 -72.878570 -235.151756 -513.301770 -780.518043 191.134986 -735.310897 226.622458 -204.333165 -108.924095 -66.925428 -56.747467 785.586216 440.775859 -163.156523 -150.910201 200.226359 355.263708 356.634869 26.224924 -981.793157 445.327501 -60.093011 449.635675 505.834986 199.537673 150.134491 -369.169198 -597.730060 46.421367 650.397177 350.415924 -176.945612 -157.713778 587.946730 -74.923688 193.733026 576.649581 553.229652 -218.519370 -278.465862 607.194049 436.225171 438.204701 -337.076686 606.421468 -121.185281 618.698759 -257.407940 157.478341 24.551019 -350.196616 784.735522 -20.340786 -166.834449 368.208347 -102.896397 -149.638558 30.045260 621.979953 138.156700 -436.000348 268.828810 -135.619512 -557.406785 -484.611287 695.009027 -674.284397 80.492947 773.830000 -943.879722 -711.043024 352.600167 796.865557 385.451984 -219.338319 -256.377878 272.172831 106.935446 775.836178 940.740730 -695.103782 -97.677163 864.525691 -112.291379 250.193618 296.419251 817.864862 336.244435 92.106778 -235.527575 495.919466 105.000414 -567.288397 -475.591958 503.994169 -377.972346 -323.558620 363.467650 254.962538 -170.464856 -251.631604 515.991992 22.878876 165.130683 -37.358819 -819.751237 -514.120905 279.335946 69.537185 393.558356 -293.229474 423.956838 -43.615965 -759.035627 -858.933255 252.081318 -841.928328 27.034729 11.695946 -948.120649 63.150557 434.930502 439.813057 -974.306761 -90.633226 405.952066 -510.871070 305.640371 -694.332635 -583.518094 -886.543364 617.205693 -335.954689 -286.197810 233.617641 -157.852737 -337.295117
479.236013 -792.791507 -115.963600 -553.424383 -242.168495 745.004137 227.953320 232.122853 192.239067 -53.448087 622.686146 -706.303005 633.802934 148.951343 -899.923130 -11.070083 181.170592 478.790533 20.718379 93.046257 53.481047 -167.222840 461.136907 -74.938727 728.263529 -163.542634 220.858467 -461.398500 733.097823 188.436776 834.638050 14.122165 383.767540 852.300527 -579.176524 -477.884105 631.291427 -193.197905 -87.975151 299.174123 345.542878 203.823366 -622.479237 -802.724445 401.978077 -9.988048 232.913325 -191.581530 86.797764 -762.739890 -665.725984 -1092.802455 471.826673 58.547499 76.526760 1040.575542 -455.861573 419.114146 -591.799500 238.118188 -49.074164 191.971288 -412.464166 222.406314 -105.395263 150.228395 -259.247319 286.182524 435.151010 -760.033609 127.740532 -160.233800 -883.330978 933.913879 -9.528754 458.584745 -151.921347 10.158000 290.681271 -508.287967 -200.691669 -234.860687 -314.320680 689.612314 -439.630380 34.015362 -839.862353 264.562377 165.186740 618.403983 -45.371956 -639.813102 332.139498 -950.912002 168.888568 -86.137379 72.348716 506.062027 488.287348 -472.561161 264.524764 418.503949 -118.205449 -545.309662 718.718013 -172.064556 523.543196 -183.155558 -103.425860 72.687662 339.720586 -13.641893 -237.336532 -29.610520 -371.851671 470.202060 -20.969357 431.903684 -45.957960 496.126180 -142.703224 1052.392807 -794.001907 248.408659 -601.097956 627.487872 179.130709 -301.540676 -826.039811 1519.573141 -445.143527 214.361781 682.579795 198.988465 173.095884 -424.010104 -172.575471 -96.405216 591.163789 551.994089 99.431884 45.220757 -425.817853 -149.756899 301.233419 147.603343 802.045486 48.838961 280.417492 -34.635460 -362.120397 -121.568562 -530.836454 159.950412 709.577997 206.004875 -325.120065 -532.937872 17.090729 801.048258 -990.097594 586.308092 -1246.433969 747.419195 795.327479 1126.654637 107.358868 -251.351248 117.694506 356.432846 622.410594 50.386853 -1326.752060 28.830709 -347.336636 62.200553 24.681993 360.866311 231.447463 284.134438 -443.818569 141.813493 -831.838832 -28.894625 361.429865 161.307430 -300.109064 28.748296 -798.641486 603.617199 667.319507 223.921210 -250.261471 552.345047 662.952283 318.088806 708.818281 -489.270012 -79.116976 713.575634
693.714532 536.020340 8.220465 -119.443396 260.334907 534.512127 -1344.854647 156.046056 -510.049682 1063.437330 13.420717 452.715081 -212.814752 -23.284055 203.621842 663.742718 -2.019297 -20.019308 22.710484 120.428354 -167.895621 360.788594 675.234280 -22.178414 -161.582900 -296.121441 -174.741306 -66.563315 -410.156793 630.005461 656.588813 -253.541739 -201.803508 -344.888450 -1487.288720 -166.515108 -383.382652 -335.301125 -383.121549 87.323877 -11.466753 -212.383064 97.196636 -456.173540 -897.724426 398.374871 -519.763162 92.457588 284.643945 25.614292 -661.978945 -337.327891 -537.188498 517.918739 91.128689 -590.330126 852.952536 50.260297 -110.016087 -949.890261 182.531744 247.671026 136.691274 879.725420 -27.625809 -729.669889 -589.247927 152.260863 293.459914 254.087735 -31.509861 -257.138647 10.643349 140.447352 -450.753394 -791.299925 -224.104807 -202.983672 374.371597 -321.159727 -855.038031 -210.616182 1160.506510 -252.440457 -87.720044 -139.810015 -326.583287 386.511168 -34.140137 -445.647940 -282.355791 175.365125 -69.230874 -58.232831 -704.783934 493.005665 309.648989 -735.920047 -139.083679 -403.756956 -300.403136 -341.172357 970.673027 -258.809759 113.067720 -57.167634 527.151329 574.373610 -733.219310 -498.065075 -68.096959 -61.011381 125.893092 704.912429 -510.655801 -534.578825 490.601283 124.441052 -372.409183 137.732922 549.304194 -253.318216 -109.826188 92.413219 -182.598908 -628.189215 -715.732063 539.550008 171.832394 138.263103 -621.839594 35.942216 -328.512135 347.606891 -365.239281 -2.383981 207.643346 -607.856970 10.909745 8.787471 25.985836 293.823068 8.869745 -576.001491 229.858337 267.894848 -235.199655 32.817639 -1387.137785 322.485855 -31.535415 -315.179891 82.733660 199.691348 -335.802022 581.777482 106.639519 -84.072721 151.721421 374.957191 -927.421237 70.594149 -235.862289 -661.130439 -330.205124 458.869051 73.218900 -316.453002 269.586750 -560.188115 12.472421 -630.073450 533.423686 917.279076 240.145724 -733.067927 -606.860467 -201.379410 356.518525 148.183194 -244.244894 307.711105 271.304803 -184.023667 -170.695591 -202.058384 711.625975 -823.881983 476.319475 620.859551 -79.896993 254.841969 -480.680325 -660.397590 -391.150101 -147.471157 -693.080185 3.688497 282.502981 -155.451679
-126.346243 -155.020288 -40.851041 171.089518 774.428891 -372.358471 50.443916 -519.096783 -633.160403 11.781307 -555.410695 -234.745370 191.258957 363.007111 371.946350 238.953396 -634.040116 -282.285059 -605.433144 -578.145303 726.788630 -162.212986 461.660165 -326.321252 -140.120626 -334.780690 -119.161379 631.471671 317.628521 276.856057 -311.709053 -378.645965 451.784698 -319.155520 -623.891939 507.605746 -661.013836 1060.932608 679.511118 70.687725 -1002.851118 460.331899 348.323820 40.972050 146.810266 663.764834 710.103235 -206.639592 -875.832541 321.588331 105.217795 -79.933260 59.422234 199.596562 23.903876 -736.888515 373.598233 224.649423 -293.180711 -20.762036 440.864761 479.573765 63.669377 -32.208270 -412.979124 -567.077300 278.564362 -219.346769 33.041069 -746.688172 -366.250346 -104.981524 830.081473 564.822612 -289.245813 -245.566256 596.018319 879.032680 -40.044317 176.043401 218.872741 329.693049 -327.077255 -23.093234 -426.056300 206.815838 178.423531 858.899603 -69.100206 123.595897 -86.188118 -308.912268 -52.008187 49.315706 -158.719471 113.474968 -308.762168 -150.289690 -443.631785 -469.554350 -49.246781 -583.919988 -116.765441 440.492753 -290.227776 793.875261 819.341652 -435.475826 371.244883 153.900851 -459.627590 537.772703 141.998986 307.588982 -612.520895 183.995962 212.825280 -746.063848 -227.472099 384.730391 -95.920514 1039.955127 -63.947635 -142.624240 704.999158 -344.935732 505.439949 372.697950 75.568287 67.764550 294.754049 -738.143954 -60.447953 598.800240 -708.599143 -1041.690208 -603.860529 -556.647094 -331.564073 876.270576 -75.285495 -286.980829 -409.460315 -288.248940 368.049796 421.825259 111.004253 151.713457 614.722111 197.870088 -379.107736 -561.260057 -1233.203929 -319.456337 259.413964 433.598965 -501.056009 -64.447462 155.709586 -149.399188 234.095001 -580.552206 499.797223 433.812819 697.927831 -1155.526668 -9.374671 -2.399123 -169.296003 -783.350320 161.562284 748.369910 -716.559734 -537.354382 -420.119062 1032.841504 80.716165 -237.614940 -84.861451 -316.041608 574.610464 -8.071702 168.221777 368.200771 368.207781 450.269887 -1073.188957 790.153453 352.430790 -370.544959 -1015.347271 273.743350 0.159569 349.674503 468.963684 -129.132501 507.588384 -858.142738 -226.545247 402.239113
182.994460 444.695708 -422.123619 220.008601 155.633291 -540.601460 -736.079846 -99.135458 -148.716944 447.745976 -406.483570 962.369084 191.408955 304.679039 73.540472 694.215137 -212.646360 72.784333 -565.935114 446.994734 810.356736 362.313099 655.090789 122.056935 -58.442116 212.713521 -170.099439 218.610075 315.914718 815.666453 -297.666389 -1145.342264 -211.737942 426.670191 405.381056 557.097508 -24.416407 982.233079 -537.518299 -1232.313170 -486.088506 310.713169 -296.635738 -291.737913 632.304049 -379.383820 4.839842 -137.891292 164.715643 397.380341 68.743552 -554.856413 -434.657701 -187.081984 232.373171 -152.633090 -64.395750 610.652381 170.990751 -177.652852 55.300078 109.379986 365.765150 -157.539714 107.876948 349.330215 -121.512433 -37.676630 89.625239 215.083483 314.361769 376.314647 -154.489419 117.403782 -684.994134 -395.493013 -190.490528 690.349432 849.537267 -70.100645 -1081.071003 -275.098515 -428.394203 -485.769101 -492.277543 750.949675 29.117195 -517.040608 -276.841357 480.547943 50.311117 357.921406 -518.824202 61.262662 -794.989668 -3.420095 -103.824914 331.310105 -430.947505 -901.168732 -435.329482 -250.015905 324.865839 -345.953609 -753.213192 117.883211 334.755377 513.769152 -893.558038 -288.747094 -494.142761 -1243.315583 49.252890 851.687821 -390.263786 -167.915891 -536.592828 68.661935 323.063244 -607.458751 -210.529721 -67.882449 434.076692 225.507914 324.566989 -1095.193580 -159.763020 559.754735 581.273779 -414.769300 -205.441630 -292.479865 -528.435452 -697.660651 -719.687605 -363.733851 -117.153560 -613.316576 389.025582 -12.212791 -270.722744 -527.666725 960.129711 57.539272 -568.254900 474.504589 -73.489932 -6.650132 -80.269696 -23.851478 39.024934 -138.468045 -673.210426 -596.997780 262.998624 191.613638 398.592441 289.011576 -58.770122 -725.866263 -71.345637 611.927044 25.914098 109.668830 -43.566199 325.228137 107.341724 -754.525427 193.893700 762.561463 335.975160 -669.180588 801.119047 190.526687 -256.788770 -165.661362 212.209053 263.988670 -220.012346 -359.305993 397.329779 1028.671210 -9.600792 64.356140 -512.146703 -1143.263787 -462.079200 422.162045 1280.146240 275.895205 -583.267251 -528.870678 -170.020940 192.389520 -233.786854 -64.645566 -827.618940 -228.880855 -136.497771 -447.036062
249.524537 330.665657 185.132478 962.195637 -786.527430 386.304955 397.017151 796.030320 -675.134321 -294.925082 688.950571 -464.474114 478.792793 -76.808758 -679.107580 6.839628 -309.219305 427.399194 7.774746 -458.405302 703.951390 863.219275 -163.056898 -14.633914 300.515847 551.675881 394.824828 190.088942 -610.864594 309.877877 464.731155 -312.600888 -341.274772 575.398057 433.698852 278.313747 68.562011 -239.444735 28.385428 69.917728 252.592274 234.073112 489.073903 31.062405 575.916554 -285.113618 -183.413370 55.247317 339.933803 -831.651736 -118.924468 459.081719 38.614199 706.077596 -435.270513 289.202780 162.937609 567.336671 -8.136464 266.301716 334.777925 705.558174 525.305256 -785.229855 70.135924 -395.302814 285.729139 -239.779854 -690.527142 223.923546 485.667804 -753.191321 840.517788 -156.529259 430.485391 -302.387153 442.605689 121.264929 -168.750308 673.287462 -1137.480486 -230.811110 247.624798 -239.094665 532.965817 -612.334410 95.031102 349.140002 -292.545822 157.944687 89.733906 -636.704550 240.075264 -369.373958 598.589544 -145.526777 515.730426 -144.261211 262.340973 444.769226 131.420488 502.089967 -195.697847 662.126355 -442.304067 -519.073544 714.947687 528.968152 228.817300 -55.750179 -407.976197 -329.628181 -227.247250 144.798454 -1044.886047 -124.000833 -93.568382 -156.697317 1001.007079 -503.417417 -309.299356 342.354310 65.876185 679.038002 -702.539304 384.493909 65.507302 221.829703 383.394349 -289.581236 1042.966592 -130.238552 -298.285303 -127.365559 -368.700598 -14.193811 152.635195 458.749533 841.449021 -455.954752 37.637284 -182.925465 98.131996 -212.793878 607.423698 -398.469916 -170.142851 132.397438 -195.251691 459.746517 -149.058088 612.438700 -177.525480 388.615251 26.511247 478.093553 273.266525 -156.403861 520.595251 148.077373 621.447554 -889.521685 172.812077 -75.644630 215.065597 187.171724 -309.447113 117.128328 527.911790 -593.692772 -717.154752 -546.533869 172.748888 -80.546550 -597.288959 -694.371846 -536.709400 831.797470 -66.655651 -773.486000 263.372146 193.354932 304.477023 -243.258757 -662.336824 2.226432 -38.475317 -130.240033 107.283028 -38.792821 -505.387030 -838.069433 214.781439 -148.714017 -98.303351 145.046200 -332.307051 -342.480947 98.956165 4.197580
-415.419674 215.384417 -224.956916 -185.564139 -372.316894 -1236.466798 -741.338531 -906.506924 182.311620 407.820269 -173.381262 -257.655572 -299.739718 169.325999 -559.692612 863.083390 526.923393 512.790031 228.172414 198.301992 219.475376 500.331591 77.558285 225.315060 493.930924 -988.311904 42.339880 475.103465 -74.137964 -268.656205 -544.682984 393.515159 -200.711213 -19.160112 -158.957054 -11.833625 -47.131459 76.154312 -336.181947 354.990391 -612.497331 162.837111 -227.547508 -642.039778 278.576748 38.358866 -63.871758 412.679632 -487.876171 -140.527324 578.314536 183.562476 -228.309389 149.452883 -126.433591 57.686118 -74.067808 945.813978 433.739094 417.664532 47.913457 -398.114745 -45.624609 722.473556 -52.410485 -685.405468 518.937620 -337.627992 298.232498 159.546276 171.204532 160.041043 588.032080 -235.609626 146.284812 153.903788 -51.544216 -120.580503 610.888086 283.579928 423.178794 271.711076 464.964494 -610.330942 -62.078261 477.454516 391.191086 220.671164 933.738824 -539.818608 229.199698 80.602656 -317.728720 226.232524 328.118123 -85.964032 588.324157 -390.762313 122.527169 -189.979096 -45.499294 556.514292 660.330344 -409.902138 848.890410 229.162563 -406.249595 -343.778868 -478.262066 -478.554470 743.086051 220.809703 -815.379847 280.775951 -255.147059 -4.093916 227.490517 378.891279 -1138.992334 -336.982752 -278.002147 -789.679364 -158.896486 463.595566 141.151437 -436.548499 310.898694 -83.441760 -531.364504 -825.001354 -124.680537 13.016037 523.451532 -249.774049 -308.172206 35.406198 211.876291 -365.464086 73.777787 -85.467102 -413.247978 807.108423 192.413748 -37.689600 -526.726688 -1040.580016 -577.891306 -193.619369 -215.575235 156.357578 -598.671193 -658.130255 657.512839 -199.025429 -181.102563 -383.425434 696.040414 -950.465308 -711.264837 -296.619303 -161.702942 252.244235 -140.267441 -421.301434 -66.554181 -900.574578 261.662072 -652.850651 338.395353 358.607650 -424.035517 311.228104 860.997079 -5.119307 -255.198405 -301.678307 -231.397141 31.853310 1064.547470 78.436761 -171.217548 55.738812 294.575850 -215.411672 366.243246 -333.003208 -1024.197025 -421.247551 666.890731 255.974137 451.263374 -948.737553 -662.007247 370.946763 -421.870942 197.679826 -372.362655 -36.021587 434.487331 54.918691
-435.867924 148.137516 278.303735 12.070085 541.579272 110.870432 1039.218587 286.421764 -176.257750 -262.520129 -140.010395 -84.994434 -163.819930 -433.243692 -111.158859 -266.689652 -216.185157 261.178473 784.976362 36.730617 -138.185161 -453.323336 -1287.903954 458.435264 306.114648 754.820787 635.798320 50.695736 -499.698828 -444.148743 -301.724897 -88.968760 1048.471975 233.190442 -503.765530 661.274931 -12.971629 34.826051 -428.379682 249.772076 -78.432317 169.288952 -652.370783 367.833823 -476.789242 -777.647078 523.787170 201.424908 199.401004 -818.172119 401.247983 6.658032 -317.698267 143.144317 262.958681 -78.686449 -150.369825 86.581448 312.237614 1130.283876 -121.984809 -368.739083 -579.507753 128.011390 472.756315 918.787887 6.105076 163.319474 390.605201 340.280047 83.683525 668.120871 -601.430466 -368.568846 1104.154948 405.599636 -252.013226 -378.769230 -707.191739 381.118504 194.096661 -296.986420 -452.492806 -50.194931 -819.479735 74.674145 -68.393941 -250.697592 -11.811041 1418.537240 -801.498833 289.695566 -471.075780 -23.546055 924.548959 313.169974 -271.589657 577.379946 -124.340230 601.401755 254.002559 69.827636 682.772070 287.901293 -676.923375 -66.381286 -253.937415 -636.874704 1603.412368 1412.538069 -330.777305 462.337168 700.126887 1130.571266 311.326409 -298.723608 -342.273350 -60.960736 -486.030793 -195.283960 -440.995185 0.018130 -475.977343 94.668621 -22.578254 405.668168 399.617412 496.404315 -59.064683 -414.937351 322.297723 543.150092 -84.689140 -83.150169 -243.887906 -209.778941 372.346106 -203.428009 -270.676033 -911.453726 -220.772305 716.230704 169.888955 276.080364 -634.742299 123.440600 -304.136201 -58.186184 808.760215 -30.118314 -1429.421107 143.291356 376.290569 -737.459572 -851.329331 -476.739288 426.730311 -1042.377795 -28.923808 -579.954655 -9.923374 -439.916061 520.998876 178.399382 204.554295 -261.893234 47.424597 -228.562647 54.279288 851.189562 142.485098 590.351051 -606.930779 629.220751 -168.665955 762.227063 -241.942682 -733.803928 73.026517 720.236933 552.321531 -565.328658 282.567102 -171.217317 817.635017 93.604325 418.049169 582.178541 -514.106959 -17.704779 -525.627161 20.041115 732.283149 105.714803 -592.510838 459.473118 633.543540 -402.113982 155.065772 -643.581731
-475.927953 926.396166 38.653961 130.782532 919.756244 -249.164276 377.423106 -700.447381 -392.160091 25.716295 624.489710 224.229719 234.478731 -99.153635 -384.897960 -490.007542 -899.969174 -1529.071979 40.392232 -408.275258 708.082881 -551.689445 150.073325 -89.715299 85.793417 -387.934070 135.875591 75.210659 552.269293 135.902859 333.726546 107.655114 -191.510041 -512.497169 429.032846 137.627245 -129.747452 362.861414 -159.484830 -584.782128 431.779239 -517.447561 434.808691 53.711178 906.332896 79.050461 242.342376 -146.655395 -962.464517 507.060185 657.979415 -389.556043 81.274853 -272.061269 -441.938262 887.287807 -22.186959 -509.954795 168.811758 349.862893 -285.170410 -624.768506 5.869981 878.233003 -23.193645 -414.626776 -681.895925 -191.299448 400.792748 -65.244376 -241.059192 29.988892 -891.786643 -91.976496 -795.532035 102.659392 60.627871 -371.719840 -53.864320 -4.992708 476.723918 359.216415 -151.310111 10.170624 235.742606 382.522705 406.222135 -184.095106 628.678872 -303.138463 -209.110186 -108.325557 410.311051 985.019196 214.226222 343.133382 967.348838 -588.106906 -19.472645 -211.791879 -113.851350 465.814298 652.579018 576.192828 -726.318968 349.643002 745.247522 5.905022 -242.277801 -22.448573 93.412525 -441.828909 70.618157 -1486.718649 -66.307776 -225.342639 -404.755637 330.462530 585.706898 -624.290536 231.631467 -84.931644 -237.173168 -920.958146 888.962924 -488.510826 -382.900285 261.510008 -6.945646 -617.872771 -390.033013 124.205990 557.229345 -384.739975 -259.758119 592.725908 -314.634895 -542.348847 84.890154 1437.108994 -80.513008 0.138812 -650.642699 464.950128 -190.849221 -198.825924 123.920346 -328.616178 -63.791728 12.132250 18.926221 424.586312 9.198332 -245.913329 534.099523 -265.643380 -626.477977 -429.071971 -191.570801 45.853033 -7.180560 842.799493 -244.313972 -461.819249 178.612205 493.380307 46.857910 -266.074973 252.244438 -377.908228 -396.983117 706.555122 438.402389 202.817122 -255.497048 -636.046027 -309.680654 344.050848 81.092115 -450.621086 -476.063121 -692.171745 -532.586569 710.443824 144.429008 -63.129530 124.053512 271.263365 -266.020602 323.172978 567.862197 -267.813062 348.005401 -246.932035 370.749427 -1111.495504 -141.089429 -333.785111 -226.085159 345.325335
161.685683 370.147972 36.307380 -1123.737201 -343.538990 -411.480370 322.459689 -246.005722 -744.697376 -320.226396 487.551774 -97.359600 78.299117 89.494416 306.937926 910.923270 -99.859955 -427.362758 -799.938567 406.201490 285.141188 -720.190327 60.433796 474.241230 841.538602 177.003674 -301.594782 544.760006 136.970195 289.117403 -652.773713 -229.280116 -358.372152 -16.429582 528.335499 -542.313881 -599.339276 564.393211 1125.056273 -986.946183 -791.892856 -721.484705 101.838738 47.885983 294.748053 946.689592 -409.373214 232.036994 -377.827714 256.218830 -65.461860 -165.280107 469.375653 -380.233717 341.804749 -127.272652 -31.817126 -413.510319 378.079884 -119.469735 574.851290 -550.135940 -336.424922 886.944958 -385.443184 247.654545 -916.118447 268.309211 -271.396773 -14.916646 -29.126983 292.785132 647.720252 63.672519 -587.617602 -726.396494 -440.909350 133.834867 220.014739 -125.001734 453.856397 113.964955 91.797074 307.919989 500.516286 682.123947 223.748299 -587.114275 44.225877 -135.781758 643.113425 -579.196089 -958.855396 512.025267 288.441218 114.519188 -183.479216 397.178314 347.598165 -503.974860 -1127.857032 164.402623 463.220475 166.199380 237.700296 384.498633 -47.585521 -882.451940 53.667456 -119.375260 -762.068889 344.249241 -514.220405 -796.993063 -542.445741 -398.684689 -43.270748 -921.579613 -95.761024 -353.901346 -19.769150 -225.961037 -90.820214 343.433856 -51.041988 -130.027564 -184.756168 402.033592 -847.805388 377.178568 529.015831 -88.738737 541.403685 -104.923006 102.892961 -173.463828 -812.454900 -421.032285 32.058584 -45.440371 1105.657146 -290.279443 -530.534609 311.174269 339.220538 -579.066634 256.751575 -96.003800 -458.613655 -415.681469 538.320922 112.933585 -531.132948 195.606776 -302.598955 405.001249 817.963089 200.803534 -237.780110 -36.763741 492.030767 215.190643 -521.655649 221.165280 -104.646770 -1126.758430 200.626208 -300.545146 -106.259532 -594.271008 -133.143108 -574.428583 -140.253007 -63.679283 365.559640 -1267.398336 466.724250 129.728132 -567.242011 48.244574 -85.269501 -162.912336 -196.443392 -870.206780 300.540352 -367.498307 214.728540 9.071855 -157.072590 240.112406 -1064.420647 236.071872 76.804037 336.468378 162.895566 804.053744 -41.566858 456.827072 -257.669675 -672.923520
273.685692 55.341502 39.509143 -460.566094 65.271001 466.154379 369.418015 -21.453016 235.506425 389.020333 -10.758402 320.809802 90.280672 -777.154285 267.037601 261.326917 710.979905 148.159819 -888.095933 397.578925 -272.711456 -1198.231462 204.636048 271.029654 47.204518 561.093061 20.281871 -138.531639 -516.433508 -74.747670 -21.912624 -714.505726 -406.105953 583.385373 301.657103 -319.542592 -695.220754 -552.900815 -694.766467 -265.374282 29.215811 -73.324706 473.940252 -857.605176 508.086718 520.963552 93.126341 179.397590 -218.345132 622.232949 -93.521176 -468.927027 -304.248472 -379.206859 372.952185 242.598627 -413.957574 -400.274977 -98.511321 -267.955942 73.200900 207.979805 15.442803 -130.320708 229.567581 640.624081 241.422769 -145.941018 297.064901 34.506037 624.704440 -208.552392 277.157143 1100.788321 -748.731363 -607.539498 -605.380578 -142.065755 -37.890279 -242.215384 555.025570 -93.182812 427.923924 361.850137 -77.323631 -230.496453 -440.798996 -12.065300 643.391274 -90.958570 477.648097 164.412983 74.565871 -530.275139 -689.881895 666.365955 -786.224221 463.247554 -94.601245 -288.646870 490.221099 -226.949007 -230.725596 -26.490020 764.542006 980.587440 713.049750 50.869925 -667.115725 -685.604862 -56.868470 20.428334 -352.668818 -204.026971 -38.938706 91.058525 10.105954 -192.645959 -128.958182 -242.745657 -627.942867 287.938754 -313.798638 138.804747 29.941644 276.418158 -186.672450 794.357272 -579.663631 -62.018610 -464.385517 -161.827327 642.924484 416.057015 71.017951 173.901234 345.813447 -593.365921 275.534785 39.558799 140.979457 254.545344 195.642233 118.012269 -460.533239 -311.175663 108.874544 -933.528333 546.354395 -1027.409767 627.506402 578.918113 -195.000306 -262.800160 -255.157887 131.939541 981.170884 -1060.124849 14.156277 587.574740 231.428327 -121.959300 -827.492138 371.833036 -151.319113 56.100338 -209.752604 -573.070013 -145.788819 115.012003 131.425262 -60.223815 -35.778047 541.561999 4.016070 -383.239214 172.226021 493.484206 -229.517495 535.907138 -30.006906 491.057311 517.686052 -591.476150 -171.307671 148.109494 84.572801 -1462.826022 -220.993635 115.443201 -17.267013 888.397956 -442.774796 757.949866 -401.501253 104.548657 541.826317 325.525797 -313.621403 631.474470
-6.925230 288.297830 491.524471 22.186585 -385.847747 -148.300798 490.789855 89.626350 242.891787 -552.398815 -314.499133 423.665210 323.660220 -188.364622 -279.223318 -316.579614 -82.271851 560.031328 461.103624 -326.146280 493.816126 -813.104026 407.272448 434.339533 502.609300 414.252332 -773.358785 -105.285736 87.612047 479.036599 707.674338 -404.624377 661.451629 164.448662 787.202787 -75.753639 471.169976 -70.525214 -2.696372 -9.304495 637.274763 -439.877812 306.240049 -699.886061 -483.796314 261.034068 -254.316322 -495.977012 254.685993 648.623866 -467.378812 37.625240 201.952674 474.353659 -364.012936 183.549636 -230.567017 -639.586743 -227.354214 470.482220 -25.612100 147.406318 -140.531581 320.549274 -721.957698 -936.808251 -860.231558 -284.857705 -63.420497 278.621182 53.598965 -417.045416 342.852194 -944.227989 136.874229 530.847309 -164.278900 349.848149 -586.320295 -470.754754 739.532486 -98.994069 154.315421 175.413962 1389.902399 144.570560 -311.930081 113.831687 -49.954812 -631.902133 225.318826 -55.118634 7.597241 -29.815151 226.990733 943.889700 -76.826934 266.009619 -260.446760 344.162378 -268.604305 154.198440 -713.120578 314.083514 430.188653 122.022285 106.836905 -837.388885 40.902780 -366.166951 -598.796995 -44.741213 291.125665 -624.977200 -189.098382 106.821439 -452.152732 12.391899 598.799598 -591.429502 -174.187798 204.831964 -824.187466 149.811596 554.050442 461.795582 197.739856 -530.343395 75.144132 -778.494497 194.324824 -166.441720 -423.546289 -477.108300 593.142680 665.019650 -73.751764 116.329626 159.276631 990.724610 66.952347 -210.591608 -231.862748 -137.015692 -5.886027 -7.858350 120.861231 553.430923 -376.839360 511.222662 343.934344 476.608761 -637.221425 -21.206590 545.066018 -19.541768 161.888728 455.470740 -47.681319 -739.381463 14.695460 500.378507 -145.057805 -129.637541 -803.640240 -129.542695 -404.607060 404.794869 225.047783 150.850000 146.677318 -417.103679 285.442122 887.871577 390.069648 -34.754759 -632.333962 -436.967970 -440.191488 -268.112756 -146.679324 -116.981887 -758.245565 -290.248510 103.134884 74.607207 279.079337 -107.248598 -60.392437 -152.113598 54.431482 -209.518813 263.093182 489.696105 735.566756 -334.996559 -264.355557 544.653373 55.734500 -7.442796
21.240840 -944.484644 543.432683 70.680375 110.348100 -206.024290 6.566860 -353.550727 165.360366 666.158320 -510.601856 -323.266490 -184.672049 -239.763436 -37.500121 -953.391413 703.165123 -19.963200 -477.627951 -17.479229 476.605776 -136.227601 546.793404 -34.118167 387.884413 79.286526 120.346447 181.813448 -81.361500 466.286168 299.509456 -881.161988 785.434462 -34.011931 -466.140282 453.150737 -235.150248 379.974777 632.003582 764.181798 133.294718 249.428563 452.660812 356.752407 -235.737248 -379.839964 -570.333644 -457.185733 -93.209828 227.944903 -642.541910 694.863785 90.393052 -456.270833 948.606202 -742.999868 449.542255 517.800003 115.810941 256.141308 866.350327 -90.177915 555.295227 -119.414820 629.765510 120.517719 -182.255162 505.895168 -87.472960 -1105.785239 -99.339071 -46.606148 -60.011392 382.207764 1223.821635 298.475081 -590.621270 -382.080266 379.707918 746.298511 423.856758 691.396760 345.074173 129.492498 282.916932 463.478584 989.993979 -101.919005 -541.628298 530.683227 -707.016422 -116.073735 293.801048 392.247450 -317.258594 -583.342492 -271.321399 -643.962197 83.065768 805.544936 285.203386 116.300519 -223.747464 -472.560377 293.871436 350.496515 177.776646 190.821752 -24.170605 -638.388896 -83.428498 -221.899532 -765.622720 11.614160 144.969876 -589.603268 -71.470961 -467.166371 -756.381754 -415.802604 -11.801329 -83.014186 550.032124 101.540337 -21.461707 -174.384598 -193.470668 -107.648618 -1018.925629 -737.504425 197.115857 352.003071 -28.752486 -138.354620 17.330653 -123.261558 -223.008852 -702.326358 435.779108 247.409562 656.498987 -261.408309 696.901381 595.952430 3.882055 645.499818 1134.873616 -1.508236 358.303738 85.161760 156.958280 322.278546 869.361665 550.340557 -137.773543 169.234062 -396.021001 594.016309 572.148198 -61.809847 73.784005 673.150955 716.132488 67.591048 310.905852 -342.761308 -935.924255 -76.107770 318.712901 519.940211 489.366114 -3.654250 -692.233066 850.671721 371.660045 -87.269450 -439.017649 -551.072761 -25.308488 -134.030742 144.881012 -508.431443 242.304556 -463.383205 436.591176 -943.483609 472.305421 -330.484821 -37.766212 -801.052557 -73.170228 639.878079 -40.211584 676.846458 1.172651 -647.370927 200.673310 269.341890 -373.165348 500.157340
-411.873994 208.265415 -620.881374 -132.922085 63.130591 -499.236650 -679.867948 984.920057 773.463740 -598.050119 485.637753 165.814080 282.394856 -386.860806 309.821341 487.637728 -54.004384 -36.023233 1054.610594 -695.338687 122.759300 268.802135 319.396835 -298.266837 -273.667645 590.031818 -223.856424 -694.962235 -678.648325 -200.620360 -440.171374 -503.619670 -470.446356 -57.476271 -152.493570 511.550071 353.262567 176.158481 4.480798 33.764102 -536.144634 776.052191 39.295041 -210.200272 77.356527 -476.157727 -191.619621 518.134136 -258.247466 132.707123 -447.794840 39.877012 186.791185 280.590521 -274.770619 564.298064 -394.452144 457.847585 420.287353 -93.538234 -61.898825 -703.195021 -506.470783 954.948032 -301.083656 198.778179 229.803681 -351.026660 -244.821517 -598.514236 384.981145 -446.349662 -277.586577 -467.014833 -330.170414 468.139135 345.963263 268.310701 540.213402 -982.267937 -29.110304 88.869333 -457.646571 -495.899495 302.831870 -208.432414 -896.697266 -728.217016 -151.696543 -572.043245 541.624580 304.457306 30.769926 262.516259 411.873702 -1170.299473 -669.681075 553.151474 -721.854818 570.901009 -324.112576 -1563.306103 -620.381018 -124.086335 24.974786 -379.441282 839.058653 -95.382967 -257.913983 146.640446 31.930134 -551.628023 -142.571879 161.563298 344.031470 488.428866 181.397425 -158.475902 -700.298267 -340.139903 -106.489275 -12.095033 31.880756 -235.681711 90.420431 -26.766624 1175.319354 661.199727 246.012400 1439.186308 -255.083397 -585.974685 247.800474 370.768451 -583.562554 -414.005256 -125.590383 551.609968 -98.398757 -545.682642 289.542130 769.886172 -123.659695 69.245384 28.858004 189.461959 181.631826 442.422356 -169.054692 250.359391 663.314717 634.452000 -107.529510 -30.682486 -71.019465 1025.270115 262.968497 790.969673 508.015917 -91.319305 93.347880 -331.327587 -44.697031 -862.080287 -463.459005 417.697087 524.270896 531.183749 24.497321 -774.713856 233.679461 694.144878 198.462384 -623.152912 -81.490125 512.725230 287.674212 516.359662 392.538893 203.427265 -594.674073 -87.041942 -905.413825 -698.314049 -72.817604 569.655575 461.890570 38.852064 215.910252 173.228748 494.576671 -915.881513 -205.237232 -659.254606 -169.010968 50.803213 121.684469 425.308027 442.443171 473.552767
104.956508 -196.447855 -198.384642 427.092649 1015.702454 747.372902 -491.257803 448.775507 0.822955 432.330229 908.887331 67.565080 -116.249813 824.832274 71.520917 -65.733324 10.753755 283.339072 972.008537 24.426668 -424.225553 -380.972351 -169.040711 552.148758 231.163685 88.685584 261.031402 633.852008 -300.930694 -159.414869 -815.327066 -912.022008 263.778325 -223.728088 599.306456 406.551950 -26.941629 1050.845555 -789.290875 526.269028 541.169030 -616.540031 -156.368911 578.141574 57.372373 1162.921717 230.387566 681.492583 -39.827346 417.389503 -340.345140 -142.232340 206.405207 1015.055433 -137.890788 488.140674 -518.862747 -243.260646 -170.258497 36.266907 -494.069237 94.942541 307.684123 -171.289528 198.824516 -478.065048 550.968564 564.727813 645.538480 -690.369740 313.121474 -916.766918 31.626581 233.808540 329.184836 129.667068 -92.681479 -624.944729 -806.492297 293.736381 -633.586264 -12.332419 260.002549 -843.259557 -110.811536 330.057267 442.617209 256.201730 65.862868 -106.126265 469.653313 -876.416055 -334.288268 351.839626 -96.977456 -197.590636 387.395473 618.273345 137.819139 -788.103039 368.610005 -311.109341 114.304504 -268.934693 -322.498953 -752.950028 447.910692 179.438539 -97.295943 418.950269 127.738307 790.232012 -281.667681 152.804433 35.494456 690.216658 -82.114249 -670.037462 -144.724040 39.605601 -74.129171 630.033359 -33.538939 549.992915 -184.661654 -60.285368 -19.983344 338.549136 347.655826 -852.514390 -485.807325 -14.658747 226.389634 -735.688271 635.399963 -296.258588 429.768576 42.660480 -439.520174 -1413.606573 -187.788622 -599.966294 -374.963484 -577.394279 -160.664815 -629.429286 -573.866023 72.110944 -148.724417 531.802717 -234.069812 53.686827 447.344295 -388.148245 -255.341448 497.564568 -97.212722 -210.618881 -617.743936 -219.671870 518.611357 -30.897865 484.551939 458.394056 -201.887017 536.484499 764.333480 -19.319771 1300.977998 1156.319289 6.414284 294.165256 524.896482 542.746858 -103.928800 -887.599637 87.667930 516.776441 -996.728895 27.610582 240.722726 -595.223388 -10.806020 603.514171 110.857944 178.966785 197.146855 -93.250173 -1197.959174 238.607312 41.128058 -145.406343 -60.776355 329.754986 -82.395342 -807.625512 -221.994752 -613.342493 -556.093310 617.706505
1048.447239 176.360408 55.409641 315.715457 540.191949 -329.992962 -615.107010 -471.299232 -820.567856 -45.976159 -523.125073 334.372288 98.108452 325.403343 380.041748 -123.703468 391.636136 -752.641595 394.718649 -572.626951 83.167430 -38.523572 -883.935517 -364.284611 312.393046 -192.461398 190.028028 -669.662494 465.564763 472.066738 -261.948718 365.388985 415.829501 23.870457 290.914069 739.784134 604.131502 -421.574800 -175.363892 886.566747 -644.108623 -864.406629 76.699840 -369.628312 142.300838 -222.176585 -111.061327 188.478885 165.373469 -277.064950 188.870324 89.298646 525.076176 120.793581 -78.929347 -816.835792 -381.226858 426.078939 -55.052777 320.343046 223.842214 559.124118 712.606725 -252.374002 -279.179164 -308.268085 -220.513894 574.415804 -258.141149 -641.693539 -615.031625 451.755545 446.367359 320.166460 361.038872 1474.059141 114.159057 23.695023 348.848002 -564.791505 66.494107 71.614918 -255.994959 -687.430106 -433.695588 404.722011 -352.042360 -632.875701 170.969087 92.578392 -511.717827 -239.039191 112.822661 -869.705732 720.463808 321.799372 -927.106091 397.743329 824.936510 321.198530 -342.594143 335.134383 -455.126321 -366.548282 68.275124 -95.706482 31.428855 517.250097 330.418372 -410.616064 -335.502023 -682.478922 274.718874 13.808571 -698.677954 42.942992 157.498127 -6.644270 654.554520 -648.921396 -458.330416 281.515940 -192.131883 -560.287105 -380.416636 252.148999 129.684402 287.380276 461.600434 -986.875007 3.639115 -228.686667 -265.660946 -1142.304861 630.104823 48.387267 -101.309145 -102.825368 200.410474 -387.476752 441.983822 -1133.204080 210.906892 466.820797 -629.914488 402.600689 -745.611356 861.304622 121.560963 577.689676 28.800871 450.422977 -84.853541 -576.858548 -1141.202469 -526.609614 169.703790 -360.481154 -61.424409 27.396244 -706.632515 601.947617 144.404649 -440.707910 126.984151 -188.579675 -246.597177 -419.753397 73.732839 -812.359842 -175.400361 343.921571 881.713534 -263.705241 -182.320576 -931.011990 442.762215 328.484316 -752.001729 769.436039 -65.961199 -161.402005 -47.092160 -246.104755 153.033958 -317.437990 -237.349046 407.848242 72.769955 342.158110 451.343291 -660.535552 -197.227015 546.559609 377.812368 -28.982649 381.339426 170.635457 -451.738488 318.657825
364.499833 -257.445606 160.542570 562.420056 -631.415386 -138.012928 9.926204 -351.535222 -399.548587 -303.943177 -1014.926275 -624.645619 -23.619434 -430.972083 34.520986 486.386793 283.053977 -195.406959 -532.218601 -893.494192 603.146525 650.927047 199.386192 45.306524 84.528467 271.644297 -439.599944 -337.101416 -574.538570 1003.697383 191.837011 -191.804020 639.125409 -31.106997 628.001842 307.529040 680.917699 -418.487445 301.046726 -1382.867443 -81.392565 13.876384 1153.860410 1121.165645 -223.766574 525.913213 841.796511 -299.390556 565.991361 114.938416 535.789317 152.896827 -343.925556 403.602820 -515.668654 -471.301238 -346.616665 -367.970531 -795.488078 362.894812 426.488900 -334.392499 109.883942 402.869526 154.507055 311.337143 -369.024848 255.591342 548.050518 -843.319243 -630.813388 -432.118301 -809.333748 410.997059 -16.019254 -556.903294 -25.282402 751.196718 438.452001 -462.519183 -1081.193773 533.462396 146.412858 89.880606 130.203670 -118.326544 206.671998 377.399906 -67.981068 -250.579022 198.310028 269.554898 -184.219220 372.103997 354.742304 203.934944 -707.756222 386.377295 -761.892453 -400.052906 -618.189035 -57.327813 -201.445967 48.550810 320.811379 -177.121703 -22.865164 -356.709863 -119.560473 18.581004 -302.478015 95.270675 -1020.684863 -1020.690889 -897.839756 -67.052642 666.553376 -122.243139 -386.944872 -359.884757 333.747329 402.000585 963.138975 323.083153 631.108383 748.140789 199.993961 248.941307 -1097.230382 369.821903 -270.572798 333.186474 -222.194201 47.404367 -453.277885 559.135093 825.970580 232.885019 24.727923 303.604683 2.279071 519.818802 -975.947977 -220.424598 -321.014124 -430.049615 436.171757 -393.810293 -670.359703 -193.060943 424.550287 -135.204613 -263.209166 -229.377127 -279.630382 -33.401668 -410.865634 -960.495361 -55.836184 29.840112 -467.074137 147.923575 -1088.402531 -114.902023 -263.390602 -235.819851 -1189.667407 -126.485851 -548.302423 26.780470 177.096561 -453.790073 883.012488 335.603414 -303.904939 -118.606414 -795.058028 -1231.464117 533.889899 -612.612937 180.534951 -319.491661 -968.398437 -562.154672 -396.569044 520.472557 474.210505 -348.845666 259.490136 -2.996073 -567.622347 363.423447 -163.366545 64.003960 28.219658 167.246140 123.670028 281.928963 -77.896717 -625.845332
413.251903 257.581277 -1157.924546 496.207914 213.582703 -266.428672 -25.339315 267.113629 -298.779982 66.968298 653.152389 224.586119 22.862796 -368.202350 -220.320428 -74.221495 -733.234592 354.899610 28.832354 -439.845754 68.917658 885.202163 -212.896530 664.659135 -325.042303 43.976012 -167.039114 -524.063642 -392.087217 -141.877225 32.662162 88.380211 0.561721 112.861659 -423.128517 187.864119 -222.959847 608.955345 -869.530155 -373.150859 411.999344 -668.804554 -821.683791 384.002393 -184.259024 -400.573245 -134.493434 -409.587016 -489.007297 -551.641884 209.829987 -381.524711 -632.320342 -823.001767 82.763026 733.092106 764.629440 260.825393 407.348804 -273.271205 -123.644219 -83.609976 331.296293 216.348352 577.155237 -117.701920 -645.128242 -549.219463 202.470640 -289.109398 589.970511 438.445488 127.883426 769.966144 -908.180448 432.719514 -94.886537 -641.767749 493.138922 1117.143679 -234.830442 -109.352253 243.949474 -461.068840 -92.217000 121.843175 -268.621798 -633.107421 805.765624 582.940759 -1146.800456 85.841767 482.013901 16.536777 -423.558080 -312.405301 -1412.647559 39.243757 -23.196010 10.196549 -437.642344 611.381214 -117.241408 280.868106 131.596139 -862.912919 212.957113 891.124432 -491.027006 301.052287 -302.665276 -31.142410 56.322137 -187.366847 456.322844 -269.489967 204.019498 -133.626960 34.436314 -257.611815 280.654038 -311.062765 -300.563415 -164.090837 233.412700 -385.314371 -539.814492 777.021935 -650.999345 888.071842 155.889335 191.029106 49.902859 190.342943 282.231930 589.948597 120.970404 260.142562 104.495071 -236.064949 215.227106 490.929423 -225.871061 756.980240 -5.484536 -44.752303 1184.248882 -546.574210 529.998957 -405.947836 1008.328477 97.617186 -130.910105 303.084258 -431.111512 -65.502953 -736.329049 112.752123 468.771231 120.061396 -328.740969 726.768010 -499.412037 -350.483106 -200.137921 -328.470881 325.828802 -833.268249 -753.335074 -201.663291 727.161739 380.018559 511.240996 -106.397725 -50.284158 371.287694 -329.815763 466.698739 463.418447 238.629979 56.140570 268.159895 266.850561 -365.030542 -242.858424 -216.931098 8.709415 -110.628866 -315.568657 354.104108 20.828803 -286.199168 -459.124663 -338.443663 -511.614699 -219.097787 453.955415 -729.369635 -533.443835 108.804180
-486.286064 -732.373747 -623.970580 -80.029225 -436.865254 -289.955308 255.877063 64.895405 370.140908 -391.640621 -720.161816 142.281849 -588.982166 -60.977745 -564.731140 416.690454 789.498720 454.453883 575.909023 -272.613623 -101.462344 -267.074075 -9.929590 -172.507174 -466.900409 422.394714 -819.858745 1011.153466 -143.714742 850.488908 285.306857 25.960237 961.494187 198.866821 3.528374 -376.051112 371.805730 -130.780975 151.558542 703.051722 -37.338933 347.115639 -152.009325 -493.285351 -575.243437 369.969489 -70.669663 17.804284 -873.569481 193.788769 215.991720 -516.306892 191.143075 200.682337 144.966620 -140.578206 309.482674 30.975517 281.001742 -558.701219 -53.820214 -1020.420912 -604.551695 103.401388 -451.776493 -453.584635 -275.142610 -658.590273 -594.128491 184.618658 -148.841025 78.355692 -226.065747 -435.111908 -794.268736 190.397717 447.734687 -769.974671 -1329.063512 368.493235 227.218844 33.575366 293.491485 -648.606141 -1038.478883 339.601418 443.073601 -34.967925 -630.904203 161.103617 -583.467184 19.157306 398.321965 -44.474876 -580.656393 -498.646444 -452.641935 -509.382536 -492.237890 -154.155822 -256.366436 478.300024 -575.367602 -150.110116 155.143108 -128.378480 148.515562 -585.459186 309.137722 -714.713849 -114.797329 646.526069 79.225032 -274.642767 1189.900408 -162.208440 5.636908 160.229717 324.533496 382.837568 -439.492834 -350.600568 139.539533 49.883473 -219.205306 -53.758132 -251.129530 -423.528968 -39.104606 -93.862903 -1023.387916 0.203974 1048.481101 586.437233 -356.271897 -628.746138 114.685069 743.951037 402.043709 -742.940930 -235.952479 173.379480 417.071661 -3.547140 -657.985847 -647.899310 -111.477590 -223.373491 366.446840 -114.880326 -22.181664 400.932584 741.186081 -329.699403 -993.172247 483.816172 860.773009 -157.917358 993.902654 -305.699632 -326.718003 685.848359 -310.004533 504.490604 -54.378945 23.459320 37.179451 -27.334630 535.928681 -548.822140 385.623975 400.520546 -684.818339 270.531937 -30.808916 138.062653 -235.772277 -286.416154 -126.342107 249.716030 -50.512985 371.425723 486.295985 -160.190738 -113.834157 -161.860877 151.297075 -704.462122 4.977004 -478.196736 -40.314149 -831.548657 1307.072604 -888.623239 -151.571520 75.136835 -388.428615 85.103947 97.252998 448.019652
-579.583564 -105.300186 -108.063737 109.861269 -551.747328 -169.325911 587.777970 -665.412385 -918.605577 632.023368 668.384676 -598.741210 2.692460 -763.349146 -195.098434 617.412460 -424.108274 84.142793 0.345770 -335.651372 457.516087 118.997264 54.507904 421.042637 -73.313274 -12.413675 -186.828934 178.420071 -656.197119 671.695731 108.020562 -1316.213247 -4.284478 -646.517868 915.145372 -294.648819 724.394385 -31.129853 406.232636 671.481079 -178.587541 -550.719404 -636.983041 -20.670533 -68.884761 431.204577 -172.328492 -327.232616 80.835400 -365.268167 17.987021 -838.799136 -80.141697 211.145045 175.893436 -766.966812 722.041241 -590.782475 -337.918441 210.117555 -385.000406 508.945405 -134.115553 -329.866434 -425.953633 -786.411118 149.709536 -384.053975 -974.406915 -373.612411 -593.399554 -56.887025 895.954093 -120.358435 -454.250277 -246.701711 -519.141745 -396.580573 -200.502936 261.274090 252.443722 316.020047 462.310217 -625.838833 223.212949 512.849862 490.430464 -767.991737 -212.916155 -312.668342 135.859503 1354.239419 -222.745356 -278.987883 290.686889 148.895782 660.370254 171.579711 -318.562210 -282.482423 439.585737 270.404977 602.658147 472.552247 -170.341588 -464.744091 413.048858 -74.040756 -88.183050 64.548065 -182.727312 -38.589371 60.835609 -287.109704 180.037482 -560.131130 -419.062731 -87.932922 -180.859167 303.370846 -404.826940 -20.545600 403.817672 -703.199212 20.805156 -500.608637 -266.234659 461.514679 -30.849994 -225.647470 173.696254 380.284809 -180.490681 -631.917996 -69.163203 83.228334 -138.745918 -69.426586 -28.330496 -119.253198 47.090740 -80.234271 43.362368 190.070788 880.926626 148.587078 753.565103 -659.887803 135.397714 -1411.655993 353.752320 -122.893570 323.017034 -109.739354 -693.893297 666.631356 384.828897 145.033522 610.297574 -13.229802 -423.769969 -518.068658 -810.112079 229.897362 59.507485 337.130917 -178.466361 -272.915219 48.297604 -642.091733 -21.073784 68.843524 821.346579 285.864758 579.255090 -247.948187 -176.065409 -372.189538 -192.854986 29.290882 -649.420558 289.938695 294.957682 295.739504 1194.921029 -59.061379 -455.785258 -141.453798 100.422901 962.780834 109.468931 596.906589 215.031394 -88.588119 -805.283769 253.113143 242.300504 -63.354340 -19.456557 -199.335468
427.306164 185.592661 -174.838050 -421.949522 219.574982 -929.886389 -101.372487 -70.538546 128.493708 661.928563 725.841244 170.869080 -816.636598 127.925572 586.113125 -88.427783 167.419391 -912.248445 217.578912 -29.202095 198.411544 492.965338 203.635475 289.672381 -778.970110 -575.508932 -540.520016 150.759607 52.469912 -472.570345 -492.146688 -376.613889 244.742337 535.032021 360.984838 -147.362380 83.880355 986.266273 -416.818907 316.325564 149.221356 106.580282 -68.010174 -383.714215 73.420632 130.378285 -208.845643 796.383023 471.561939 -291.157676 -388.453361 -65.348689 196.757722 450.620360 -642.413058 101.574121 725.667389 -856.125453 162.179424 -337.594490 -308.549297 483.672391 414.318569 357.472240 -56.018965 -20.358819 49.352168 -208.418088 133.318373 -547.363187 -88.092831 -70.230251 -125.997875 913.391107 -428.877277 553.578097 -93.725413 -14.788910 -37.167165 9.523949 -139.485574 24.696312 205.632641 457.544683 174.885503 262.458107 46.243032 -412.352282 446.127766 -418.005991 -72.655305 462.685544 29.690118 -247.322568 -388.464661 397.932175 238.895039 555.854009 -530.217170 -278.478784 -644.245057 -567.791338 -393.133049 -291.475898 -38.424756 4.724268 -526.454436 -70.138631 460.922684 205.690373 126.427175 50.430727 122.513420 446.090971 -356.238146 89.111873 363.590271 40.913446 -352.515208 381.637397 -184.755829 476.349157 -146.538173 16.386150 -245.449699 1.983434 193.889475 432.772401 711.524806 565.154010 148.590856 93.479932 172.980127 -964.392178 -474.115954 -581.821835 -702.171962 -490.387174 -203.403417 465.353602 333.100975 578.043097 -456.531684 632.994330 -434.463720 -476.545497 -654.562581 -464.162276 -195.479682 -599.405022 296.749351 289.478815 -4.353086 -153.970354 -233.508245 126.157365 -215.049320 -911.801509 -434.783979 -378.505151 -328.444494 -752.736680 -152.369171 -950.155196 -76.245229 -183.054411 -28.595191 -657.654039 37.874405 -647.871462 722.063400 129.261705 -838.581101 -608.791057 946.776318 169.863936 -285.447650 -77.027347 799.861995 17.054933 41.348480 353.221972 -336.387565 -83.166854 -182.608390 645.548170 -840.190433 124.374391 391.965521 -376.512822 749.590790 569.294864 -554.672760 -625.720761 -226.100286 110.292373 154.491446 -403.469238 -164.844106 498.206118
279.733299 -19.967508 -422.525605 125.262416 1052.642610 67.676798 837.184230 -899.408613 164.579798 -61.554116 321.334892 316.192489 56.005735 48.504543 -273.346590 211.400732 -144.635024 71.622953 -567.062847 676.307994 823.659791 -143.530153 476.911830 694.509163 450.773258 535.394146 -59.185412 248.059117 617.742288 157.548011 -263.638236 -410.262739 254.391797 -482.283137 -372.239930 830.934097 663.393112 199.273608 686.413264 -134.992793 120.961096 20.975444 405.582649 -542.482460 270.846405 260.473403 -202.090211 -180.315760 -356.350739 266.707883 -31.232947 550.382075 -715.022676 -492.742526 658.872916 -816.539304 196.614172 745.739751 256.811651 788.802261 -636.198912 -139.676853 527.938259 688.159611 -367.446939 420.949082 -1112.517837 -323.633663 597.356343 -326.531028 333.053876 -919.085044 -107.242822 -611.195902 -529.773794 -433.308638 274.396800 20.499989 795.072726 -332.372300 82.703237 -829.197851 -678.669573 -254.276574 214.104675 832.533970 453.080863 -270.643518 -146.746525 -116.920826 41.767841 -329.461772 -205.470018 -224.128590 252.990579 462.760665 -710.177990 115.554958 488.361638 -447.087086 666.121721 551.363843 200.775695 -662.563540 -275.182841 301.839887 -971.937297 -115.318055 -228.932021 -438.687701 -65.068854 -370.721774 -385.655171 262.465605 -150.356092 -9.828698 -220.031794 202.958317 536.881923 -17.525280 481.231423 60.547048 -173.082841 116.532379 626.661128 -37.318094 -387.202209 442.876617 -524.394998 -257.095531 225.858998 179.505691 -206.705522 -149.606164 8.721062 516.822527 -1009.922366 -256.725383 772.996365 -349.926037 122.595560 -10.045058 781.207287 -185.208026 571.244785 305.400885 378.082801 -374.225229 87.367477 -308.694924 -310.741017 215.480227 -303.970370 423.642756 323.648312 -227.283968 353.108590 -300.203230 -13.013569 -11.273362 -415.339543 482.270774 139.834030 241.893600 624.388204 -310.344561 -679.894609 -89.287732 -519.837249 394.463064 -104.254528 -215.382061 11.089812 824.813329 -676.580561 517.477057 -161.593218 -1.573232 -282.517953 291.325295 696.748131 15.864072 -948.696160 -750.786859 -772.628612 431.520744 -25.146865 -147.581491 149.162345 335.800452 -613.994784 361.829844 -317.986882 610.629255 -190.206222 -363.178014 98.256186 -57.121676 -93.259507 -167.033410
-440.788065 -203.186143 -387.383280 136.811020 109.297459 196.466860 3.591606 -418.222849 -590.715648 -848.996268 432.574463 -372.686670 -600.706398 -275.169525 62.105365 114.565277 -1238.560630 -257.913941 199.582200 620.453585 -604.297516 160.300045 -332.489109 -228.149910 201.264980 -184.354762 380.889340 124.477572 -333.455941 -216.067934 -195.602846 840.539662 -774.339054 -721.848405 -150.716456 -632.236509 -457.921478 -147.916268 -324.216316 168.864728 592.589728 -708.838836 -101.665228 -1299.701112 -237.034221 -296.613014 324.006350 -104.605522 -378.971342 -112.818872 121.821976 -319.996392 -181.419649 -460.032095 210.900971 -53.985072 725.531798 246.639518 677.689056 15.910617 -176.506378 -217.810004 138.462476 1091.650356 -148.619273 -536.000349 -399.633399 -157.218461 8.738255 380.687891 600.828010 374.339026 354.625495 -476.353831 -104.036393 678.032700 494.470772 760.635786 302.552691 930.176116 554.502451 3.410468 -12.423718 -188.996971 256.841584 70.049408 -461.751140 72.320731 -37.747625 -315.444141 -1248.389993 -294.922002 135.012004 -326.255189 -139.873588 -410.115697 807.905254 85.148761 -750.393984 15.360858 58.018081 412.877824 -168.946109 -155.409804 -94.289807 387.038396 -623.775540 382.328914 -34.706286 -52.189200 -821.816090 527.286412 -191.186073 -209.463087 732.300269 -386.418310 300.048379 -427.494383 -108.760049 95.119524 -666.571550 -765.618890 -62.655588 -154.498850 -404.974597 -436.896111 -676.755430 186.629319 -91.236142 483.131068 472.732821 140.590597 231.828311 270.165106 -200.358794 -101.947854 -853.061963 371.371288 133.047924 -26.724012 466.692883 -259.257166 -1.592416 189.156556 1028.866314 -951.427322 -556.168045 950.603744 -139.327994 274.954509 -482.171051 -437.759153 287.096345 203.046422 180.868026 251.041624 -446.336364 707.492888 86.297543 50.260586 -498.693255 -126.096137 752.290516 294.972200 380.789514 267.197441 -271.663159 -441.732568 -312.700771 -154.569766 -60.641566 601.509059 -107.430982 -285.733340 -326.679120 93.880587 120.059268 610.210382 723.803267 267.819196 824.288115 -297.023767 447.260972 972.211109 -3.957080 12.079662 174.191344 -63.284963 284.105702 137.678586 68.313828 -167.136893 -185.446579 -9.414061 -138.194960 205.513283 235.065683 -309.782753 -259.385683 -304.197649
-984.969127 -53.562938 169.755601 439.345700 82.221927 484.829675 565.456283 -185.878018 -755.852009 -43.076525 -304.157675 -665.618934 375.953729 -1141.358800 -61.525920 285.410327 130.062656 692.030278 321.218665 -187.632405 -801.357156 -91.655788 94.020116 -72.569577 839.280671 -144.729285 208.761795 211.040801 -38.962756 -213.800518 243.649101 -254.145320 -0.876821 276.270183 334.749340 -668.494001 -55.129387 -576.511556 111.088762 86.029271 -60.824901 456.514139 -248.986250 438.008115 231.984669 692.238628 -171.079176 -466.394449 570.621124 -452.931961 -36.755112 347.374861 -909.216875 253.578638 493.854258 843.988893 -531.644921 -140.656622 -526.733228 186.880063 -559.791614 394.130070 806.367890 94.586264 267.535985 -57.355866 231.021407 151.145564 -649.165183 -836.315160 -462.213470 -409.740477 335.656321 -246.417601 329.621864 -238.418207 -417.928248 -126.818062 -578.126334 -816.637439 283.516378 162.967650 -265.601638 -481.546620 564.467220 130.445792 446.769406 392.520152 128.690373 -179.540057 201.758765 366.573226 255.714067 149.931343 532.722303 -23.672535 93.027611 721.131108 495.827008 -129.642607 90.191782 -507.211458 -385.253128 279.883525 -294.852771 1040.050290 -736.736226 334.802239 291.293907 117.348319 -653.890117 180.313807 715.089439 97.307659 -1025.755154 -93.212700 -591.848630 -43.830078 -46.809506 -242.530953 515.134576 -335.429371 -449.573573 175.626799 -341.158951 -377.638073 623.201700 -1075.498739 -155.069481 -1241.343993 186.554196 -421.329112 -214.917778 -59.680661 -147.507765 214.659145 -98.278139 -544.690410 844.458185 -266.226633 -419.136539 -254.193268 347.074765 319.182126 813.653658 -111.812458 -225.439332 685.612131 360.376958 179.022920 -198.133131 -299.554793 -439.505795 -424.501365 261.002562 -585.232937 -502.685780 477.159225 -260.081642 810.150083 -47.547248 8.466372 -353.012572 246.359948 -549.550933 254.577950 224.809569 -1131.135705 -57.454773 470.907446 -83.734900 29.823284 212.237592 -54.430960 -25.298911 -336.410543 -505.259453 575.446630 99.372484 -361.323156 -291.721483 70.584898 176.626946 753.770684 385.736756 80.053720 669.852691 613.456365 20.537156 638.075887 -746.121865 -333.143419 -517.167719 96.502392 71.890289 -107.088545 129.462265 -102.921067 144.698169 -46.653017
33.388771 -90.822888 102.862101 -1343.853368 -413.372447 213.495740 -242.115022 531.505798 -537.780018 702.555006 -634.086370 -464.491410 -440.139516 -6.120399 -40.886849 268.834831 -115.446213 -121.803271 67.857420 -112.954755 -126.036254 768.562640 -556.975520 918.541216 680.437672 169.362531 -197.088572 -620.864518 401.358121 -213.706091 553.780887 -334.081098 26.189496 139.137623 -363.258439 241.963337 39.954196 -308.273232 550.283180 442.150687 -203.041422 84.468100 -66.258278 -226.262718 -570.516511 550.107699 284.206716 208.967959 603.947578 93.043223 142.308500 879.169083 325.674957 1021.692690 -187.767630 -371.271448 950.519319 -44.390535 -425.161489 736.369946 207.476844 668.904550 248.193750 1223.562836 470.928386 -340.750041 -263.209652 -60.333338 135.228000 -813.830587 144.216145 -738.531212 -132.623723 -540.765265 52.010956 818.450436 -299.181372 122.848181 -146.402337 -80.871024 -288.666527 68.253146 -37.949074 123.353451 37.003988 -89.911323 348.865939 -241.397382 305.333942 462.275762 -103.865328 -41.328772 591.596992 941.256607 -83.503200 116.471097 790.440881 -627.354404 -104.844531 322.755510 279.492575 302.053676 -299.764942 300.955827 -359.068548 -746.122272 741.929263 -194.033627 679.969162 -1146.169126 -658.356896 -456.430139 -113.639264 -182.151564 -218.935088 558.795001 -58.597877 -505.545714 -521.979258 414.383093 -421.455437 79.962107 929.717457 238.541623 800.833591 675.577960 295.091723 -47.391683 -481.444796 -202.041180 706.144543 -447.303734 475.842459 -233.062738 -127.811243 -234.437764 66.245484 -241.864277 -929.395757 -295.178272 84.460044 -371.263929 93.773801 -221.047198 1131.329492 -360.657522 104.790034 -610.257804 -799.216127 -710.361081 -659.319627 -310.706229 72.250634 148.968868 146.683488 505.497725 28.985917 135.542611 -274.504048 -201.879605 205.960476 65.682980 -70.908343 -106.722681 -556.393680 206.687525 -831.713681 381.740961 -162.808432 -788.461396 -9.025612 -746.192074 -970.478085 -114.844428 341.742682 -265.225095 158.356699 -46.247916 -132.414922 365.090171 -460.917735 -47.736059 202.037847 -729.129358 -63.003056 425.964557 -488.429988 -1587.090215 -262.947126 -60.251290 448.256426 183.024471 -193.384184 -584.779658 15.216903 364.816409 -101.968654 307.903923 -115.774512 152.378286
30.751461 -498.255889 292.601103 508.815258 -900.838542 173.895048 -114.136689 -74.375528 245.881581 164.603321 398.745563 131.304750 -247.398063 -342.453884 97.933513 166.878032 -130.648850 536.271286 133.674856 47.920031 -325.929534 210.113956 689.891328 282.464527 -77.430260 274.322365 363.474025 159.177542 -31.186458 220.258730 338.801799 -522.689800 -290.058578 461.429714 733.121595 -1140.387845 566.378669 1258.661547 -321.541413 72.669558 87.158550 423.188554 -235.334868 -374.649500 -37.648803 -324.492137 662.515649 -13.412278 485.694599 -654.832806 -528.273947 276.390617 -655.257645 399.180152 -452.648980 -162.015087 -286.432641 -306.302257 -330.462048 -190.589548 -41.855930 -358.408483 -315.441999 -263.546093 -846.141237 -234.627126 213.319995 -117.285845 -216.413029 -439.100745 91.742334 445.505620 -75.190379 169.994931 -146.014017 -1036.139219 366.160514 446.701502 -512.120986 324.206070 -98.177131 -280.581224 437.239256 -291.114058 361.076439 -88.326888 87.585208 740.068481 251.350373 -52.469630 265.656968 -449.633601 78.700403 -147.224298 -397.426966 -311.680597 -221.244855 214.733740 -234.069583 -531.310384 12.361830 -205.594079 -744.273955 -852.178740 272.270599 846.907457 -653.424725 -827.876876 24.838100 -443.221145 -1099.132734 628.421521 117.237794 -450.173578 -240.807504 -2.396456 228.938838 -542.567298 22.114979 267.670837 -210.528673 -502.462049 -547.625602 409.502538 34.641555 -329.816331 716.685666 209.040333 314.936794 352.845341 937.045112 895.717233 -619.850199 -198.579302 104.529824 -779.015575 -368.044670 365.646621 20.471744 340.920045 -806.029433 115.185528 101.003803 124.522184 363.335530 -672.100597 55.588713 -20.980949 -761.469710 348.684949 943.356622 -1350.476923 -1179.403622 -127.007344 183.525890 680.729321 311.778890 -496.960776 322.287473 249.229418 -451.780171 -263.686760 762.266801 -442.296130 -86.818154 310.207370 -391.596124 -231.554046 1132.142452 185.849068 735.606368 92.449883 -478.081844 -353.168507 82.291467 728.221318 334.315253 445.128949 181.829017 -25.941674 300.765349 1311.392520 -334.017187 800.119680 212.142571 418.621266 234.048666 337.160818 910.585607 745.291248 472.802771 -570.180974 177.907517 -397.282422 -1235.641894 104.760611 493.234495 -403.273894 969.093327 -19.984945
-254.911810 -101.717961 -22.660434 315.104704 120.820961 -116.545790 165.610479 -694.332119 -99.811200 586.399814 -281.947994 73.800701 -540.626436 446.162056 58.603904 574.356015 -623.003247 -542.121801 -225.059977 482.546310 62.447708 -953.299926 -782.484281 865.732275 -50.310242 -595.470153 400.853756 -25.781277 700.497652 250.629190 -496.100522 -142.668515 240.342874 218.920585 1214.331046 2.493628 88.271836 224.892735 564.571398 -546.615982 -68.915542 517.908712 -189.580038 298.363599 268.622663 81.792992 636.396557 -36.904861 67.111133 -213.774464 -240.235914 -463.682535 88.569414 82.861511 187.720612 -243.812212 107.867882 241.814093 -567.914843 333.651086 -772.983386 538.699751 349.402041 -32.386073 -33.846848 -161.056124 -415.771731 -310.796714 -600.342348 253.251081 311.828909 -22.316827 -378.091470 -299.716664 -1071.343996 -303.856941 591.223877 1093.865032 -567.433765 -107.911293 240.569324 139.530035 324.951587 -43.967842 897.250520 801.612190 314.507055 -300.544662 50.121425 -338.656781 784.551891 -429.309900 -95.961570 34.043053 361.655377 127.796800 -189.906158 1148.809848 56.534156 -1037.905029 -698.779098 3.343640 -297.183912 -470.482445 396.840638 434.755297 126.940361 -831.484903 479.799797 -1234.470178 -716.143994 -224.236601 -758.879848 -445.316404 -497.251029 674.594971 -115.382050 -1272.142124 381.461462 -303.933435 102.617366 -344.334460 -23.715051 203.941880 9.680388 -617.868378 412.360004 -93.735525 -140.745826 -80.390434 -368.554390 -901.686352 328.009596 -687.150627 -678.858315 -302.355186 293.925077 182.338545 -802.557740 486.447322 -661.482069 -66.379574 747.867642 1177.784944 -911.184612 -228.749781 399.633960 146.179147 410.562002 -189.027362 667.531363 -462.455166 -235.886073 -507.037915 -257.186595 139.728549 658.797580 335.500792 -36.444827 -583.915961 94.498863 -163.640907 -232.522023 17.942142 664.993871 -859.378105 -22.126684 194.775948 -640.617328 -169.738235 -1061.763787 213.744608 -859.367364 -14.182715 -3.023999 -198.787738 -865.795196 92.880421 562.085762 -52.172553 -462.460107 322.678497 545.556078 824.111154 371.571462 22.647220 -354.332382 -13.478339 735.194697 240.717705 308.425967 -83.151046 284.199015 44.740013 -258.625150 155.121562 731.053137 146.398226 665.723377 343.963896
-684.642191 -516.537392 382.730323 -929.184229 -391.683168 -291.012695 220.811781 -18.888292 519.346732 -382.697525 -11.464195 -65.007622 1607.337979 -649.913773 291.116988 149.021034 -117.021350 521.150315 -99.778271 547.505010 -859.552086 494.607242 703.789173 -227.471587 146.813685 1012.636135 -147.778607 -365.544483 85.650879 -340.930325 276.946692 -114.165914 -959.572306 -21.754236 -1172.844692 -914.263740 -335.952963 145.125491 541.382994 -408.338693 -75.748349 289.666759 -293.366170 -312.794421 -86.089553 -533.103822 56.108646 77.970114 199.316742 387.669490 -361.738733 -195.329535 424.058910 -1603.558492 302.600603 246.404237 -28.343309 518.215953 386.150699 -46.259922 1166.386577 304.819466 385.204038 -713.987537 -259.230498 97.513762 -480.633628 748.571097 -73.812552 503.848196 627.372238 497.647854 46.927244 457.382374 584.737198 361.273921 -233.693300 124.617949 -81.494252 -491.682417 212.363295 918.268148 -23.591192 -312.337854 -219.377425 493.164180 103.992087 -37.867427 -326.879278 79.270324 108.507937 -1113.855805 -1206.168207 -110.253557 157.130544 -516.770613 86.386194 560.412336 693.536234 234.003341 -770.816121 -137.785490 461.165769 -695.006525 -414.056955 130.716592 -145.839421 -46.016858 796.020045 190.117606 224.633691 -110.482379 4.408007 -341.985508 114.774167 91.475209 493.355152 -50.313345 -962.715753 230.008617 -86.407749 -524.614743 -313.456629 -410.368233 263.546865 664.120122 -510.563357 117.831920 -899.981431 503.141399 749.913869 -128.601788 255.900870 -96.693213 296.591031 179.124822 270.465177 176.401948 277.871637 -379.122482 -311.617220 1036.326303 91.094959 -851.465724 487.356994 -121.368233 609.960769 -219.369522 85.379551 355.675707 234.867412 2.242777 751.984744 311.718124 -454.182590 923.710950 -52.356797 62.844666 -739.037182 460.350479 410.089352 595.218831 810.826147 442.326106 -416.491450 -26.519253 33.531572 -100.973913 -699.835634 -511.715093 416.003740 11.763967 -100.880824 13.574515 451.568656 -128.313432 -456.816110 -448.932369 -247.263280 -186.914643 -777.799711 -84.728641 31.861337 -39.846594 422.200874 -494.066497 211.286801 -225.805129 71.662745 441.844294 -685.049113 -1065.340156 -135.911200 366.232387 391.938239 467.827958 719.985500 -3.720364 -248.800202 -435.210918
859.513215 309.756648 543.340466 -349.799320 520.338949 -616.612965 1033.298050 1091.127480 -473.630437 192.319861 680.925214 -575.866729 -293.318183 733.538219 706.313724 -340.998474 666.310610 -801.613815 384.545099 181.412346 -237.191409 -447.459442 448.078471 529.155078 -332.259350 298.019904 -219.605917 415.646938 -127.601976 -438.419269 399.208778 -120.573175 -544.214366 -572.868736 -427.953403 329.104448 626.185655 -291.610117 -207.601092 303.189551 -218.408205 113.136717 -258.888178 -792.273510 -457.162131 753.664642 -645.247554 -268.456535 27.756146 91.412595 -394.118066 212.583689 218.525433 -543.442981 42.844518 -226.362359 245.532600 -26.312094 1149.710010 -725.819803 -82.506442 -475.910870 -326.094438 290.034372 -774.404812 -654.141783 -826.724900 40.621300 189.274248 -721.855865 -380.693628 -346.567964 380.276385 227.398199 302.867133 977.880493 158.823741 -759.365952 20.068042 -235.549342 351.110748 10.554151 -260.139454 839.696074 93.302603 451.458214 -59.048249 -480.760058 -253.111115 59.271455 -380.143941 -26.514298 605.966871 -63.264970 698.698636 -364.943326 117.925573 915.700356 326.382366 241.591683 -85.721958 98.257291 108.917819 -320.376648 166.994206 -639.316556 192.091892 -186.411519 186.797812 446.997190 265.371756 -78.457711 1088.778344 34.856392 1203.794199 1720.007560 590.477159 -263.455223 517.918642 441.946417 72.124823 312.095223 -160.712569 -957.133545 -635.126207 -350.013550 -705.483177 466.985548 174.197952 663.651707 750.403936 -135.898001 196.823064 -637.585678 495.374774 260.567923 -1227.587880 202.706295 -296.631584 -474.827985 256.647051 558.465795 -1015.869861 -477.660550 371.537486 127.012572 -590.353736 -522.412920 214.638047 632.879803 30.078460 98.735329 154.120674 398.929014 496.288494 78.327940 19.600053 -384.157841 -62.716026 -133.888375 -825.744907 131.797610 2.240509 -874.175894 -200.049513 272.182905 -352.845463 258.711666 422.861168 146.398881 -26.179611 116.606592 109.946915 -308.495710 -568.696442 -1032.524847 -207.772231 232.980465 184.077597 481.071738 71.052312 184.273561 -444.346670 274.263954 -437.006214 -422.945749 -442.155905 -371.573927 -727.472588 -396.345865 273.484412 196.837001 -87.533542 332.043378 210.114723 421.934831 -10.273260 192.685749 -426.420964 877.038042
259.321966 -118.713892 -70.544092 -384.982199 -372.517840 -36.845744 -151.682048 620.534008 -426.119853 -378.357737 -55.978876 -847.056018 -583.140144 -470.451488 -590.258825 -374.124340 660.511804 -183.609951 -254.991237 -699.106460 238.347939 555.441698 259.939561 266.154917 -198.211017 741.415121 -630.921122 -400.074992 31.195608 809.353766 46.502534 -115.536129 337.896640 393.589607 -733.224920 557.949552 -462.575708 88.777591 -47.536642 -744.602587 -183.993602 -360.747788 282.976568 -741.312930 -17.412777 382.031440 610.621186 502.751337 -68.463315 -523.616486 -60.074501 -68.556636 298.745771 245.200656 -47.011275 -504.772176 831.686264 740.640728 -144.799445 325.417798 172.934259 -308.020685 842.373782 300.740084 -511.919483 357.844147 -572.522083 -146.714267 585.100567 -401.218996 240.057616 -141.323563 -63.759182 140.266712 -147.673027 714.167391 65.303919 349.031432 137.754598 152.989145 -144.991350 -195.491265 958.409360 -996.682817 -1.698711 311.976706 -293.196596 8.449012 -125.930202 -669.940498 -1156.934998 -807.397371 389.724839 72.286002 -420.408269 -981.219607 -523.049090 -813.984874 -8.236866 -100.780445 48.715223 161.238113 -328.910957 214.298792 114.501249 465.694398 597.538026 806.193676 -426.652740 -489.392956 -817.448577 140.268497 -97.399886 -487.334002 -959.879256 -1040.016591 255.238569 -126.665790 -289.637651 -316.151575 -127.824972 216.129130 89.818541 279.647333 545.672273 -275.871731 273.219437 77.444813 135.680671 165.440248 150.835656 82.185212 76.771406 -297.597947 -123.922279 585.533180 316.391936 613.652403 -76.863450 -786.691756 -766.721903 43.869302 -192.107199 145.655057 -5.281776 -283.278055 504.505068 205.337660 -428.749246 59.628373 -724.607288 223.592289 58.103178 138.006143 -86.556054 487.760833 -150.399699 -176.675540 -410.294864 449.774834 699.229208 283.912954 -48.487485 91.110805 -266.999523 318.289729 236.807790 -367.887241 147.073850 -180.911892 -321.067818 -306.345086 -140.529206 554.997587 194.088144 59.582422 647.757145 56.668731 457.302678 262.088778 272.442817 667.406507 -979.606079 -208.917536 306.118845 -325.417612 -389.984616 -533.153939 -19.416982 392.129700 42.366604 -472.583812 -350.792637 133.792417 -187.460724 169.943828 -38.737152 -8.441835 -130.346550 200.511424
134.029676 6.940024 448.777242 -489.911112 -247.641508 420.404722 -1244.168559 -425.235897 625.052715 173.443286 160.309451 892.895246 -666.651552 160.514882 -170.668486 -195.522953 -447.160098 -78.122372 -310.326759 -400.208083 170.692093 -124.169882 444.913622 164.689997 -125.517161 -216.379980 554.187978 214.450077 78.820067 759.863222 -292.760429 -698.577735 -52.367131 153.294972 1080.875026 5.984061 -332.411393 289.946539 563.949595 -373.611917 747.557358 121.225749 -264.392179 184.862700 569.244904 -136.937966 333.351776 -509.046128 -550.053537 127.630546 191.912440 166.614165 -93.978721 505.682581 256.390162 547.048997 -898.235904 -447.101516 -690.216376 -260.449829 1427.021309 378.403006 240.165578 -145.048769 630.094892 -60.957620 -59.138234 118.752421 282.479190 -1311.711299 447.224723 -645.905967 902.214780 -366.045957 -590.525166 57.206987 -70.477773 258.295862 564.041544 -38.966331 596.634735 -87.132047 353.710053 1146.756606 139.727870 205.425327 -251.343057 561.315729 -263.187706 -136.200743 -62.421992 963.563425 -47.963897 -47.647175 -777.883821 -343.331425 -106.133159 -136.967295 146.211467 -813.270639 416.160745 -124.605418 127.464930 -885.985334 -129.871058 -168.359801 440.226780 554.334710 -393.144303 174.655111 83.317766 -165.416183 -558.186893 470.480810 -564.010432 845.987381 322.049803 -130.872642 -220.670685 62.232316 -94.039204 242.493684 -209.379353 438.194989 13.843531 224.053491 81.308741 -342.432489 0.298332 218.173074 -144.722036 786.408099 -576.480570 20.433678 300.593015 634.504402 533.172600 -574.207520 81.076158 28.371278 610.459696 145.732554 -695.527584 -354.359760 -366.645462 330.185642 297.541820 533.906337 217.528991 317.920275 1287.378064 246.721104 396.944046 331.461455 668.763562 785.426655 -565.799020 493.141290 -256.091592 70.938852 260.772368 45.361698 -696.575251 -166.307788 -191.921690 82.327111 -178.899658 1103.745198 -420.329383 709.350898 388.431100 48.694861 477.507418 146.129775 607.926243 413.412220 -11.713390 19.218942 -865.578888 -241.328276 -76.863168 470.582284 123.779040 -135.757105 -359.886994 -13.555617 -845.413574 -340.897558 -179.140930 -490.372333 289.491460 238.587095 -258.594901 -480.075767 633.702107 -644.211842 -259.208071 98.217047 -446.003798 1064.058139
493.240071 17.520457 -292.477864 -264.147670 340.611169 101.995489 212.301989 -290.903764 -253.169107 -38.574822 -297.288474 -546.836243 130.996961 375.285719 -308.484236 -220.840822 -504.826054 444.181235 -157.375087 -85.191587 -308.339196 -346.746365 -79.960550 395.413583 352.579074 -150.359946 -566.815243 -188.232992 318.969754 209.028020 657.120488 359.877307 605.847022 111.410090 -602.372730 -446.688978 380.471137 232.664931 -348.332067 181.157156 -28.708047 -489.427952 -298.305995 -416.055226 -6.978918 -83.426099 552.715318 1341.129506 343.285553 7.373209 -706.278755 -90.799100 -194.493538 -321.405634 645.711725 -367.080311 299.594149 842.402891 359.958296 483.558154 -533.050599 -1018.068806 -349.769591 86.852580 95.391174 133.753020 13.398051 73.308004 107.499660 -590.147939 853.267641 -92.659919 -504.928189 1219.972705 -3.270235 -557.886701 151.999717 -262.096198 528.959540 469.851600 -136.999145 -593.232486 -229.640915 -555.439609 -161.479161 232.124563 285.477287 -267.587057 -171.062929 587.678841 -8.706311 2.001135 -60.014873 -143.258991 -269.394401 -439.567206 -316.528793 -179.801612 199.695244 -191.469214 -1070.544355 18.756579 -70.143329 218.369325 575.849961 -890.066023 -4.344681 -295.337467 -763.967145 916.741343 233.760113 677.410077 -295.715551 -499.454247 834.701644 -1464.887917 -1.222246 -246.564379 -218.240231 9.647459 220.338692 -24.464483 -449.104300 206.246613 886.500184 -310.170094 592.374126 -769.280996 -392.892768 514.182923 417.066721 -130.494507 143.424954 108.604024 341.945158 -573.468846 441.800019 192.090688 -624.923129 131.500862 -129.219304 -118.062904 -670.044964 -506.512648 -357.989871 260.925052 185.079712 145.238165 -590.772312 393.010476 15.539169 291.716101 -59.575718 661.605298 -267.337832 -290.409770 -69.716363 410.851241 -262.514862 -102.548983 521.262962 1110.769131 228.457314 470.673916 122.211973 143.807346 224.585368 -190.433392 267.828952 -382.516140 676.391245 -839.932889 -804.436809 577.803325 -12.439635 -142.605702 -477.949866 5.231143 193.710553 -442.836501 -133.698126 -634.202736 -762.036409 -454.820803 -484.221189 -958.360531 34.359712 847.094732 14.245119 -355.822235 105.511919 -157.612752 315.876740 -161.631328 -94.134495 1197.070196 921.301021 41.222037 -475.569059 -446.414843
-1213.014198 -110.521558 -126.454865 -637.775100 52.690371 -469.944127 466.360997 -742.899740 231.227841 -689.373893 -376.797584 61.350902 -70.105390 -233.786946 -737.953261 -978.188101 259.583685 127.572467 -417.412490 -360.150839 259.991077 -832.087570 -35.118325 -59.242545 -288.194486 -472.503807 380.018037 1020.518802 -372.672967 688.930031 -596.807894 277.743964 -122.648804 -300.583577 -317.538765 -4.425170 227.565894 -433.011726 1162.389981 -140.314692 535.761353 621.573601 447.147026 -346.724766 -163.602454 189.637212 288.460454 865.193313 81.636839 289.078079 359.422259 -309.305896 335.072795 -580.699172 422.372406 -826.267162 -409.565423 315.444698 105.222204 -471.314938 -364.874499 504.468154 271.184550 791.871355 -738.362969 -291.132216 675.749678 280.676188 -42.581526 -336.523606 -377.709201 229.823311 -339.815291 216.247586 338.586772 -657.374462 -425.931636 13.885338 531.129649 -23.207057 197.059190 453.842300 573.845365 -1052.637868 -13.154358 244.644924 55.882141 -74.605300 621.560284 -209.606575 -721.903740 98.142839 10.555702 460.303470 756.506962 -449.145064 110.850915 -1103.903835 -377.972923 -428.054594 -239.070669 712.222123 -440.903788 -167.193378 -683.162221 855.189048 -371.078114 359.388470 974.922464 -765.753286 81.841671 9.531216 -463.224723 -419.612564 521.823798 -242.640556 -774.573716 -168.742429 -838.298046 -627.232544 806.214866 -601.107288 -68.297471 24.873009 707.163283 -503.128595 108.132188 51.432647 -601.274375 -149.093849 -396.638756 -312.548793 591.791277 197.504337 -398.560695 157.699843 501.021802 -189.502730 195.374552 349.620861 -633.290770 -137.551677 -584.424062 4.286730 234.626573 -130.504595 377.548356 -116.159203 -378.647434 -283.044845 -301.658756 -556.440933 366.310694 -416.299079 340.617479 1.852441 156.934150 888.609098 69.108389 1038.417517 -558.421732 -52.727252 151.508750 -184.404805 -344.831375 146.910277 -172.687476 953.284146 479.288360 -14.903195 -444.363402 361.731431 -85.932324 -73.109803 -125.687209 7.264033 619.403712 753.438052 68.950295 -102.797851 -452.353538 -885.829022 352.702176 63.080098 -827.517984 -743.248822 -7.419413 285.820554 -581.051815 -327.089168 -240.372371 -87.872761 -595.016437 308.071182 40.815721 -469.559426 -639.179924 634.387986 237.826811 -765.598117
226.185739 -361.685320 270.541584 -527.005294 -367.106607 -1046.756287 103.889052 -60.648573 0.377236 -624.197688 195.944006 -117.723836 194.052768 370.011645 -143.706635 113.731869 35.956540 155.745891 -532.625519 642.861026 75.131513 164.616189 -68.828937 175.887259 173.632098 314.044961 -292.023153 81.343079 776.633166 97.083575 959.125462 320.403189 904.548094 -551.201913 -540.608458 -528.935219 -358.015387 -453.910706 -3.076718 38.772778 453.813827 139.327374 155.982043 374.443473 151.235115 -676.355498 683.543390 -172.131593 672.515273 -880.636591 -421.939807 -669.736130 -200.216441 463.048129 -236.587946 413.867484 -14.192246 685.298128 259.432141 60.039562 199.973615 165.512284 383.450752 -416.537218 715.466262 -149.048642 -764.645182 343.204976 -348.842189 -132.615260 101.980361 527.982941 117.161460 1053.675887 53.545520 337.264132 -7.335367 229.244305 -27.282143 77.724072 932.941356 179.826677 369.924349 333.401109 -109.164711 31.486708 -292.449064 86.978712 -632.363414 -608.579373 -989.636600 491.620779 -362.616930 -382.623227 -298.740164 517.076475 -505.669977 -78.702452 -310.746602 -339.444537 -4.131180 510.129437 -8.526345 -339.287971 40.785070 136.570552 -268.361915 -507.436726 -190.406107 -167.481632 364.354520 -301.084488 -243.644896 -318.118559 497.228488 -596.652237 207.008237 -131.443077 247.846032 -120.741243 -340.668091 -714.597994 35.449417 45.598110 -251.280759 -827.365141 -648.077777 -463.125310 149.508408 -530.220138 290.068637 205.932265 -1276.116875 -462.303305 -430.785275 -255.910737 307.720076 -1044.494038 641.085734 886.319055 476.684557 494.756559 126.675916 89.030896 -128.767684 -122.876488 361.628107 744.384277 -785.344293 227.177242 -707.123299 -115.248106 -577.627328 57.274632 765.444077 -325.630855 -927.369400 242.086137 1174.759934 399.440829 -140.155061 -43.367801 -10.468505 1113.938164 978.716585 -287.822542 645.753410 -385.730343 -379.231560 11.790767 -310.522224 513.843613 396.930261 289.975432 -534.185076 690.411819 -781.157987 -393.552478 98.371130 -204.252000 884.405193 -285.453761 -408.715626 68.055599 652.386318 -420.522798 -1052.105776 -230.641496 938.923079 154.812737 601.849705 580.954185 100.642422 -853.020138 794.175451 794.661944 -584.441488 -161.533737 135.442188 -46.440491
586.210378 98.511100 19.280171 -432.417619 -37.579978 297.152678 899.634627 578.538395 -176.372325 -391.094063 355.328888 97.602673 -300.908797 -532.866571 -679.417287 227.786108 700.933705 -91.270906 -345.803647 -153.955722 728.638610 843.574755 97.741208 871.198574 673.743787 100.706874 -197.429709 285.759539 -152.151592 350.231019 -325.986638 30.294800 -159.892969 405.890858 -12.307986 -86.368738 536.624078 210.032414 -572.085617 546.978051 -280.366475 174.570983 -598.912201 -76.651666 563.881090 449.902388 -53.861003 362.871519 174.906959 99.552558 419.174649 -229.063912 366.968462 -313.978224 123.632019 927.898039 809.248058 -799.666152 325.591332 -28.699614 242.401250 -0.189686 492.396743 -485.495317 342.401973 372.338503 175.441607 191.475528 -455.312061 -67.980042 556.313962 -752.660703 179.600076 -426.441719 -275.504062 -140.015131 -679.792659 -592.176374 -336.461558 -804.250624 -342.592486 -15.248723 1051.982578 517.711821 -135.390437 462.029330 56.501016 102.487154 672.401132 395.951986 2.645234 505.625087 -44.210857 -569.258393 26.193617 -361.055832 -773.988927 296.711819 -434.037957 260.538714 -33.219535 -903.153275 139.820426 28.889219 351.433657 -971.608223 964.775613 -288.568407 190.606229 -125.779679 144.985984 -925.351959 -343.481450 -536.623608 -346.648736 703.152977 10.210437 -163.235997 549.519686 -65.953475 -839.313482 574.614452 -136.860039 77.135970 -510.994276 -72.396616 -49.513532 942.944857 717.650807 460.296613 112.138315 -60.580790 -65.662141 362.479161 1117.321793 -200.853879 -128.487565 -57.933783 -461.487878 -378.157857 -375.507268 -253.915245 -954.105594 176.983518 -287.317587 -250.152014 -444.934345 -273.790321 390.828446 -74.876067 145.379281 -421.909436 -700.962060 -242.946444 376.331539 -555.870972 710.896672 -5.231629 -13.938272 -423.946620 -256.024492 198.932045 -1163.282994 192.526031 -903.006929 59.906431 -661.124188 -694.189208 120.396463 369.466306 647.469979 -766.518379 643.070842 216.904338 266.267982 -105.832180 -614.817964 720.082654 232.808531 -263.356604 -440.833293 -169.343038 395.791544 -546.004869 445.292239 -97.727945 191.063187 -444.992176 433.277324 -384.560374 -580.672734 -1135.854425 -0.993738 488.085039 -430.987100 -541.701683 704.267612 -269.106502 -396.106572 460.767024
254.250992 -129.594722 -789.427092 160.912592 -356.680145 261.253736 -162.099715 1085.793511 -315.368561 -513.314782 138.644689 42.593699 574.827406 285.634985 -443.316169 948.148703 -511.222266 303.477955 600.931097 -400.052127 -56.981210 666.920663 432.904918 194.670586 -97.532970 -12.469850 -531.438173 -76.748577 326.635901 566.234101 -691.497599 381.910443 246.916701 343.724705 -359.936459 206.471556 216.077639 527.923262 -779.068471 83.923367 -337.143503 434.732288 -552.161320 -666.259312 330.486809 251.033940 -5.500478 53.904148 -853.348998 32.904276 -108.037396 97.760083 773.462280 -152.813546 -398.045057 -65.927771 -447.956785 507.615754 -283.931004 -778.890771 -1118.214668 -564.082423 245.304091 -126.649189 -79.737630 -424.461480 927.054985 261.283220 660.050922 -168.056119 841.636076 -217.593940 -407.058421 -836.150028 -764.579967 1211.915386 1121.661871 400.420041 -98.507673 628.359719 156.208106 227.259639 305.191119 -216.860095 394.470868 -296.958013 -510.115539 -327.726610 -613.650591 453.619391 -19.147803 1336.322664 1084.094696 -392.803578 165.982284 -1025.833751 -77.882105 583.896290 -499.369552 115.570792 851.910639 -1025.762307 -665.409307 7.972481 -250.108972 -596.697780 442.578625 103.785113 -487.653075 -422.841800 268.922963 -683.288861 87.892433 -156.239731 906.457013 78.320617 -431.132368 547.841171 47.174575 881.588151 -682.867704 714.966139 278.499100 -18.323836 -344.477143 -725.959955 248.405694 -87.929229 -405.658587 994.357443 36.563492 -652.978870 -196.782953 186.174359 149.471174 -231.986942 -533.041518 320.435620 -622.689394 -461.301121 205.582216 -276.173879 796.333054 -824.239968 710.951367 -131.474352 814.600622 1038.168008 56.419067 131.275277 -50.682047 -78.119999 304.019992 1313.624581 -231.276827 -79.239936 438.479765 534.494591 1125.525973 -578.378975 -530.426613 55.119235 -377.072327 137.935855 -226.115884 -526.833586 57.203863 -7.193202 -968.238522 127.596211 -321.715308 875.171825 367.885916 591.070907 418.613766 255.051399 188.290990 61.078669 147.033517 -56.044140 545.461419 -668.083132 -33.804636 302.722908 9.776110 -515.422427 395.579676 -148.523259 -132.021339 -276.047182 554.874648 245.056338 -926.368635 -148.318733 -696.029665 -114.894226 10.522485 -643.199024 -403.027496 302.181827
-87.468695 -18.035131 -258.389215 696.988207 352.178074 25.119541 -38.689373 184.585374 -519.014203 -89.347774 357.430934 208.432689 -228.378655 -45.017307 65.349774 -95.067767 -71.141476 -934.376994 -598.443520 -146.382966 666.991622 9.830770 40.357360 -1276.515131 -386.944894 450.519718 474.188547 -743.281287 444.334518 516.155713 -50.488695 -373.472470 -74.451716 428.944799 61.191446 9.942420 -878.949963 -413.378656 -344.682023 -167.194671 -209.957761 -124.200405 -285.652064 351.388793 230.310527 -268.027685 -991.715109 161.604747 -856.049260 -180.706402 494.864290 544.434011 7.422522 705.695058 107.603180 234.499906 237.256984 270.868245 423.884934 196.952134 691.353163 -478.593676 344.260233 244.015576 -342.123862 672.391755 787.253014 -407.038158 441.346317 -184.273280 -332.908617 -218.639009 809.072472 -106.639374 -1097.914196 370.987817 492.473233 350.052535 -144.848662 375.216108 -342.913147 483.677210 -326.277225 -406.089342 432.005366 -81.161993 -692.259539 -388.602367 -141.637062 334.503019 382.912105 12.643213 874.917053 231.368601 -134.104603 17.142533 -600.791906 554.604030 -329.162858 393.249509 1324.788548 -476.101318 -600.882669 -703.294474 -482.407630 -555.912604 846.116313 202.778850 -61.616818 140.444113 426.752876 -744.020740 152.346560 96.647194 -759.998771 -500.948291 -191.330031 217.764302 642.632803 -354.000198 -147.246737 -39.459802 -156.327313 -495.126813 152.357239 28.378913 -237.962783 -487.069819 -102.886999 -28.699399 182.958657 -483.905331 650.255500 390.205606 51.315673 -535.474244 133.291343 -284.646373 486.078254 -62.653191 -122.795107 744.610132 -190.851450 -353.793806 -568.678022 31.224157 71.551770 293.864005 513.852747 136.764948 113.319116 444.957184 86.119632 -377.634324 1148.191676 -74.915692 151.880833 43.678487 632.088370 -258.931786 -320.565383 -92.472505 18.334398 542.698874 407.955354 800.873378 317.062886 144.594332 -59.036156 165.913458 -1230.538556 61.153522 258.443956 -736.811766 -568.367767 -415.486448 495.443792 38.928918 46.416727 -415.705973 -269.425232 276.233409 577.475353 185.050047 -108.297561 -495.597179 -172.310196 40.130816 244.201909 796.362382 -287.830222 273.811422 477.995633 -268.127525 -15.066282 -424.709511 -545.670514 -710.060828 -799.716913 657.834933
-166.885314 -24.506769 159.838419 -152.311638 435.729521 -488.575495 -393.290222 -415.063443 -208.754756 -332.165458 241.616034 42.536477 128.097685 -140.483512 636.707608 -320.077423 268.579374 -1137.900711 18.488325 -478.042000 -108.020558 44.347917 137.927945 -209.438401 -544.922245 -196.099542 -980.481447 433.495651 151.225405 291.967346 941.130303 -244.587590 24.546983 242.511549 119.003966 -314.711545 1381.269865 -134.610331 66.891412 56.026290 -548.070185 -28.193586 685.448856 60.701412 286.754640 -340.602862 -289.354360 158.571590 197.727202 -553.579338 -480.162763 -320.337649 567.506051 -611.142100 -254.940358 -977.920721 356.695784 -466.411626 128.545153 -221.080483 -112.721163 -612.842905 -204.558811 396.597526 -854.062545 -344.956495 891.628464 -367.538685 -315.740665 948.034014 394.665099 649.065619 -362.115995 -10.991020 -158.211825 -126.140838 655.815870 952.431996 -405.697937 -60.809428 362.654669 623.990760 605.080928 196.180065 -154.485540 -135.836749 -739.936715 471.340877 -252.091937 -203.629067 264.916016 560.512689 -271.347792 205.012921 400.565008 -344.661839 -301.412970 411.747973 149.189146 -68.338903 784.241633 -814.137485 -120.217839 -515.106953 375.491684 221.461716 -698.276498 -555.143138 -152.005727 1073.244979 715.359267 -276.689049 920.438002 -513.403462 -920.757799 -285.271454 -440.746155 -278.593766 756.961455 294.315682 328.227679 -698.459237 -171.394513 -377.874392 -1276.979016 -408.796438 453.853303 413.589033 -106.444329 628.757872 -420.341303 411.103560 -48.694424 329.528069 736.215411 169.256467 -734.782759 44.941337 -286.716505 391.776879 124.289614 16.351413 333.495687 81.083811 382.488949 115.962468 -73.545129 -19.059709 585.024579 -708.067982 445.873641 -718.039488 -502.642146 194.300063 -419.068283 -1019.298007 318.953473 262.865413 111.910561 325.004479 -269.048915 -443.691969 -770.658124 -448.467071 -569.115175 -467.787957 -179.613892 -930.763106 -378.417057 83.789001 -231.832765 -390.026081 16.034090 -172.895519 490.087824 -90.315658 -245.668615 -517.911751 491.605956 -277.378258 -19.550790 -393.063739 224.341834 351.694172 -73.891617 -240.015642 179.159637 204.204236 911.379139 20.491239 -29.915082 968.830772 -634.314764 310.739215 -427.362605 730.991939 -992.540307 161.653846 149.135505 -466.554478
774.210641 1519.306641 442.609674 37.256017 909.716133 138.901422 -190.995423 -409.620039 -752.742382 496.647053 -395.790762 521.382281 253.617378 237.860905 961.804050 762.478233 -449.099911 -10.832953 5.899710 491.999090 -741.591678 49.897395 -227.782621 49.772541 -343.420676 575.013319 692.921509 493.437874 75.486789 1052.355517 1135.383507 900.027697 -251.682864 29.038238 558.403181 -47.981013 753.148712 -836.187858 469.793985 -1666.503664 43.995096 -779.458958 -150.465715 349.054735 -420.379074 -386.678249 -364.704928 77.485801 158.057804 495.534154 -37.182392 -303.545535 -132.193966 156.154341 -359.126578 -1099.410572 -7.878470 498.225238 -352.221246 255.023125 -391.849347 -193.266128 10.305752 -366.332426 -433.668658 102.930502 -463.627266 -232.465501 37.296227 269.139569 374.307743 -141.137352 -195.596326 -44.321716 281.272580 -756.731745 -1365.822401 -148.539035 332.789251 113.710303 68.040746 -171.856346 -955.098142 -118.365299 -325.964608 -8.669359 437.831448 -123.184373 -377.561050 772.255953 286.258492 -447.179171 167.927842 -34.313913 180.475568 -70.808134 133.476571 111.942758 286.022554 -391.907598 -334.131534 780.989906 260.210429 -71.970268 660.018637 -237.107902 291.091527 141.017333 -524.693675 409.473686 -379.532014 -505.746398 1267.002151 -59.771863 389.947845 189.310192 69.419575 -20.740734 -426.628636 755.014683 705.350478 779.791186 1210.664392 -216.085807 938.368672 298.420031 -50.246268 12.158444 235.678821 476.905063 938.480223 810.183343 -484.152258 70.482989 -466.035036 29.127232 898.503056 42.557506 315.920751 -568.424331 108.047465 -11.397684 -39.577672 -912.879757 128.067682 367.521583 -383.805219 149.556308 -34.096824 507.426780 -193.915130 -202.557322 -660.801565 492.307432 -613.632261 409.025688 -196.925893 582.284192 86.213632 -354.935793 -253.014361 -25.085098 233.726835 -65.706822 303.789516 -5.497552 698.204965 203.237377 -19.357777 22.546743 -96.211060 -995.037436 215.735701 -166.233962 715.298389 -551.758099 843.845247 -18.359340 -779.900653 -18.668933 538.461471 745.928643 -179.609919 -583.599366 -12.362777 -193.659123 614.455377 -16.880529 326.585720 137.072123 -605.494777 362.540046 -462.138343 345.216176 -423.664008 -860.022282 -302.706707 150.757754 280.774408 -635.216028
-281.036270 399.398818 235.975350 -381.941781 -301.038830 100.418547 -113.080305 224.452080 486.788601 157.662045 -330.253354 13.163404 -455.250796 667.078918 -130.231484 391.908863 -182.415711 -155.256209 730.372750 275.802096 50.595317 400.080751 -521.957699 349.622770 113.307377 -466.420705 -88.077136 -329.146846 -50.600193 -790.766056 473.179262 30.813733 638.233676 112.558030 141.509532 -116.374065 668.705975 143.234024 418.219046 322.556550 160.018355 131.291426 -45.833786 -181.143338 -451.393326 -461.903684 -1.340899 -232.121658 585.769243 -212.327702 -973.412530 -123.918443 809.237713 87.370346 -153.400222 -732.916999 -348.526753 -249.652617 -106.479568 528.215641 670.528486 -634.855706 -422.011209 549.084259 -571.056313 -640.800475 -913.485550 823.639403 0.183131 -178.738270 -244.667303 -107.902467 917.864449 -710.692516 295.831131 53.775869 -797.414098 71.962678 364.589371 47.813015 329.270687 -276.165586 571.988743 -788.902393 373.097896 432.558646 469.867737 495.446506 24.322198 217.393008 98.151826 -48.110461 -166.210738 301.319390 -45.266614 517.997070 256.733473 -417.826107 761.900945 -168.662545 -242.955270 -215.395980 123.070159 314.486735 -406.198179 153.894657 -160.971071 254.207214 292.126269 -1051.411291 302.665626 -340.868890 -71.913501 376.265235 -97.416874 -408.311166 49.417362 -349.247885 -203.045228 315.322537 776.843785 800.730262 310.557797 -247.852170 -846.248086 -64.356592 391.309405 -385.561991 503.213175 -42.181839 982.595504 477.564746 -844.320259 -602.134580 -175.969063 404.787809 -173.810284 -285.883207 -114.546077 799.128843 349.911374 -777.451782 584.810705 -832.451493 -386.221165 866.901081 110.642188 1062.402072 -203.061402 213.117028 438.027847 -50.573267 175.161102 621.711398 -541.632809 437.309093 519.067964 2.894542 95.534088 -874.900096 -173.911374 -239.706771 -310.413748 119.067833 539.363261 -824.322603 43.243921 717.333885 261.052579 -439.707978 417.073633 290.681755 371.239851 131.731831 -159.204006 -30.250393 -54.294032 -597.395140 926.377855 -340.195293 -727.891142 -303.897863 -340.986332 299.741196 231.730723 -65.493574 -515.459758 227.874462 315.566182 181.261546 231.599828 345.717870 68.672284 -317.666204 -461.486527 -472.940921 0.307158 74.593709 430.223889 -614.701816
-583.187826 427.061909 -214.219178 391.216056 182.497366 89.648610 409.713092 -98.079457 149.251512 148.114427 250.683222 861.898995 195.579730 251.978601 93.970770 623.691138 50.854569 88.366762 59.567407 954.524733 -462.579227 -199.923747 -264.138119 615.595196 200.962778 47.592297 1029.379219 1095.616930 -270.167440 -174.141079 -737.765646 -339.963999 170.614135 980.926569 -244.775462 -492.838098 381.961567 -405.739609 -514.486409 328.437020 -1078.473490 -241.269157 -747.343378 350.021551 769.528048 15.282016 -461.760317 392.727322 -900.681983 390.458062 70.702923 -89.125573 590.208851 683.895425 -67.609912 -688.614238 -530.476748 -337.711043 353.361659 -212.626949 -325.559012 -887.299098 -320.144256 -23.618900 -882.929454 406.292437 -592.911450 93.281884 323.113518 -187.421107 156.609904 -590.425188 611.118576 -474.068447 153.585703 -1087.577512 -16.652140 -1137.622157 -935.183273 4.035874 -169.799390 -432.708281 248.698634 -124.231144 36.617588 298.432111 -2.615559 473.512575 541.169505 -338.510303 827.338406 -322.908112 1142.182917 -658.975593 -54.480447 1113.305806 390.890305 463.299253 -261.604282 -29.911746 232.083210 -224.791901 -283.291226 1166.388722 729.283953 482.564267 -253.876045 -412.085359 -794.498998 1005.414065 760.977958 -237.894440 576.259298 990.934938 -842.450120 -661.434559 -738.487722 978.140400 68.953946 484.612241 128.702927 31.602894 593.952009 -961.563651 338.639948 486.086462 659.004947 -398.685158 886.384377 -673.398868 439.654681 868.289211 -376.842070 413.500959 -206.460666 -955.681764 -405.007623 -115.912772 -768.512675 -719.767715 -288.337001 -232.673897 337.282946 -53.257613 51.958724 -3.671567 -35.429708 408.476804 22.969432 871.097585 272.792838 -794.371730 -265.752173 -253.591654 1108.481118 -76.911325 423.531655 130.658210 640.956143 -143.789827 -122.776097 97.565827 164.040513 -617.094336 292.681602 61.240695 437.712895 -447.414654 750.485202 441.450137 346.166264 434.110789 70.717131 213.257246 70.638052 262.695233 -253.692156 372.030308 389.708325 286.359350 -337.638899 -219.854441 -678.205758 -70.652161 20.811843 34.204507 366.474315 965.825518 -117.097944 767.037247 -46.502495 148.487534 440.282661 -192.717937 520.611066 -202.938308 -72.953406 -869.045376 295.557277 416.477043
228.119370 131.029211 856.243669 -200.159076 222.001670 -474.198947 1217.764175 30.575045 127.689238 237.954090 548.627541 105.175256 38.113357 -463.948496 124.954661 -786.741235 -470.068423 60.864796 -545.330609 -363.656049 -431.764808 679.411539 347.788781 -9.675013 236.241526 -185.755101 316.697213 -58.079735 -60.996972 336.754513 -487.521862 83.307991 772.854710 0.991837 -293.616799 -426.032629 -812.688158 494.463854 53.951171 561.298089 -137.576565 690.728588 15.983623 -486.577100 353.803783 -23.514395 -211.427153 -242.502391 -796.279338 -191.767329 708.285277 252.703573 -128.103140 99.384533 356.085454 424.753119 -3.770048 -200.473645 -188.767607 171.596934 196.838767 -497.307483 215.637460 596.562625 -160.757436 201.032188 -822.998380 221.516688 723.337407 -483.015546 -369.871259 -16.300553 83.889549 234.161206 452.287318 540.901950 228.919086 12.256815 474.432118 374.010557 356.967534 257.722776 526.851728 24.053750 138.081482 332.124522 -473.752195 -14.061853 -213.686231 -125.092441 51.006459 478.871962 -263.999047 -462.530732 271.742859 280.951854 513.565345 286.668554 -159.625285 33.952687 410.482570 330.497397 276.571318 158.075855 71.249620 868.657435 -270.809481 -585.839176 -486.823376 -596.676175 669.971982 475.538095 -3.777214 148.472424 527.441616 237.984134 435.156989 72.225638 -233.216263 357.064697 -336.034504 206.125770 -359.973750 124.422730 68.239656 -27.308432 452.826704 -682.064538 -1320.449880 266.807995 -74.572195 -485.420102 46.661163 638.944384 -755.819271 -115.578607 126.860146 388.013283 501.686999 97.921317 208.305721 -145.055287 -513.683658 -222.301331 -193.556618 -126.125818 855.363202 450.814801 -261.871679 -798.018065 65.461265 599.661096 -305.652338 78.207535 777.244528 196.626517 -610.966788 -198.194623 11.271390 607.528210 24.342052 93.017020 -105.128909 -647.331613 112.880628 350.584802 -241.371955 76.685215 -1235.386596 65.289816 156.594184 405.195440 -58.373830 143.397319 454.618226 472.669399 104.656445 61.502231 470.946279 231.015470 -489.066691 -512.903039 -384.542655 815.984768 -153.664429 -180.549356 488.036782 -237.204490 -477.943355 -98.902886 -363.016058 -37.480980 461.696004 -118.764896 804.988842 352.521558 -170.579886 -570.733108 -797.738667 79.458952
-464.094076 345.169878 348.031367 39.587078 -217.647122 -385.843274 21.636785 -575.696973 489.728371 245.190982 -903.685307 941.732136 -42.395373 -428.696882 208.333357 -328.043933 247.659395 564.782490 394.263537 -4.760652 -28.907984 726.481376 93.874514 103.579537 256.746959 621.964579 123.385999 38.543682 254.083031 -434.520546 -341.345828 -665.643235 43.812963 582.523597 -182.568461 330.331063 516.681763 282.859050 -271.294494 724.610770 173.493084 -324.864269 -183.161021 -40.907447 -368.184768 -721.446306 -827.655107 348.465163 1113.588484 -523.955288 586.633919 -826.258179 -81.895650 510.347936 530.006076 -331.304544 -581.516969 -159.163112 -476.138276 377.782707 802.171041 1005.697875 -741.331653 33.931272 527.548725 801.047651 49.544349 151.298473 359.887541 -1098.892804 -178.101247 362.339916 -261.408015 272.990646 647.886627 -822.556241 -922.866018 -611.739673 358.099679 -469.085525 370.244215 -375.268341 -201.676108 -75.743499 -226.574037 124.064930 73.379657 571.759907 216.381330 870.357660 424.761888 221.804732 249.433126 -518.542084 -364.366980 85.540306 -352.588512 -160.530078 354.058462 -683.690824 -398.705161 904.168080 -51.738527 522.157989 210.495164 -180.664474 -814.924409 -932.034303 1067.107229 154.570508 -238.141464 -190.261259 28.556936 711.718466 -715.797494 312.692718 -443.201730 -1463.431800 -582.638866 337.493121 -135.593769 100.209889 -180.950909 769.024500 -158.956220 -219.943995 189.406383 -646.460291 408.362248 -370.125263 133.775583 757.208927 90.423412 -1.123521 -883.922186 -485.911326 -698.699786 -443.806160 148.116913 308.328949 575.765801 -1102.733373 -660.742526 78.059397 4.084716 19.803881 366.569836 58.705336 75.300811 -550.263434 -352.170480 -877.329774 -741.776768 -783.156917 1020.746177 -126.875037 -387.136959 753.939707 159.000290 139.778547 564.770759 132.476328 102.930681 8.011334 42.085729 476.823659 30.147604 -699.945568 1143.291838 308.972270 -88.954630 146.680660 629.774794 -79.039348 520.276796 621.219146 294.062422 -163.937919 -108.003469 165.446091 -209.647149 383.596293 70.160633 -164.583404 -483.452433 118.685732 -918.028479 685.319575 831.876426 -72.700587 111.710491 748.427354 426.371518 572.572124 376.739269 -55.952528 572.857980 -81.486564 -444.598647 969.174268
667.670313 1.618695 -735.879968 439.982945 27.978720 53.319700 -290.956825 -431.301470 483.626045 74.704439 -709.033875 -258.712892 -51.604734 -510.195134 30.195384 -443.676734 -339.661255 -259.123760 51.673119 -954.887654 -210.852631 70.325603 875.680189 380.948684 585.121318 788.778398 -206.261183 -328.164560 242.493228 218.438357 -181.960502 -426.213648 -412.385751 -378.180521 -220.871668 1215.503148 386.366128 160.452759 -124.002598 -56.827309 -245.310558 -509.840241 347.153482 -773.116983 -556.438336 104.691516 485.184066 252.068525 -566.181336 757.215221 187.054621 824.077601 -468.947671 306.014719 996.263523 -258.771262 -88.353420 186.904737 -1240.684240 565.874610 128.882590 27.531027 637.996203 154.131002 -950.762978 551.233477 -349.157216 -87.367599 680.537101 -73.145116 275.193859 -339.937315 -667.298582 557.890253 388.430818 -188.093190 570.928634 112.420268 681.687494 470.738807 -95.611571 420.121754 720.049249 -385.201448 167.327435 541.698984 -171.519175 -189.096046 42.801348 -2.608595 -432.485487 447.641006 203.285398 894.562837 -202.561327 216.465067 -88.316340 -382.870311 -67.713886 -638.619969 -853.143097 -58.031718 107.073248 -46.268327 -1527.694007 -190.108642 -327.323977 410.311812 128.142163 256.328815 101.317484 470.268440 -5.860279 -57.424363 -1226.067042 -18.166512 -64.557365 -855.771410 136.076982 -76.493760 -109.279051 -456.630706 -387.416466 576.409825 1292.397503 -273.796398 -74.896448 58.970784 -460.499555 -19.750460 843.162514 -1027.525479 -238.627219 -876.280490 -453.916081 219.984119 36.636829 -212.623919 247.733440 -129.712457 287.867717 585.593484 238.442362 301.946394 -542.500052 497.621057 -10.260973 -488.058541 -1113.888806 65.307738 -333.011701 188.496900 82.291780 201.857140 -575.367722 260.439191 -373.060451 -102.930392 -73.894203 -290.578208 816.030024 682.474304 663.207874 47.935948 12.642381 -47.341644 -739.665437 -199.878912 334.031598 -450.778421 235.625463 -197.730963 88.764775 451.737910 136.942882 26.903873 680.107819 -531.400833 -82.973831 -584.957544 -103.224971 -3.254750 -333.084125 125.212208 -865.787542 411.373574 -165.822355 58.999954 -255.903064 509.128673 289.540278 -633.337529 296.025169 -573.317739 261.122328 40.812127 350.227802 -165.731675 -95.708539 447.193102
8.019178 -459.577344 456.461836 168.859411 -16.687539 378.006501 -307.775031 204.592692 -139.670935 275.386372 374.407143 -624.966808 551.633681 -84.933820 -171.011409 547.764025 -825.190315 -186.553282 -671.958072 -141.341456 77.527130 -252.853992 613.859573 -102.999189 -667.415501 -237.144144 153.188045 211.348581 411.945517 292.268138 -624.156069 378.755996 -493.895452 434.483979 -208.601836 380.637984 -425.540559 -40.379758 282.945603 407.400351 599.764827 179.362942 -159.154723 405.138542 -274.651263 -171.409555 -363.644643 380.358514 -1140.721925 -428.058780 223.202202 693.763160 -155.026835 -641.459258 268.643758 -13.997029 89.184108 1285.207873 444.650434 -641.284329 499.101716 -11.030020 -379.754926 53.434447 -357.208079 507.383586 443.197125 -16.376857 220.465094 -16.373612 -533.239729 15.828680 340.040617 263.452310 -899.198409 68.840092 120.677967 -521.876365 -29.941262 254.643214 411.873915 -753.087794 466.114878 388.377364 659.236496 197.002231 70.705255 -295.232279 -26.797686 -491.836528 -205.962877 -652.514925 407.967821 -277.973483 527.409503 -647.084063 606.532730 94.618140 170.528303 400.713038 -599.686369 837.318302 -378.687441 -134.197820 -716.219488 210.251041 148.977742 499.374129 -682.653223 -173.963397 774.832474 314.213098 -110.895574 338.654186 -118.906894 696.305434 700.648519 419.096431 262.214349 -690.213845 -105.581983 -189.076421 -578.261297 17.286800 -267.511435 -556.872310 -65.566937 109.841048 -737.330777 196.363338 -226.319147 277.171436 -199.311961 -461.415252 -630.727583 -288.730992 -89.262545 236.747854 186.190299 25.147115 978.289778 -764.834690 614.582429 1.353910 -833.584270 665.952053 486.176685 -429.285951 -507.193302 697.643499 -532.389281 1384.082011 682.547268 466.251591 -23.816833 213.984642 -475.110717 -945.800632 -155.675856 570.253599 90.907050 447.849304 572.237812 -357.286899 318.458112 -361.874813 594.858037 75.739099 -212.123105 532.577397 -233.968180 750.766659 453.742204 -1428.741068 -189.546414 -80.615327 445.311648 203.961743 -614.235633 -274.191590 73.277874 -266.241879 210.866350 -551.063590 -500.126601 -1382.299047 -320.762303 5.964912 -456.275748 -94.772102 -358.385055 -411.492721 -182.643077 951.800773 245.719232 84.966392 335.597320 -305.380662 486.685933 805.910940
392.219928 -653.294111 253.044279 570.017861 -83.027268 -440.716686 63.891658 386.084381 908.124447 216.679451 273.098295 -363.000396 742.147185 37.430454 141.604309 -145.244958 -292.206660 157.487193 355.625871 -1064.448277 -218.374963 -434.356180 -363.379819 309.755160 286.260706 0.345156 577.369420 -145.630132 -292.170959 -481.135338 199.229117 -159.171093 -183.306873 21.268900 152.391522 124.242899 427.866555 459.666812 -378.810365 -271.082740 324.800340 165.550794 851.492855 193.481503 1088.514314 -730.946040 -752.722845 -243.529884 346.645770 -650.100993 -832.978635 -64.372078 -976.079725 169.320688 -128.261816 -140.281631 -802.606122 251.713420 453.335746 431.951472 -140.251605 -560.864066 -424.478134 -319.069321 -148.467941 597.659355 229.219076 -32.242550 516.029915 -147.263295 570.967814 -659.660799 -98.599583 404.256407 1044.947481 153.606630 -930.604586 416.138833 810.721154 679.946198 245.816481 279.498752 -662.572062 -383.398997 -2.307928 257.526908 548.122186 -247.819074 -285.953997 -709.098454 283.423787 47.843865 359.769376 -156.610342 622.619971 -7.059788 86.236625 -397.444429 810.349549 382.632230 286.018136 -506.355003 971.512465 -259.849161 442.302094 -73.139729 -525.328523 -276.738296 -361.405624 -95.373485 569.977388 -333.857089 -259.684592 -429.478914 648.539783 -871.826476 -237.980339 -61.827093 588.936480 -612.344210 770.486467 -66.405562 244.239055 56.756993 -1000.525399 -295.028686 147.821293 -1267.258877 321.172522 157.375321 368.302144 1266.678871 1027.094525 -143.168239 -621.773078 102.181463 485.441824 90.381918 257.291945 -483.849765 1221.270656 -220.416465 249.617620 -290.169351 347.049032 116.060568 910.198212 830.608238 239.941024 -1087.530920 397.423262 322.569189 -129.196000 758.718565 -143.182781 -863.859748 344.174743 584.907552 443.500212 -103.655430 -668.273590 -838.025523 314.203060 362.746610 -293.546286 224.695070 5.123878 440.042429 -464.410980 642.443826 42.994995 -37.888345 -774.460755 -225.693744 -100.825886 72.292641 -74.046119 -160.920749 -591.466655 -428.219671 -347.149415 -244.850170 550.174279 -898.377149 191.037449 -86.016779 140.318007 980.966173 -187.261303 -72.617388 -81.146530 858.316546 -682.555678 -20.900627 -242.951132 11.158567 -768.645585 429.422530 686.796419 202.869236
-787.489232 321.864282 -390.994352 116.125143 783.986814 292.535770 -153.503127 -11.341757 137.087574 498.769803 71.129312 263.422145 -391.705175 -733.860325 -120.244183 -17.044249 -764.475236 -575.483916 -204.720265 1271.230361 590.690692 -35.060688 -354.216638 -1098.075484 -274.853319 9.538858 6.887208 -1146.569418 527.682656 192.405796 933.525020 529.159448 479.284968 537.951131 -894.458161 -382.979601 444.303907 -118.722226 -137.432776 -812.736015 35.516883 761.028749 -541.059008 167.614904 566.544244 -593.418510 475.366081 -448.609530 412.649913 -279.799007 -276.197012 -120.141029 117.530032 -195.000874 -193.893031 -89.433455 102.859222 -127.811070 -39.921580 -119.734028 461.848202 20.052065 -632.515927 110.906632 -625.219843 394.368129 57.279225 -145.010341 62.258501 560.238862 1196.521114 314.743096 -445.767920 -128.717219 363.160484 310.115355 51.342536 -1432.080112 53.402361 -1378.900140 380.364048 301.813609 -738.575638 -25.743726 -173.353362 -291.557678 -8.382284 -439.477037 142.025254 455.937043 -859.695257 -764.757948 119.447491 1188.913552 370.063984 -435.256903 -557.711152 -678.214246 550.583405 708.491790 165.938464 294.767323 128.258456 313.254733 -613.387737 529.093486 964.166289 251.530376 -518.782696 -297.062507 730.750372 -920.355779 137.873069 -127.383881 131.844164 -982.755526 -362.656670 135.159985 -333.408051 492.958990 177.084507 674.444154 -375.069158 13.234292 -184.955414 -149.121422 531.577546 513.321374 -514.217169 -237.597208 -972.609563 -290.799032 35.674207 642.194387 214.543122 863.655501 470.139736 136.965451 -459.354050 406.677729 -369.488242 -336.590679 -112.475391 90.061171 639.379225 416.691108 60.563643 516.397417 -459.730520 -87.159061 -346.149289 469.878662 350.595875 942.170437 -962.360601 -235.947878 64.655198 -733.548288 694.218023 527.998363 -243.107948 -1268.471415 -294.629141 -376.264360 53.949129 390.052372 -1079.863436 -357.195245 -485.350641 -666.152067 61.016422 506.493423 472.332036 -391.246465 19.134174 -159.609926 -144.503436 -574.473429 -353.003792 1067.329261 212.271966 -594.001881 634.570642 -692.077819 -55.426824 340.949126 1270.393754 148.513400 -277.084786 305.328431 1179.644710 -400.068205 498.870487 -220.576210 -698.833466 158.588240 349.629572 -368.634474 204.443075 -1099.385608
-664.620714 -362.684005 182.177236 -197.777799 -306.579544 114.588560 -1.430763 -335.876342 311.992355 -510.434546 46.192345 -692.949857 321.931659 432.716769 -340.442514 -129.822460 142.142231 260.105795 561.846633 -756.082403 -557.613086 -1491.437233 -910.173191 -95.902593 839.749000 -304.005959 -359.699424 229.356505 -378.822012 -240.665453 74.804795 -278.170451 -359.756501 -119.075749 -34.231879 -23.829003 16.695688 -784.255524 -61.681932 409.325186 379.982088 234.845701 126.735764 -778.142496 -831.278093 576.121650 295.971757 -460.507657 -107.424812 355.395716 249.099211 -562.141686 -276.111638 -235.118195 108.418344 1043.067752 451.075245 -10.778065 200.445355 -922.499400 -507.032819 29.112374 -372.791737 449.766212 792.067191 227.448307 -392.979858 158.583766 212.547563 99.313691 -373.081404 -226.835290 914.960954 393.736697 595.441090 26.783318 -170.662979 -57.899667 -215.796864 340.542579 -25.071152 24.571386 653.241460 -166.904828 -681.148820 502.157817 -579.955193 198.835936 -100.752128 -540.997115 127.628015 513.861007 130.402375 527.611472 -25.178006 -79.649763 -739.289757 330.410268 382.545453 634.609636 -675.223183 -530.016289 -358.975757 119.994918 75.653072 63.448614 148.632693 810.114649 44.780790 150.430154 -434.968735 865.285517 120.226508 -220.209428 122.873949 960.318569 -1063.922619 40.528666 429.995576 -560.323682 786.827435 -259.728554 613.752682 -176.193476 128.951604 383.274073 -665.428314 -113.049876 -5.139014 -346.443562 -433.087336 261.063534 204.130368 845.041167 499.460295 -82.542425 252.813872 277.918042 -576.467435 444.540866 570.680442 129.208476 563.166936 99.425577 -63.519228 114.891980 -657.312237 575.598957 201.811842 -189.960099 -146.291109 -327.704481 212.995004 102.234332 -508.508441 -160.954135 453.446504 858.144601 -772.046573 -616.811846 -488.213529 832.386830 62.383000 773.818907 -770.542433 -667.817693 564.577620 261.458321 -564.511646 674.050264 -279.197138 96.306328 -138.679599 -186.438488 -194.091957 -485.047967 -254.461843 -534.660035 -143.672539 -143.092173 -249.955886 -592.968858 690.402238 263.007805 91.803869 -406.603478 -112.698526 -198.813882 -187.851817 -774.149051 -114.152933 -337.961753 -256.600415 216.451254 208.944208 -249.261543 -246.725612 533.052944 785.608724 57.444498
209.568288 -37.312018 -875.988751 -104.259310 107.430266 -312.238766 220.572430 307.715727 356.989589 120.809650 85.844607 -450.756258 -187.072638 -220.305580 359.887951 110.365826 -206.681573 297.566290 -347.077513 445.287021 203.860202 495.782228 230.508903 317.968881 775.470599 -506.142570 -190.803877 12.472507 637.926920 -718.597761 182.379975 -231.109042 95.897706 -84.313903 -20.171219 -366.319777 99.441927 -258.471446 -505.610231 491.233810 -15.047362 191.158147 819.050066 -798.381857 673.090385 47.995341 316.596031 352.383324 263.740207 -170.448947 752.682394 289.926631 -533.490012 23.060799 682.336320 -728.840633 137.725988 -459.441471 642.849245 -76.309021 266.804554 -322.912091 41.829348 536.527638 445.823223 -511.952663 -662.447708 367.242443 -253.010306 18.963878 437.820370 477.379343 -81.241111 6.976700 52.361716 -76.397254 -481.859806 -401.333454 167.957104 343.573981 112.888003 494.067626 753.871008 -740.916998 902.820612 255.713838 -21.201317 365.194501 225.217773 -250.887535 733.509954 48.026714 -273.549522 304.905200 42.924308 -413.123146 229.620677 -901.177059 271.192899 269.826939 -586.150137 148.611804 -499.407729 -485.758996 -41.651562 -10.167509 -1000.085080 278.321535 -365.412682 -644.097769 -480.897279 -307.363120 -498.634975 -468.765963 -191.753301 -856.691236 145.746059 72.608586 372.741952 -701.339338 -277.870364 -322.601580 -120.800443 -516.335566 -432.202843 -834.976830 263.215473 -214.096502 -606.812277 311.354660 -269.653922 -579.501841 654.998712 -90.111407 272.827733 -657.441672 -192.912234 -278.731656 114.159773 476.299625 -807.354048 391.662967 620.483196 -1235.806372 -656.129193 -242.393045 479.616060 -475.384510 -448.698794 1.642011 -175.311511 -534.131128 123.011350 -429.277031 511.975784 404.582712 543.185364 -269.400755 452.123421 -347.364215 433.113139 767.037942 751.252395 -858.250835 -517.078239 141.736820 473.767162 322.416847 -386.495156 -66.467691 -616.936528 -58.668813 -682.547492 -560.326845 -177.443435 -931.988935 325.249323 -607.565009 -194.739633 158.065702 -654.588264 866.142635 -387.362392 209.503797 -4.837141 212.903272 468.684723 -514.799468 467.928715 -449.120121 -714.530738 -260.603181 318.217587 646.347409 -545.337100 -314.949308 542.335660 -451.273780 731.526502 1100.359598
-148.524793 -158.195580 632.875535 -652.436130 95.732788 -263.321073 813.923771 -214.262612 -754.391159 -248.066516 -35.111566 -322.039795 -392.701507 259.654702 296.360579 -513.648885 539.172531 193.946985 -149.343796 -188.691355 -169.626916 -221.560590 1003.123227 -217.102748 244.574408 -660.385880 -637.453047 929.280396 222.998231 -92.698417 124.252658 837.630833 955.597280 10.949499 -49.682964 80.802394 321.890671 415.840695 154.959478 456.390490 -392.510959 297.917479 41.114542 -300.449515 -9.364623 270.836524 1252.697445 1078.059477 40.259403 -18.851489 -66.835674 -33.455860 592.984854 -114.390102 -155.269417 35.611237 365.635297 322.076716 -629.134788 96.993159 -4.845929 -1043.922245 -210.346717 185.093969 559.098948 239.837306 48.701922 -92.665454 812.439464 -551.493391 -253.772378 55.304705 -301.141876 692.437265 280.179360 155.030267 -97.715498 -477.042907 -358.991240 -315.687714 433.018163 204.868551 700.738002 415.110279 99.247600 -534.186801 445.545717 769.034239 203.880905 148.412844 4.964947 -58.401767 -773.646675 772.795837 208.444552 -317.487276 -27.659921 310.940340 90.110525 328.513378 -44.931923 549.229218 -97.702289 329.099332 934.954559 746.679470 -176.021721 186.984646 295.663779 -585.150756 85.682902 330.133971 66.580301 -224.265708 -245.327880 213.103524 294.671667 -920.866680 -101.734859 565.467149 -37.509346 343.983119 -194.495304 -262.510137 471.001894 374.000250 420.550428 781.681420 -164.444743 391.080954 -200.882802 472.188997 296.058013 -106.113416 -123.342121 -484.610065 -53.933099 -210.297703 -114.558119 458.632941 29.151368 243.463734 -83.212532 -610.187578 791.614829 -151.275697 -111.141385 311.949189 -27.451016 -370.392932 -688.966452 336.400190 127.132861 465.961082 -846.274562 645.578014 -107.535506 -436.777198 -168.606363 113.151356 933.067522 121.196302 509.219433 251.975971 -541.308114 -623.106947 893.434390 -589.752547 -558.285527 236.051338 -72.652549 323.556008 -443.277914 153.706825 -34.987174 -333.275610 450.765563 -477.901346 32.070668 -342.394859 -94.315614 -290.015719 -367.152849 72.284080 179.286998 -779.362513 -64.828616 -376.009541 -203.270354 -828.316949 608.988637 -112.319201 577.028379 117.134061 -255.546647 -416.516528 -567.948296 -634.406654 444.770788 -14.226876
529.341913 -160.279258 443.086805 498.931268 -980.884367 -324.657726 1241.621737 110.945622 -150.598777 -987.841045 68.181574 -246.250521 252.038448 -217.211568 -464.544706 312.086634 -194.970123 -243.714841 375.126603 -345.162541 85.437128 193.418804 261.815577 -850.557320 938.778932 14.207647 -501.022434 -84.870164 -358.745962 196.534367 703.634605 -219.523427 -528.596328 -305.320811 -428.744356 532.822515 -700.365592 57.965144 -524.909333 -337.876108 -435.834766 647.258674 317.276337 -535.295690 -661.540480 338.177919 265.638907 418.977544 143.263123 619.351528 -719.521250 650.717505 -411.523542 74.003452 -724.620906 504.547461 -588.632052 -55.006704 142.890184 -375.488022 543.631345 568.993303 -179.081979 -174.072517 295.019262 58.575993 -505.599620 -648.679811 -176.469422 -194.326540 -469.954422 -618.447167 1111.994906 268.993535 -230.644463 405.453389 -250.113434 4.984281 1091.672156 -71.505773 557.162165 231.670800 523.492452 417.798763 -145.924514 -453.324163 538.636581 457.998501 -257.528903 148.793387 -185.671946 -397.908955 -162.934085 137.841847 929.604638 818.291782 -120.704537 -478.086520 675.010946 159.527099 79.784260 -877.291009 38.243813 -315.370201 63.705744 214.626384 187.143075 67.052338 486.174689 -46.773267 -418.444778 1009.046435 620.940654 -808.199434 -49.745939 646.663997 355.061817 416.700485 -415.394026 204.420605 261.529710 -263.252285 -645.458662 8.112300 -173.076147 448.549050 -463.801507 61.974121 -1.463228 -424.693950 -60.357223 449.013092 -463.156722 366.347613 -141.290831 -6.815237 414.730740 -398.526532 521.552060 310.244644 -14.285369 654.919366 -278.372057 -96.957752 130.342673 -278.782647 -296.592639 -778.501991 -221.886404 297.225808 -198.664822 381.486593 575.158470 184.545605 -388.230576 372.123195 36.345515 -657.358479 -217.390879 298.835053 -277.519646 342.687837 95.288035 347.889989 -642.861489 103.776032 -148.201236 -284.320636 -679.199536 -846.306555 -562.813871 -759.058896 175.232783 440.161620 -809.736737 160.056800 77.507621 -255.439638 -117.330534 -213.281196 854.657165 -322.853261 -83.202972 -568.445027 -113.207484 166.025649 87.186251 -951.811626 -422.509787 -732.307828 12.901551 -143.877664 -674.748763 -618.987458 914.930793 -516.188707 -365.791534 376.174150 394.653740 -820.097805
-55.626880 -257.390390 14.614271 -261.506014 343.347168 2.094302 5.889953 7.809860 701.789803 306.947620 9.119538 -443.681507 276.911001 -786.485809 -30.911861 140.569868 -548.022826 -378.291644 -241.403189 741.366762 725.054909 -488.268074 -210.148652 321.265591 300.548088 -695.751887 -621.058989 424.355842 434.915660 104.829118 150.088746 130.094342 147.310330 186.391574 -579.264033 -576.331245 404.430654 -180.544304 -707.294966 808.756111 -428.748842 282.379795 -35.916176 -28.778965 107.377951 77.289683 798.473903 -91.245568 104.073491 -202.622521 -821.893874 -391.967448 -546.920214 409.202599 705.294069 -508.525516 -369.860971 -127.852541 -395.691354 -433.796484 -398.306229 1072.652740 145.097108 -177.183180 138.125829 -170.610081 39.695429 474.762466 -245.350192 -262.735258 189.061026 -215.277734 -545.233992 355.997168 -883.055891 72.317063 -348.553701 84.905378 380.104084 106.909050 72.237425 89.884317 295.373856 -381.913030 -464.630662 -563.004468 179.144441 65.203716 -290.232475 328.491078 -153.490160 307.507977 195.350064 -225.093362 655.756898 -361.436399 322.133172 8.945667 -52.678295 -730.516419 24.335096 6.980834 691.461215 -725.701619 306.510689 77.769210 -123.353420 458.920712 672.428657 -457.601110 -22.529178 -429.714123 -786.224970 264.218931 296.954170 -70.262973 -596.331927 -387.663064 -75.858844 275.654692 -781.817336 -92.739987 -333.832304 -416.621949 -595.366847 -500.482246 260.941495 -494.513862 -269.312510 1097.755132 -898.422145 -11.253548 20.528011 -79.089381 -764.310352 -1177.377542 -402.954649 -583.416020 446.336961 -20.469175 452.792451 -691.858588 -795.208974 246.773459 654.137579 -203.623972 17.081228 -276.703679 301.159891 -146.686738 128.495595 -223.994974 -635.138900 -540.055518 251.578096 -167.669574 526.886523 -544.932191 226.357869 602.819744 -419.258314 -320.229996 -84.032617 557.713699 358.405983 -140.599814 -306.802233 -294.760890 -174.687364 -234.419266 -158.424183 612.152336 -762.033294 266.222246 312.043905 25.502566 -107.146070 -392.063686 486.741769 605.044471 -189.933726 29.808058 422.786701 885.840324 455.230536 749.870103 -271.798040 -3.887748 437.186747 52.596085 -633.833112 327.789442 -683.108700 164.422476 904.375144 172.734882 683.487079 -554.058280 -802.176799 84.643789
-69.044974 -623.864363 694.604619 -225.206730 -803.775956 -119.095586 516.365502 264.153536 -549.655379 45.019171 23.641692 -259.132877 660.736982 -546.090044 -1113.883541 286.396046 -16.107004 40.798698 572.839304 1018.631203 -232.625077 -538.638789 276.013742 -564.247684 756.322655 -997.970087 -915.585301 88.619633 598.233725 165.236264 -367.459507 -10.912753 404.370583 316.516565 51.397805 -235.943429 -324.516711 1327.519727 -60.206400 -9.987488 -0.792783 774.434027 137.208601 -469.797673 -140.172791 802.492857 137.010924 -499.720033 35.826003 246.674615 503.745495 -405.304577 516.719357 -661.309681 -62.582972 143.418657 369.091677 -96.122140 154.444659 -227.439537 -751.873323 117.700444 -655.645732 306.089413 -188.715312 458.443179 294.130041 598.050952 196.083042 324.357162 25.817634 640.026010 -135.027439 679.730524 165.677222 -234.068030 213.790266 733.256664 -334.706828 237.755227 688.398296 145.623852 70.364840 22.847983 96.464532 776.622889 51.511659 54.653164 649.845922 126.579862 -617.596113 1087.839491 -507.983647 -179.033642 -885.804397 129.247564 29.051099 211.884805 106.390400 573.774902 458.138295 -1133.142699 111.873169 722.985135 -584.591175 908.077571 -230.387280 -360.887746 37.213641 -281.500516 -67.571440 -27.550170 -31.380737 54.673232 -513.623483 305.886623 -436.300107 295.550719 102.769101 -76.925288 -342.054257 727.002659 -419.879173 598.946726 -134.949261 -359.356365 -179.560957 109.501673 -705.767514 207.744435 -59.614953 437.701115 -30.785878 378.943109 -81.059298 -205.955041 11.066979 -354.380257 -67.365671 245.603651 682.678256 -651.153553 -238.586337 227.741692 -317.253001 364.691070 198.599503 667.490920 299.505600 -338.528524 -681.175465 -721.131747 -504.222108 -514.432596 176.262739 -1036.189270 -335.028391 -448.445434 281.150441 -930.435949 103.261956 8.972240 -806.078971 1009.025923 215.266920 -771.707285 -354.880157 -409.463750 -748.906499 720.373316 381.515638 -735.767621 87.893351 407.934435 57.607009 114.801248 -72.930990 -794.457535 225.501370 147.605503 771.704526 -222.575844 519.586764 349.223970 892.389568 -902.004514 -433.196614 -32.109067 34.433011 -283.777527 -316.720166 283.151838 -352.244593 510.418090 403.280091 -563.304697 -59.818613 -631.383914 174.343498 427.806537
155.720036 -1047.851481 817.952672 -112.303091 -50.595249 -396.561455 -112.506296 718.752041 504.308373 -450.483733 -402.410760 -212.665459 -853.119364 -423.772981 -486.908483 -64.663212 -392.025401 -111.635130 264.307215 -1126.546084 -52.539649 390.169305 88.062920 134.189936 -63.909725 -62.731926 -112.935718 -192.806578 180.928062 285.428103 385.804376 -88.125375 652.966619 -157.759924 -22.216459 829.964968 850.232827 467.326788 205.104529 145.240778 -174.550461 108.553959 956.370417 360.760329 -96.473154 227.811283 -728.114060 -8.904239 -139.974114 173.552473 -308.870343 543.923537 -678.255785 630.922333 -75.732743 -1142.213078 -359.639052 772.951774 53.794513 244.942416 36.404502 -772.682288 881.992718 -544.266423 608.751393 -237.917931 -64.075469 230.633887 -396.349634 -691.371030 -44.177595 467.441025 208.663348 213.239494 42.358191 -342.429772 412.446700 583.700250 1346.645394 -519.349113 -235.433887 -628.399913 -459.644228 18.110961 76.120780 -321.568931 -296.271687 -265.373450 -552.511612 183.293040 390.433077 165.012694 1021.411218 -333.730113 159.506404 -951.599693 -666.175788 -173.260629 -314.197621 855.241988 345.854562 -562.816072 -80.099960 -30.540334 5.619809 -242.604728 -250.230226 424.837445 280.140292 -216.727953 -650.545139 -459.062255 64.118632 -335.230299 229.512877 -350.430089 168.567750 -171.194408 43.892716 -118.356846 620.391253 -498.331181 647.504727 1321.087320 92.863025 -471.446849 -604.139918 -249.316929 -267.001585 83.043961 384.152661 666.081148 -542.260495 -186.411428 -39.032371 403.523139 258.025681 554.623120 28.753270 194.895052 215.553482 -864.148412 -141.304860 -723.165804 610.993681 211.155851 147.634911 339.834251 -888.681363 -842.717118 772.208375 575.261205 -759.627831 434.789553 94.843821 93.811955 328.424888 915.861829 942.480013 26.544757 -380.032276 -290.709668 -154.457489 627.184336 841.666988 195.824498 -697.777496 470.097524 484.421802 54.465069 -666.958213 -187.186774 -419.166926 414.032946 419.002613 545.314801 -360.933124 -515.721423 175.058215 -1037.261942 208.862319 101.959312 93.241586 -572.576438 -574.189058 53.301648 -329.988468 -4.058420 351.076286 -196.340464 -287.541794 778.051938 -682.862980 -721.103771 -165.510261 -79.349448 -404.338354 256.412837 -388.123250 -423.502341
-910.047896 -505.378978 485.012121 -390.524066 -720.359930 820.391122 -495.553118 360.105746 -610.997431 -700.306986 -863.617430 308.124529 223.117217 339.089711 19.745618 -694.094769 -595.879680 977.067916 588.859306 -206.200039 -568.098294 -161.995391 63.575412 -291.338669 -24.037501 -536.640264 687.318614 -557.484238 36.826631 -785.717670 -189.673739 -292.053358 -278.645529 -787.368134 288.635759 -94.108749 -253.551951 86.136008 633.900434 201.618022 -1130.525475 -57.055695 330.384139 142.898488 -959.874480 433.202498 462.309457 271.447575 -126.078356 791.764996 548.231663 149.748776 230.357746 204.390205 -794.846902 -484.651066 -151.359411 760.976257 -378.241411 847.398778 362.654315 185.403546 307.247715 -94.826621 -32.553296 52.686535 -461.063564 248.876761 -1183.400428 536.352054 -20.250226 -54.776776 517.669953 -43.679411 -63.310402 -576.352125 -488.235508 -489.199757 756.298685 -529.324451 528.972141 118.388568 -666.661660 513.655337 -43.641197 118.710056 95.656341 208.175270 416.882271 -124.195910 235.445187 479.443724 360.890456 792.884758 -1740.378592 857.894729 -69.727722 -826.789433 115.052925 -381.636749 -636.103759 -45.224067 -334.319299 -456.074795 42.965534 689.139069 761.599589 -346.988748 130.020968 163.468927 -610.716978 -184.685966 -523.838080 337.529223 258.766828 -819.445939 -741.478093 -299.638308 -376.230861 -464.636904 -229.050651 -292.821187 -291.795391 73.214770 549.374620 296.049866 960.946697 -208.455347 -377.124027 25.366873 -468.942712 601.139976 -746.288685 178.391936 -100.175973 -86.661485 721.889290 398.640353 -340.162242 40.643047 117.486715 -569.520583 988.774938 -298.573940 183.601747 704.752532 297.827284 0.216128 -786.776632 64.744997 256.694848 -529.394104 357.325257 381.457723 50.475491 769.618855 -136.246700 464.241760 135.860734 730.874610 656.706960 264.695058 -337.177320 305.747191 -410.719594 39.098155 373.733366 -83.760382 -115.046348 188.480517 -245.126202 -285.003910 -340.268744 -125.355162 27.048834 638.094809 -481.419510 86.980093 -160.648086 -280.263354 671.868704 -885.790300 -57.242243 -1365.145470 257.076641 -93.202827 159.374027 -522.594638 -517.918179 -782.567516 -212.110079 473.641224 -15.692039 -627.763504 337.585870 26.762092 984.187017 979.849185 1131.608916 -390.187933
-4.118748 -38.860032 -253.676639 379.868360 -269.559997 -65.506838 -111.652024 218.564919 479.730759 183.345942 262.886980 -77.582765 279.487611 31.051200 -4.042288 -136.791640 -273.161818 380.261867 467.965045 1083.839907 12.753291 1038.171619 249.472724 -475.031286 279.624581 -470.515462 -613.424984 744.523600 197.690707 347.123134 -660.150596 -293.160363 435.185965 -71.727147 411.567584 -78.971544 714.666270 1018.029484 -213.599471 19.188557 730.228410 1104.478612 -220.288790 124.542519 -492.821290 -158.988840 461.330691 -452.023643 132.513602 -453.191733 -206.902430 436.047860 -500.422410 386.827254 -708.946361 502.519437 180.730136 -575.465284 609.682120 -660.568611 84.159282 268.117989 89.544974 -603.420950 106.201675 -211.022929 -222.591542 -186.622563 -704.553931 -109.508304 325.860652 268.096530 173.928590 102.551658 260.625414 689.995968 130.549931 537.261474 -354.139435 -137.538360 20.798103 -589.637020 -200.444187 810.671355 -796.994603 115.448672 -169.777861 -211.856946 -719.370994 438.483037 66.795500 -147.267234 560.199958 -147.632939 91.570977 -102.488764 86.350603 670.848057 -276.793220 -160.590810 158.624741 -315.669465 48.477711 232.021274 -256.542388 18.443679 271.701812 11.149926 406.500616 41.832328 -487.395874 247.559409 441.726898 -479.860495 -248.679257 614.592344 74.399864 99.669566 331.035721 156.749033 192.069524 1056.441437 569.167916 50.078945 732.580087 375.409459 -7.551721 28.280046 390.134274 20.399589 192.613659 423.001128 -358.196942 -199.822375 328.679652 -654.787969 673.124382 404.803425 262.096859 456.003970 -661.612056 -287.311933 453.872074 -185.596038 -584.166240 310.094606 -156.434215 175.780946 284.069416 -690.585472 350.593880 -161.364848 -1272.433131 -90.912135 -301.301230 82.841467 334.978922 -236.957100 -62.048048 -160.933041 -459.686698 -26.983239 541.193075 420.593899 -4.085333 -239.377856 -599.065991 -79.605693 -278.579183 -455.704438 -114.470605 -856.154722 -566.816305 -336.176280 -371.777464 474.489662 -684.421072 567.137485 -513.706242 -44.414735 86.919086 -425.509334 192.461698 513.387883 27.609534 257.073007 -987.168648 -127.382714 -756.461842 220.079207 -313.117041 -192.060409 -328.646804 109.823220 568.141683 33.766984 145.417495 -227.126299 -206.241349 -203.442688
266.851579 90.380094 -401.704027 480.905416 717.399624 -836.556218 -182.587237 -444.625901 -298.769081 682.483857 93.577637 -734.160747 -313.370351 -494.527489 -80.218407 -204.046566 345.995557 -132.822803 -138.632463 -458.541566 -36.307417 1009.129500 116.774958 -708.976845 111.534733 188.260429 -365.343955 512.675905 681.177295 603.533173 155.110392 235.836510 517.314579 -353.968408 -584.335213 18.360979 305.674655 133.989921 22.213044 532.648493 40.849820 751.962735 394.350164 -916.020724 364.199132 515.510721 -650.654004 14.888972 -34.824323 -204.166292 391.536376 787.289065 -188.234159 207.045361 10.141145 -60.211783 242.665360 359.580031 -260.127171 -24.765959 518.662832 -368.313265 399.510151 764.332632 214.100075 -7.185732 309.254243 229.821364 -313.061198 -1129.396573 169.463455 -695.295743 250.594908 412.598338 11.747974 0.581516 -597.963922 213.788658 265.318449 544.935073 -195.638330 575.503737 58.601969 -452.726145 -1190.892490 680.595320 356.770862 -977.984020 -708.259097 -82.502133 -883.894303 671.974934 540.189019 910.880906 221.982223 -557.326043 -316.453088 -475.608499 297.176923 -324.145901 480.985631 272.560695 -322.069544 -97.740328 -362.655238 -772.031832 466.500806 145.409236 222.178037 -309.728947 345.803769 -505.238499 -64.959380 2.590622 -212.547620 42.593470 -31.522453 -517.762809 75.837893 253.629055 -231.582683 300.407571 129.343295 232.359094 -142.808268 -556.619850 -45.893422 59.361144 57.071800 -34.170715 -67.705632 222.057625 865.053486 617.709213 -492.764418 806.944235 117.796428 -356.585913 317.875276 -474.855211 49.596885 414.238839 -381.131538 522.083582 -862.317388 -668.374397 -37.534358 33.977480 937.638285 -575.774502 -566.024236 389.057388 37.902983 451.055023 -482.590441 111.538504 -17.235843 -4.577420 125.883263 -89.974783 -108.610813 232.768253 -643.302845 367.337211 87.256278 -788.377644 -511.348088 78.620824 -541.393458 -673.752585 -435.897228 165.029752 214.680455 48.490488 -14.307170 1.826380 791.049210 392.252689 259.253902 -131.620752 -792.578974 43.464113 1101.090271 383.777715 368.735161 92.816609 -417.842937 79.260517 607.559112 -313.311229 -327.479455 -548.701982 -472.508697 -580.826178 -765.969143 -463.662594 81.876755 -0.624718 -591.175839 -101.532405
619.809408 -57.879941 -458.471408 371.351876 -153.788300 -102.713868 -241.112213 212.373517 -302.086231 -555.876271 -989.038423 -393.124994 -37.751107 242.292335 -230.783474 -117.162588 -76.994516 -26.268501 120.993173 955.275572 382.238361 -346.260410 -124.543037 337.798180 315.544599 -565.261860 -44.915691 1064.452537 -183.855772 273.065443 -351.716069 739.459382 -66.514654 253.528964 -411.059759 362.975445 682.977615 83.101432 16.898765 622.053676 -8.454573 74.854842 -346.304534 368.535142 -27.037577 -75.391398 90.396598 -336.080465 -519.176434 -204.156227 306.410517 100.949110 358.748171 605.712192 -4.068763 682.689501 128.434769 822.342061 -411.323040 234.927436 -1193.725761 -137.465809 227.072180 745.091115 10.686667 -524.049815 -296.242401 -229.148487 629.660225 299.542248 -473.990878 90.506191 -157.069398 96.902863 -422.483042 -818.671564 192.212826 203.511967 53.236502 -481.965446 260.619982 1018.893876 -176.005483 -942.479921 858.970737 80.958231 67.879296 -81.144860 473.414949 -143.498259 556.049469 878.921895 201.720705 12.286594 2.581672 -148.585428 -393.151664 -722.754897 9.413176 -93.945677 -732.784476 -66.051179 225.882790 -43.225346 217.912316 -350.402117 269.169652 -980.221428 537.562491 61.028588 -377.558393 -63.442975 129.613034 283.654842 381.211916 -530.892452 487.614424 -302.600210 214.892611 -417.280937 172.230069 -684.469114 -117.497627 713.934099 423.170062 391.639426 -223.361646 -349.148833 256.934896 -547.001982 929.045074 -850.744488 269.438827 -919.893961 -454.436430 -467.462284 -227.593251 365.088435 -246.917256 186.118659 -779.307924 -16.526127 -939.041140 -229.126187 83.676101 -459.902236 432.938616 738.625618 124.096664 311.302990 -342.133003 -132.587456 579.099019 229.708420 471.514433 -184.949589 166.045965 595.255603 -254.237477 610.021296 405.946862 -104.492575 312.742278 798.897877 472.827841 -621.939377 -176.623189 144.821547 72.839770 315.360507 -344.804465 242.921882 -1556.106948 798.310183 914.124657 62.380752 -267.845233 113.586729 190.344519 324.619883 76.400914 -499.434395 -507.859333 -470.431839 -219.944868 162.299941 532.332977 -699.063388 -709.337899 217.176341 924.959201 597.959207 12.461773 -373.360605 -213.792929 10.619589 45.607534 239.236553 29.969270 772.115122
810.356548 -647.073052 1028.757850 -785.713711 97.405638 -483.741188 -492.430079 -17.611913 -185.383553 219.424387 -946.732865 -396.478704 -353.718339 832.142780 -751.174219 656.341214 681.270532 517.313455 -547.041463 -819.424530 665.303925 748.392950 454.080542 1017.450530 -574.437872 730.185863 194.600301 340.990830 51.244732 -316.344295 400.585486 -78.162576 779.467610 -386.684242 127.630556 596.280077 -311.373101 427.273069 132.616497 -278.476900 -604.625923 46.397415 378.883765 336.922829 249.885607 -118.135236 -191.216674 -215.542540 268.454380 -255.787515 -716.847576 -283.326992 -1139.668516 83.322585 -94.989397 -893.254440 166.580720 162.240215 -344.527818 705.419637 523.092497 -594.712990 7.721482 160.784071 -294.755463 91.632249 -274.940696 462.297945 36.249714 -320.571683 -241.529887 74.432892 -208.294694 178.688751 -3.927696 -24.360213 661.857834 -205.451714 -619.918539 659.419673 -505.413808 456.670794 -184.463937 -106.952627 -522.693568 249.554853 430.064039 -30.050309 -661.190604 53.636443 -761.342558 -124.087095 -931.755804 1281.966018 -994.059468 93.296323 421.321420 141.409401 701.536734 -520.321061 530.591706 321.002582 -33.297430 -199.321830 -509.162493 801.276491 4.981272 75.209954 100.375388 97.809111 -340.209857 296.757485 -395.155160 -367.787268 -341.474797 954.814830 302.870541 -853.603967 703.516750 115.947874 194.558963 589.772036 532.250280 550.049580 318.074106 -167.673072 -1067.933732 228.069220 654.300035 77.362950 476.142532 288.968308 -424.639681 752.406577 9.100970 229.578393 150.891662 -187.337755 -376.990605 -160.916845 191.254874 130.639764 -682.968357 388.972973 340.355295 44.400917 -924.865950 147.906699 371.959498 522.117754 -369.401210 123.411510 -662.529638 -505.137027 -420.336737 -361.251190 -16.322859 -138.598614 -350.611769 -314.303113 -329.281699 -210.669833 619.933245 14.501495 250.049829 -193.606768 -134.822996 286.595626 -196.458125 -637.483360 127.835371 -797.731547 323.442317 -757.891070 -454.018136 -499.226831 269.416768 -629.911095 438.098661 -447.320532 1111.128701 944.997308 -164.260434 -401.468474 97.838322 135.403047 -570.689827 -146.265303 206.488387 -66.655264 125.334534 -246.072890 -161.469357 -712.034013 -320.061028 -693.266635 217.183469 416.652517 255.058889 -755.135489
317.283440 -161.980894 583.575940 520.000229 -492.824046 1348.887228 -327.761692 310.418285 -672.325416 -39.552577 -51.210208 -706.489066 333.964403 168.629242 -211.300203 -259.565608 -213.537463 415.531397 142.174431 -295.096950 -123.939863 -362.746905 134.417697 226.041875 266.219208 -504.097988 25.196725 -508.710062 179.740609 28.045932 21.240159 -197.467922 187.692100 -159.234194 426.243379 -764.471171 -81.247642 -696.431986 365.652056 587.199801 -549.321226 1436.246456 106.873775 -429.797988 -191.692413 -221.819983 1645.865545 43.209469 1065.559922 242.211490 -856.176373 -472.572520 -823.936422 -26.707640 -743.129961 990.285834 84.964360 34.511607 -778.311634 -473.350859 -123.779600 927.654372 -197.763973 -97.860601 432.846152 -432.075311 788.974659 293.897866 139.582861 -513.592441 329.846555 -608.705445 -751.306714 501.967359 -308.876271 -377.960046 -382.804622 665.501886 -368.330468 -559.818993 -369.252332 794.828042 541.477025 317.166750 321.301447 -21.502237 -310.788694 221.280055 -636.131687 -732.932871 394.329845 407.627701 -11.496184 -237.376844 333.738050 183.820688 946.932473 506.427626 684.114539 -349.689711 127.808214 -241.811684 -1007.285443 677.273151 -193.154278 1022.502307 212.523973 126.815066 -336.448746 -733.909929 439.686819 623.990340 885.757242 822.712069 -903.550952 106.042933 487.632087 -129.698468 -511.591801 -795.786480 -321.553879 -178.879722 46.358226 94.140167 566.854165 14.174858 211.864719 -1240.892058 60.994814 334.253648 233.463103 -255.648251 47.905460 -119.190114 -100.312280 -362.189612 35.901809 -198.946033 -235.047026 288.207703 -548.459947 -195.031493 -800.844800 -89.168609 -176.801858 -49.748898 -34.124635 419.760355 65.525577 111.962741 -289.726745 -391.209755 1240.849734 -566.647188 303.538222 -120.218752 -581.281481 -809.086055 -224.631369 386.888470 -105.291222 -274.029769 407.106207 186.701388 33.071338 177.461131 -158.071000 229.149226 -413.092410 -594.603888 -159.811301 -368.870876 -406.131942 -195.451019 259.001295 -293.958577 -272.574268 156.731836 -760.269407 361.459170 181.862860 -524.104248 19.680122 426.179784 297.352010 -91.714882 788.175001 -396.901492 374.216381 -281.729721 312.316629 428.862712 332.587688 530.844580 571.348500 350.765910 133.578644 -54.616044 -124.520314 -117.805021
743.106165 530.759230 717.345139 575.256881 -853.051375 386.282762 -410.309769 143.036648 -136.998834 824.888043 132.333919 -310.106455 -381.922113 302.363651 186.619687 -574.807141 -253.244626 582.838120 -334.077149 -366.887577 -676.837724 271.368611 17.545622 453.194345 -494.816450 -482.023241 817.760095 129.761948 -1079.177093 406.183153 -431.915168 887.140354 -1133.257611 255.106203 137.623349 -550.993770 -207.990002 -168.042942 -245.863921 138.549851 496.473522 -912.610280 402.384483 -578.551314 -36.103117 -565.061189 -680.309254 478.896439 -592.045658 28.973197 -234.284584 61.304189 -655.541907 726.807174 -575.548028 -449.163339 -252.363045 794.326287 673.681061 12.023296 -10.327017 -70.624779 141.463300 -654.436863 -40.661335 -392.321342 24.407199 140.877552 315.731812 55.699370 -27.203883 305.156845 -276.147644 249.395484 -185.855444 378.273948 -628.348144 -119.396608 329.513243 214.715561 -360.149621 59.314660 -374.752273 -236.654520 -98.949003 -462.212900 -540.837070 92.072576 240.523192 -280.919215 -330.314629 -427.177608 525.611093 -61.773228 -1133.563796 -521.166708 156.261490 -1026.714755 10.175861 -152.952767 -385.886117 -43.036245 309.940029 -410.753920 -173.821191 159.429267 139.805741 1063.203108 -857.889621 212.493348 139.867885 258.423066 294.634351 85.187933 447.359371 171.963607 465.607404 110.393673 897.378394 -678.079006 418.440397 -153.574933 1055.464453 316.303020 -314.820149 490.968876 -379.505986 451.807876 212.616351 -245.438571 645.632867 612.001251 55.012768 -315.139830 297.801509 66.785203 336.905494 -28.590184 -192.330146 -165.789165 125.378556 -892.079517 57.230024 -152.522778 511.443598 -220.448605 -158.765989 420.383663 250.846122 545.163789 -225.033359 -20.332278 -161.653629 519.857115 484.513457 -460.341983 -762.728796 -372.703195 310.667589 467.985359 -504.232055 206.285429 56.441345 94.895136 231.773785 290.818930 896.946388 83.800390 383.926026 -53.377567 -520.438432 -853.854032 751.889997 -439.579979 612.407013 -487.487208 613.923263 -387.850843 -985.776074 574.130813 104.606311 -63.185557 616.166637 410.126026 -473.252080 -644.145614 -721.890927 357.341090 553.272442 471.615485 -292.597583 1374.166833 478.970621 150.116139 184.675994 102.496538 308.229225 -221.882684 90.787850 609.600039
144.462945 -618.814006 -221.501020 -302.700624 143.825498 -16.166032 -974.104290 479.878697 865.993709 -366.462891 27.411676 -954.457372 659.061218 888.866495 -254.149884 -358.131432 246.212446 267.297794 -29.360724 -469.362756 42.406970 -424.171062 -439.247583 -441.045581 811.456881 12.458851 -422.062395 969.940467 -425.349768 526.801171 -320.022492 254.566058 527.527798 -143.243590 603.527688 223.964603 -205.140093 74.081384 389.727473 -344.560095 -61.039107 291.271626 295.986525 772.159464 130.227862 -55.617679 67.304581 -472.533598 -165.245237 -303.985874 -182.007930 75.813953 282.779575 144.849353 395.926646 675.979177 -1233.806233 179.619881 -100.559847 -177.693871 918.649428 -1112.476593 -371.725848 1067.998648 -144.821251 440.758016 -207.021813 589.877173 -477.878205 -7.206376 -27.428857 615.839129 423.699548 356.819672 1127.679198 -659.997086 239.153498 389.612374 394.692715 328.744004 -654.711319 206.030885 -152.699301 266.392063 -636.205322 72.684944 317.817855 414.415575 -660.996879 1166.516040 181.051101 52.160517 1110.591182 71.280281 -40.955594 249.941653 -194.923504 -834.960656 -379.265938 300.999471 -637.154669 -293.966552 -138.494617 -230.280017 -273.939025 -115.350023 129.301904 960.722661 279.178695 422.006386 -523.289291 767.169330 -32.166142 -776.475775 54.988648 -292.924652 -426.991716 155.368273 -363.904945 221.737834 -260.532070 -321.458708 267.261713 155.796095 -212.696756 35.160677 -560.173999 215.681933 -113.856308 480.783857 -155.734961 505.771035 97.119651 51.826560 -220.736456 242.627765 428.457755 291.464400 -159.639933 45.487271 216.330306 467.588225 271.743937 -671.635439 8.866657 516.323489 288.359102 387.626918 -221.710769 607.970967 532.062719 -385.702330 571.345787 216.072617 -219.781493 311.792195 -303.576793 845.106367 553.041539 317.400745 505.265198 -1.231201 967.116179 739.025117 -484.854693 77.414921 -240.934995 858.633093 -64.867446 -97.987563 -294.109308 456.576267 -593.510311 -88.568902 161.897325 155.318759 -164.688362 -165.145096 561.007289 -654.884877 -319.461731 171.599617 120.080391 -80.124080 -43.856149 -312.659589 -296.541000 -164.246574 -1140.570463 73.310686 118.682076 -40.995130 95.132941 -337.059904 128.287373 -299.941463 301.332817 1143.361837 150.477533 -198.935330
663.261133 -556.644445 -985.515237 -707.455518 96.698888 -731.066901 72.978811 -86.406241 589.314506 -353.534645 24.676820 473.546175 -168.396044 68.716834 136.450749 166.752857 909.125440 192.698512 332.289338 -372.197483 31.681486 217.687021 259.732695 -157.387461 -337.027609 -6.242207 -280.269082 -408.077561 16.718549 -42.485056 78.074650 43.003104 609.896094 -76.388068 -379.938233 -735.605763 791.699981 247.394464 317.978223 -720.980150 -359.447296 552.636125 37.107439 77.135587 519.764918 670.624119 -154.095921 556.512337 1042.220065 615.391868 -581.845848 -396.347871 31.284239 445.367503 -130.404754 49.440234 -256.971895 -820.426629 -560.273342 -230.702940 -719.296585 -15.438110 -2.062539 -319.153611 -279.272177 -388.522840 -467.428141 -391.357259 233.327304 -349.205420 -314.805131 -136.360425 294.864521 -297.036688 -797.611392 199.545789 -706.352624 -932.769151 108.291794 -859.010752 -318.946830 -197.939823 -548.877669 -140.874425 131.548094 -239.227305 193.438947 -110.762541 -730.508277 1075.685091 -436.719231 -665.589084 -43.384470 -333.478562 74.001811 597.016370 0.321427 93.823865 -740.937686 -184.639907 -116.317137 -237.049868 -126.582795 126.564379 -194.180275 -401.396667 -857.455222 -364.080742 394.792502 -320.016411 -368.388935 522.980454 21.857422 -39.798132 -557.574397 -346.283760 497.654569 25.819417 -462.018554 308.528452 500.628438 1416.794845 -277.066497 -148.868201 -320.729436 475.812876 -10.021656 39.927559 -206.401283 -180.263764 -222.320190 -282.658720 269.339826 205.251762 367.479555 -628.790046 -366.939008 27.928718 -41.870232 1103.189597 -424.139733 -221.469001 -322.702804 163.961173 21.626848 -450.681714 181.628059 -742.159090 -167.850703 21.232316 -419.360250 345.650781 -362.589172 644.830489 283.771749 -30.170587 511.415704 -593.783342 666.111670 -186.579706 -393.134908 -107.131445 -420.031995 202.606119 -598.505158 463.798336 -1166.928730 -662.899735 -90.750781 -821.619910 862.835833 632.238385 375.565248 -332.789904 -152.974824 -845.588645 -786.095112 116.554379 -197.531704 126.051756 329.445701 673.863680 -320.039571 -32.970661 294.907534 1345.767099 227.268719 194.667724 94.082268 352.762052 -3.968255 -687.926220 621.991011 149.915556 717.738544 -259.637311 528.695626 -79.616493 -776.347512 838.508487
-10.405718 -935.138485 -309.651648 -95.341115 14.834064 -578.299055 -111.167941 -420.534689 -327.581803 1001.673936 -856.200758 -675.708490 265.390032 -501.502677 -238.944591 -82.489838 -439.491425 397.901691 -495.126830 -682.399557 523.464341 -530.472502 935.774411 429.230662 32.545543 -581.959973 -841.942458 262.636089 -620.564513 -62.996679 -60.109003 -266.077489 413.110550 332.563790 -117.684123 -163.752743 -28.967101 292.115413 598.164056 -273.023799 384.162051 97.642930 576.710110 697.231450 57.221488 150.297114 961.465714 -203.095807 48.058255 716.500405 241.897076 213.412404 251.594994 -253.633460 -599.327978 -686.520296 545.835514 -221.046992 -158.090562 -98.614174 147.465973 -540.012355 702.234301 -347.054164 -1105.976767 70.464872 -283.180741 -756.598713 529.965095 268.363871 -123.127958 418.965270 563.074533 756.815479 35.123831 366.816643 378.031421 78.065474 205.984675 -408.125753 284.918099 -312.487517 -552.972956 546.639776 195.387403 -767.499732 119.727626 -523.105110 -897.828681 -372.634135 -168.419999 -94.229431 -77.973011 448.338937 -209.074269 -37.991312 -225.223320 138.568517 -1060.101337 744.565166 3.329725 -597.832716 -645.206771 589.836290 93.774459 31.074462 293.659723 212.688358 -213.273634 -225.676213 -810.637338 122.487936 -456.600387 -470.633120 -200.714779 -288.276376 285.402295 211.535738 103.763898 188.367935 -1255.583487 -208.273719 66.608502 -116.238569 68.287662 227.366327 -147.327800 -463.406202 -540.755465 32.742275 0.611640 -844.643817 -259.125648 285.922421 -258.333713 -112.178796 -468.329223 185.716444 456.958849 1762.055904 -300.778711 547.763546 -22.074201 102.328599 -495.645125 -349.711466 436.722931 882.032424 14.030767 372.056555 294.093250 420.026253 -524.168588 -197.751365 -333.000909 378.586741 -1072.904435 -242.302873 87.688721 33.151334 96.638630 98.489412 -184.079612 441.350499 -258.959019 -257.991652 231.229736 183.044760 -126.970638 239.854882 459.425636 1672.153244 -214.744006 478.027303 927.415580 18.201424 -992.588561 -410.675077 107.189859 -209.467803 35.466392 -339.297790 196.514536 348.297805 614.335710 783.240635 -415.510272 -210.886002 -607.099691 64.406197 300.922674 -146.500970 725.318871 578.402267 1490.180734 1049.800372 -276.780083 122.626676 -38.085874 -122.737977
-259.823335 -210.493935 -360.728797 617.542329 24.098425 -104.664950 -635.620630 -160.015975 -183.255128 532.833628 -124.394312 -281.467722 347.020274 111.975351 92.701045 -245.467288 -180.885923 169.908994 -512.568935 -186.976823 -624.452598 -230.433927 -156.274773 192.348764 24.409185 292.919741 -194.394452 285.110287 451.536245 3.338888 573.781714 884.690009 67.314094 299.108512 -197.474967 -13.931675 34.985625 220.928305 610.483148 -740.744692 381.597947 -545.526527 680.922870 147.928767 -453.416668 399.933604 -29.348046 573.478254 1159.592405 529.377855 967.080320 241.275938 305.038679 -761.996049 -687.517466 -757.021677 493.362343 -682.499747 793.461520 318.652664 -390.974971 -240.130195 -8.063532 468.082867 -836.488376 812.739689 -87.714357 210.570344 275.480316 111.986284 -58.209338 9.333935 -931.311433 184.319097 385.080107 -231.112928 1046.124879 1108.958475 -464.146064 489.100607 -243.347908 884.612869 -565.135778 -815.599353 39.325382 291.492929 -897.238420 118.524342 -230.646939 6.247381 -25.111199 -836.599463 -121.154108 104.927686 -122.897011 323.567937 -283.873600 -1353.304119 -287.182163 565.636701 -638.242312 165.079265 -561.913162 1063.352874 -388.109610 226.688088 -706.124333 227.454163 257.686668 698.909729 -228.398243 392.759279 142.940051 -513.693711 -400.057749 0.751464 -220.269214 -203.249872 65.536411 -613.490468 1144.974602 -1458.691288 -242.573788 679.180745 -196.003656 42.409137 -362.444111 624.289179 -496.264352 -436.301412 32.340789 255.405327 -48.023474 389.423196 97.610496 851.358633 -557.832969 393.377188 -184.565614 311.318543 -657.192943 726.592431 -318.440001 -618.172242 847.616458 724.669807 -133.900640 301.099334 -587.914374 -16.313403 -1060.776596 -380.965272 354.878407 -488.353435 -316.191040 81.669118 -971.226516 337.051122 -701.527210 1089.785434 -322.354856 -160.502392 -43.736553 -600.344200 -431.105676 -33.620841 -270.089403 -285.917297 130.832196 -602.274589 -427.328879 401.094770 -332.243108 6.122646 -338.795451 -225.957208 -167.241882 -661.255611 -40.910587 -407.542717 -275.906360 -499.453382 -18.218401 -747.357979 -510.759272 38.505316 492.062535 222.487240 282.397575 513.187384 277.625208 263.764468 -87.829958 369.484598 -289.444934 545.654462 -934.889360 601.627551 568.539312 -675.039191
1220.276984 469.418234 526.613727 954.062583 67.203234 435.070658 991.431452 -507.525788 104.093402 -169.728945 -387.478642 -1161.374221 -565.818055 -577.162841 742.735462 349.780593 282.354789 -63.033514 -156.092709 28.567698 -334.240823 -269.396773 414.446269 418.617099 -565.140727 -479.322242 -557.850717 65.048750 246.790879 -345.578289 631.679641 -19.618573 -144.645312 -479.214159 36.307436 -205.252617 551.313371 183.021765 -492.952420 284.306880 -5.620322 205.437872 305.785252 -362.965765 651.238441 171.742477 747.149889 -202.322625 24.320038 -244.008473 12.718973 46.719099 -467.955485 755.931017 -518.330202 -219.341423 1043.248427 235.512866 -258.460610 25.612619 153.271423 77.755187 139.661849 173.043429 -50.625035 -94.085364 -263.144403 -269.589850 -809.504940 -372.460221 -185.638777 -266.340602 -142.691694 785.364360 222.016848 -168.404024 -11.462603 -596.504214 9.510655 305.825165 -573.676690 -352.588282 -224.341450 17.926459 -412.423128 -467.224238 -506.241777 -174.393511 -763.003303 -868.868598 -357.691980 549.366431 -385.386920 243.118205 60.047759 -857.571289 -1110.241914 576.049193 -534.260546 33.396403 -124.291094 -811.057485 -82.939454 -798.256252 280.027580 -143.073946 67.832265 496.100449 446.471607 -4.899104 226.517339 -260.257709 -165.101330 -176.975379 489.995334 366.811759 183.905791 199.352602 883.913526 390.123318 -272.138096 896.563519 769.910978 -459.071601 530.577129 379.622245 -171.269131 614.751095 767.336432 366.929017 672.460501 -409.790233 47.073401 724.795096 979.444271 472.174683 73.756874 152.692616 107.235999 -236.960315 -329.398374 578.794282 -736.376042 -497.757160 -46.664386 -1269.578567 -1323.350533 -129.240472 -451.282525 -407.796340 -64.807846 598.498627 -490.977572 370.220865 -73.598347 -880.086457 -681.859626 -621.398054 36.982515 -1065.903776 -447.318869 -223.269044 -64.483822 172.236792 101.585866 -682.588173 -630.694334 772.323745 -355.454099 -125.037142 -174.872480 -640.574304 738.249462 215.329591 -428.523848 84.541923 680.142241 -413.623598 161.918671 80.835539 607.206050 -64.125679 -678.949997 840.803096 172.561694 -367.935139 95.933396 496.305604 297.024386 -578.269534 -158.686510 -587.295610 46.516847 7.996952 -407.754315 389.738070 1156.463166 -94.123451 -14.422753 -632.004040
-162.609253 -506.416700 -108.835723 296.155608 -273.024479 478.812607 -275.462514 -509.388633 -201.167900 320.428700 -9.041097 -456.156388 -891.063670 -873.276122 -640.987796 302.791607 -268.752656 271.442971 24.223110 99.982863 -446.180331 -389.778959 -338.407108 474.358632 -310.635026 -474.212415 -614.013979 46.019799 -1064.168177 444.108450 -642.571821 502.711730 809.641354 -153.785572 40.391197 10.515058 -296.384577 -1425.517795 375.516762 -223.069318 321.518241 -407.863542 361.852029 521.403840 136.250399 -44.708963 239.746812 -472.155218 -105.700099 -36.659077 105.305616 296.864759 -729.895069 305.129851 -117.248864 98.393432 143.570556 -55.817133 -987.274635 -266.066251 -203.015831 178.401712 567.674739 -320.694319 643.442030 -785.331470 -71.280658 -206.852882 -14.001679 -203.971945 -866.817089 -154.864401 -126.066971 183.515588 -790.061358 20.573228 -271.076396 -400.262887 -61.871778 113.460407 -589.180446 119.332569 872.147960 -39.250461 98.690851 -522.096104 155.882015 -372.050620 128.689364 -554.452961 -102.660794 280.664075 -98.623625 348.759460 -166.729430 -217.295841 242.429410 -350.668496 -58.690013 -257.970492 54.749984 363.474209 336.668096 310.516449 -808.783052 -72.178875 -456.912983 664.030297 -240.534093 -32.430016 -61.978265 -297.398463 -57.497778 614.819471 -1041.344313 -1280.080739 454.215017 -31.761431 -197.104005 -1039.502579 -271.331208 -698.528130 668.510995 495.065280 -462.166557 -106.069333 -283.345911 -208.019657 -617.069439 298.671867 -688.432435 -566.555518 -470.525357 -256.633271 118.288974 683.579174 449.244315 -167.367350 -298.822035 -803.249328 -572.730446 -271.850634 -118.417851 605.065154 -111.130563 645.725784 -84.568423 -323.996404 -820.099572 -217.135841 -53.854267 185.137881 485.434057 -449.365901 -615.041653 -134.571088 474.738872 -72.311126 -605.943789 -47.349438 383.961164 335.963009 -128.390667 -86.294651 216.347536 278.454942 -227.504225 -568.631968 393.945267 -101.030893 380.799498 732.805928 262.342594 -322.890503 664.533110 -945.434075 36.376174 -559.246736 -564.810401 -357.463321 250.979587 455.210272 602.659586 305.735295 278.247295 -85.582566 361.035514 335.433415 298.789817 350.934296 -874.023286 -352.683257 95.929069 -649.924705 39.552783 78.048873 287.524060 -222.271868 -380.713098 -29.808247
-271.816797 -57.641363 103.377696 -263.897518 -344.489981 379.546943 240.649881 282.593558 1200.336512 -419.966648 -79.468221 49.567145 -731.874370 -272.034471 -43.737696 41.896267 574.461859 3.369029 389.823065 614.063381 50.000631 -128.662891 -763.084523 -20.028394 709.446696 -355.158534 235.811544 148.549211 555.408823 -839.982814 485.602134 650.237741 98.963860 -189.105876 -887.351959 -511.698264 -598.644302 -977.104167 -303.064803 709.318982 59.160438 -539.876439 -1528.563935 -540.627298 -281.105527 -533.853791 -275.681506 195.028007 71.714926 -425.174636 -1138.529834 -42.211760 259.688372 252.552418 491.082200 731.464427 -947.427842 336.397363 661.913060 -208.929250 -620.428032 304.240514 -466.187485 -311.812747 796.382277 -360.566911 721.140001 1096.421979 -837.841651 -643.674619 -150.132606 444.004437 284.229042 110.414882 223.788308 224.765727 -226.984910 -417.630610 128.140799 730.828813 94.885567 -130.632622 319.030844 -494.383708 355.034318 -424.492954 137.541536 -123.724394 16.857194 634.802963 -84.798030 -330.835852 125.428556 319.588932 380.252468 315.989659 442.109402 -394.210984 928.873469 -578.225170 625.325515 724.389843 -301.890964 -454.955012 799.600983 -820.195686 269.255704 547.940759 386.241820 -101.194401 246.431942 460.996587 38.378073 1410.618427 276.698688 -392.352888 101.755809 -309.495971 -0.519894 112.822603 678.992207 -303.786458 -874.575935 192.747675 -496.692917 247.621879 -89.675870 68.182607 -301.006862 -843.772007 371.782966 371.681011 -65.560962 -192.292811 -661.733511 684.883454 -439.635670 -112.978572 345.744976 -879.004220 -179.454470 475.762327 -17.521263 595.752322 840.498873 542.942143 -719.774199 559.454849 -595.623321 161.341506 195.919821 -134.277414 544.328863 561.998766 161.418961 499.127886 16.238790 471.146589 17.555567 436.820871 -365.535471 88.032753 189.977750 336.918346 -254.002857 457.148481 732.706982 -116.743425 145.797224 -12.474076 405.174990 -747.522613 -837.052593 -551.943863 591.050393 33.174448 430.066493 102.837862 -230.260326 206.431742 -971.168127 293.077664 -9.519991 994.996907 -111.337948 -212.640362 -84.298236 -27.966846 -449.829596 558.711325 324.523039 42.224552 -1023.960089 -473.864548 -643.646214 181.771855 441.177573 545.717712 -331.859144 -260.225456
306.494837 123.179476 614.290109 -444.459835 -241.085586 206.400594 -191.413822 973.900135 299.358392 -539.648071 3.495785 -754.184197 622.383776 325.855865 198.055343 988.399145 -97.051121 753.897089 -355.642801 -768.126279 -181.244363 852.874917 577.898157 -600.431702 -173.563789 214.842328 -59.937608 -963.367309 175.492861 -306.497280 -104.170464 -496.389291 -372.924564 -79.615588 464.061080 -356.817413 -532.120734 -5.247864 181.840215 -822.875438 -399.099402 437.670071 759.693100 320.820533 320.925524 136.262183 4.440336 413.898870 744.781181 635.576990 -182.488678 -341.038032 851.367015 -587.817281 422.665583 -171.114039 558.972998 -345.774037 -321.548087 56.484381 774.651353 -393.434995 216.596183 -193.461727 -453.895716 -290.785344 18.270551 394.947102 833.818523 31.703098 466.456235 3.987846 -438.931430 -817.256634 273.221595 -127.492164 124.572889 345.366639 461.915636 862.917022 -398.708919 97.563362 -803.209234 -754.563379 -143.891526 23.980264 -372.102219 -318.710815 -330.043193 -150.906424 -178.166201 -591.485613 172.980037 292.932833 -725.047523 717.335101 495.511730 444.619330 -219.015234 -761.974951 428.497782 334.477341 -151.602920 152.172305 604.304412 758.621219 -441.708195 -5.392108 -567.572091 281.452814 -355.977683 395.663218 412.537206 -750.744058 -784.328260 107.558890 -381.737311 -88.117170 494.809611 283.996476 -81.240141 130.156132 61.721696 -472.021462 -318.040038 -775.048329 -74.058661 -28.154578 194.226069 -375.775416 -942.389992 -218.787857 -26.992681 474.789816 555.296972 -39.204625 410.569340 -730.609931 -260.251567 486.279303 805.677079 -358.700071 -100.731694 -353.578036 -372.957482 590.002671 442.366226 244.715332 -171.512294 -143.858268 9.633757 49.001671 -518.028191 133.878598 -437.024026 6.556441 53.512902 -91.180261 416.953204 -298.538172 -80.390396 489.468422 1.583050 823.997289 473.237070 -421.496978 602.123069 -25.884709 -354.948343 -493.503930 166.378187 78.089860 471.005209 63.764613 639.911826 126.381417 -115.152136 -755.496951 383.937787 -414.082448 -897.692994 73.113360 -500.812915 205.808355 369.697264 551.960485 150.596566 -413.050286 -157.287618 307.249629 365.772368 -47.741916 112.618170 351.173451 174.564982 -153.263838 752.116040 172.731353 -10.719072 -692.513744
65.568384 385.714912 -591.898966 178.384596 -272.572409 252.525940 -763.946252 313.162498 -190.362593 -130.289318 -320.947531 -257.653838 -347.451674 -289.187557 660.696993 56.441751 -1036.151286 -215.141837 -33.423233 803.937921 235.259338 -504.849020 -96.396789 -361.630465 196.506688 -147.818959 283.846849 11.240924 519.186051 -506.874579 3.342898 1058.025107 -182.076720 -700.181063 445.162124 -114.211573 -209.419826 97.242879 29.280376 274.563269 382.050438 -427.527738 -12.045312 -209.697932 252.149106 -281.395092 462.439793 -1146.226118 -867.840906 -36.785853 950.740660 -431.832814 -355.359651 30.471680 323.825977 -88.705046 252.811989 196.501570 -48.853933 -120.332603 -625.481759 -576.837254 -498.786187 -308.526765 598.794323 -235.335993 824.330358 1181.603597 169.158116 130.794822 750.367602 -613.498166 -801.110185 -478.229769 -673.767667 293.932077 800.602029 255.411609 94.925339 799.232500 21.225752 340.459928 -885.370634 -473.308364 137.027514 -573.296664 -525.620508 938.263475 -196.557556 100.387737 103.817533 -348.835242 -340.064868 -389.710410 -81.849233 -208.950997 547.185380 -370.033592 266.075499 -343.512405 -419.091129 -608.624574 -194.393547 408.185726 154.945572 -434.485848 406.921842 651.797318 -79.656410 165.211198 156.954452 -60.410906 -316.738292 -467.660599 -7.179825 513.377127 -75.278794 -99.131190 232.742797 -387.748708 -381.383535 -357.120143 212.005609 11.110100 -35.003012 149.751850 -460.995995 72.499349 307.140494 37.679305 -735.770770 142.212945 -314.962425 401.504124 -795.078234 -326.548858 -464.165991 -61.684260 162.147959 -567.909723 -63.366303 -126.248671 -218.532851 101.494660 -179.180908 -837.064948 77.664224 514.468027 49.236789 286.188119 -122.658352 176.830755 -15.768714 68.825809 23.157643 -239.236069 -711.621066 -217.076913 -279.579942 -614.564218 729.595775 54.549172 445.486683 -405.499531 -267.665620 -345.477628 710.416580 201.310933 -296.725489 -672.786453 -1285.390366 354.639577 -578.956807 762.660472 345.824847 265.665342 493.745034 -487.657064 -946.465237 -96.961007 204.401791 -383.609092 464.478203 1016.072500 -515.823148 1045.090149 384.797307 -186.551215 -209.959138 420.511246 -391.738576 106.727249 -309.054109 -159.315441 -136.231736 -246.458638 651.771263 -8.056762 -615.296564 7.889304
-608.569327 130.816562 -55.776144 332.552618 388.683352 149.875814 143.500660 426.966461 64.777697 677.104601 -493.675662 382.217404 -850.915781 148.095784 -810.158229 -88.033144 -252.539486 766.717706 -1193.797788 603.746689 855.364911 902.028855 -601.203986 -635.966001 -238.768278 314.537680 -354.208318 -243.663146 -245.652027 -318.964742 401.105758 103.986181 654.253575 505.621316 -643.476853 52.248690 -777.303616 460.895730 -107.123125 338.420980 436.339703 688.437505 -787.074550 99.333850 54.464001 144.235835 537.065289 -725.886770 -9.717158 678.929094 399.958148 -300.191363 -40.071144 -498.707586 488.562638 -618.948878 132.848110 -337.696541 -244.149092 -565.204198 -128.129757 1291.718348 16.088718 16.876410 1043.105177 -404.060108 -123.110548 399.547652 -475.232729 -505.334172 232.633942 79.538357 142.699721 146.742670 -781.356501 -48.402323 41.257763 -75.602065 -297.127122 -127.186540 -57.053937 -123.620821 255.039780 -566.956007 445.970633 -73.735815 -334.494541 319.834894 491.329083 -71.665342 96.726592 -488.034595 -108.346896 -257.146684 6.005833 -211.794448 -98.002823 80.818722 109.737419 78.662678 695.547530 51.095182 -278.919731 273.022515 -911.530926 277.254633 -365.399524 1041.076649 -678.886502 -531.585583 3.068718 -54.911523 -436.765812 345.340044 -1589.428608 540.633562 -270.525916 -899.261460 521.502641 -1.512133 541.234187 -115.658365 336.753635 -207.387204 -426.373666 1.394885 277.890387 2.486580 -516.581106 481.886101 -591.457080 -997.670584 723.151704 969.407707 80.183068 -615.720804 -459.563099 -156.995601 303.325088 435.237643 -1546.259224 -230.672616 294.944993 533.084605 1016.488606 305.699894 691.588034 -218.268330 520.091681 -262.358128 437.026216 366.975031 -614.787004 -175.422663 137.977310 324.192090 -99.586857 -559.062218 468.580373 -115.096482 127.038743 -377.476980 378.913317 71.822908 16.781335 18.979286 -428.313570 332.261839 272.636830 100.935865 -287.020443 -350.245432 206.880417 -130.128601 -454.559007 -697.808763 19.192411 -1044.316354 331.209234 -249.291071 290.307661 -25.415282 349.575030 218.568548 101.025119 -152.703359 549.091449 -1146.904980 -69.513719 292.826338 -273.578955 448.656555 471.187667 660.727597 353.013234 -681.517100 825.887295 207.619880 -207.948479 57.111982
11.200125 -247.785850 -708.055397 559.376470 19.623221 -49.617760 -354.224778 7.084005 597.106569 -129.795799 783.623046 -373.014045 -103.972820 688.569774 -223.983939 840.762725 198.580032 -1.931158 -26.960881 15.339816 -545.714051 -13.719825 -571.273201 -211.108173 649.499669 -114.230565 1.732575 -865.334539 -132.636543 -389.946017 -269.268253 290.925645 -102.266416 -103.996737 585.003685 -422.064866 -531.280824 88.926296 177.805532 -373.929086 131.411780 425.557029 19.248878 -463.363635 339.453886 214.214911 585.110686 -85.900093 -418.562549 258.504572 -101.244352 -303.264922 133.546055 -865.221453 -377.781779 565.673107 -630.806122 -301.057592 -188.592464 277.597205 -304.167929 -6.638485 -79.302672 641.743201 432.012822 -516.393616 -222.191879 567.594936 -668.186403 78.545489 587.890778 -329.769597 -494.057100 242.731727 -112.862433 256.527316 -152.361447 17.900924 476.199640 -70.212114 36.329078 1093.671117 1464.361873 -242.131000 -848.108033 -501.550299 101.331557 -424.606984 174.720402 -266.735068 -660.060289 -137.964657 -824.777639 -98.262085 365.757609 -474.991413 -74.794307 237.075370 481.805430 420.639352 -554.319824 -747.564724 442.740041 66.048627 -499.383350 -242.129775 -1452.044082 -133.629951 97.521918 -260.339887 158.911718 -85.572991 -92.808704 -622.840562 515.662807 226.042032 292.404524 -41.531871 436.450208 30.551813 172.554436 -319.160536 168.773643 -232.389574 -708.862155 81.771755 -17.244792 -223.918899 -113.529067 455.753853 704.851418 -234.642827 33.174296 701.919160 622.106432 -119.013727 237.755071 219.297175 -168.923192 -859.454071 -219.225826 -275.503366 404.760755 122.159508 979.845696 -1172.927643 509.536835 132.913793 -285.682392 -99.988493 413.644535 508.350861 580.289973 135.397670 852.885121 261.949179 -218.138954 828.586804 -364.387679 551.984190 -167.516267 -204.084887 805.583790 395.689088 -27.193018 -125.127458 -34.743224 733.599983 -274.481992 198.006485 -571.238583 916.597975 -187.723035 325.061045 -243.704820 -281.536966 347.850011 411.131748 239.423304 472.824491 -62.691190 81.134122 -38.952334 160.355445 499.467706 872.108273 326.716558 486.247878 -521.878733 107.214091 36.875975 -319.746128 506.663600 -321.764429 -103.201914 173.958483 185.904737 -55.016874 -18.368740 -209.572400
74.428694 276.022551 -934.869168 917.955459 741.087562 356.644368 842.036707 -1136.886418 247.089918 -49.120162 227.577074 503.041865 -1008.237559 -388.603988 1124.581475 -441.125005 -785.374969 -285.320398 833.102166 466.874802 45.496814 435.833709 -359.067419 226.724882 160.005671 135.056267 -400.049245 245.806998 436.128620 -402.831100 809.963463 72.060589 501.698647 -504.039759 109.160860 529.531778 798.852290 -304.260340 -327.996315 1302.333570 -139.329651 -190.175315 47.186467 -229.998776 -35.696725 -106.119050 80.728677 -171.065864 121.809032 -357.317166 266.458213 579.231319 19.658988 476.196408 313.144851 -68.047185 412.116539 -508.930631 52.778930 -115.796304 -916.591414 165.631933 -251.747098 -357.760748 181.353258 -61.906653 -329.988871 -440.924214 -775.466330 -516.141976 -174.304946 -544.793319 397.064776 -467.552390 -1090.148832 523.852354 -161.320576 89.156710 241.516451 227.631326 825.386120 169.395563 -300.966631 -6.321247 145.160682 150.492083 191.258653 10.620702 -1319.493118 -330.714556 182.335360 38.347559 -256.134356 258.351393 282.425158 -328.664029 462.730495 -16.569247 54.641719 -292.659808 158.051854 382.281803 463.255631 59.038470 430.438066 -1211.920550 189.096934 153.894886 -73.640652 -205.434609 113.489336 276.210553 75.621358 255.424291 92.864872 419.003552 283.931336 255.967514 -36.270741 674.234851 17.922927 916.248534 178.499092 -279.495616 -161.731363 110.819793 89.247496 -346.564964 -452.417563 -77.798535 -147.062189 -830.783297 -225.037854 56.018269 204.192757 -189.446810 -76.729410 172.100745 136.293720 -214.168171 -594.252356 425.488369 89.034063 202.218458 -37.929160 -174.453232 -1008.852246 -561.321367 421.874768 -55.797212 140.386425 101.489482 30.940306 366.088460 631.927129 -132.651402 -324.856028 199.974924 -805.886348 -778.501889 395.694707 -473.280259 -71.776834 70.588545 312.819140 104.045585 -924.743684 -87.856621 137.090077 -302.180156 467.932988 -158.393922 456.889799 90.986196 -944.261062 -101.207695 -255.772560 579.063855 -779.833694 -94.371221 307.149863 -489.716710 218.726478 1033.369648 -389.988801 181.808047 -53.156693 89.620423 290.435705 -14.915365 -775.259802 -438.550335 560.186910 33.788622 -350.770948 -485.616321 336.044112 -708.764873 -909.860157 892.362257
902.314883 107.265949 499.119720 184.879374 416.408894 -449.422864 572.174915 283.363211 364.876290 420.662372 331.233288 -420.541661 -203.702541 198.963634 -496.331709 -185.064532 -587.895563 -786.371125 114.354128 -307.304603 69.709502 -854.135426 -1182.482314 692.286945 83.993848 226.005195 -681.022433 -195.949588 1149.779577 -288.578710 931.982281 -113.211052 481.941000 -1013.529807 -64.867160 -435.410863 -55.217593 145.272309 -787.022015 577.150236 557.446568 -85.517223 720.038881 -206.811036 884.001704 240.531557 41.476203 346.420022 447.139891 -589.745808 -33.888375 -239.449803 532.655202 -547.337346 -50.957833 565.795273 -291.235597 -34.151083 -6.310382 256.065124 -53.402170 -1487.775268 -511.922101 38.723149 -141.142133 -413.338397 -271.070157 778.061897 -366.510818 445.328217 901.671838 403.339536 702.489967 181.902034 607.332167 -551.646496 -1128.565351 -54.159371 -660.005414 -107.478202 -154.829308 199.521963 -1034.395608 342.139504 -144.328735 252.080512 654.539956 -3.440292 -76.339250 -676.617634 218.030440 323.786756 290.837500 -1144.702437 843.618009 -305.017764 -95.867457 533.838635 222.254983 833.125920 -127.118739 -281.367106 -600.229172 603.199508 278.237369 -66.389019 -142.928235 -362.556656 -279.162431 -229.440975 -320.769778 243.575548 20.257612 -1015.160948 292.107266 -47.434830 -110.049158 517.356146 -426.499794 -915.225926 324.179910 -123.650871 -1529.341335 56.702639 126.952344 -306.678020 66.105787 -377.831312 947.409793 265.760555 -286.804954 -139.807807 -364.644200 52.556455 396.661267 715.691642 -93.282414 25.076266 188.239805 423.331701 876.224213 -287.724188 100.819958 451.183840 -449.538282 -403.751631 -650.888249 -322.636586 -250.549936 -274.497195 -611.821493 331.011927 -409.498740 682.201830 -349.717795 -359.822167 -18.113826 303.571907 -251.880518 -626.623460 -82.770106 154.330637 406.318629 686.376059 -305.039681 -42.377470 153.402339 126.046729 68.799450 -54.203631 539.601345 160.755456 -227.521675 677.076573 135.650591 357.415116 -93.661928 416.269211 564.693309 -191.126861 180.523750 562.066357 193.406606 -262.722748 1070.808678 -195.360656 17.534347 175.354146 326.353910 128.771443 -485.213991 -564.280483 -277.698738 618.002641 -182.451244 380.685475 -203.322773 -377.239231 272.293994 397.037206
-35.111430 -307.476249 266.514968 88.092968 -413.713287 -400.547970 208.068399 190.073464 285.288815 45.355183 -331.237827 -237.852303 -116.028638 150.300872 382.357206 -262.592001 -85.388544 890.722853 407.498791 -602.378276 355.746614 -254.006115 485.314976 -118.788051 587.498444 -255.965335 1293.428611 -205.783885 274.372635 -358.699522 -201.749904 -956.294601 -542.531708 -79.226643 108.418089 -194.567583 211.172835 541.829348 972.557336 202.325440 49.811553 -248.864718 -58.397036 97.549615 -1007.472908 163.189954 -84.987647 -490.273285 219.687144 -788.845627 -264.758353 67.467830 -214.518556 197.997907 405.553432 -234.870326 -34.537288 119.252310 599.685027 526.370537 -128.623256 -521.673923 53.669382 -461.276985 143.567936 -629.165675 724.981119 -351.507317 -968.921030 -382.296434 -257.805512 813.852734 10.818105 -747.550384 -33.872246 234.958262 557.189358 355.311797 -333.653246 576.877257 74.183715 350.175969 -282.991731 -442.371348 -193.246256 96.379155 501.035853 -66.374653 -1176.936229 -632.288575 1027.493203 408.568908 17.292279 100.638772 27.080216 -459.905808 333.857146 275.504669 691.425274 -50.168628 -378.954323 -109.778022 109.180440 -49.950953 125.353845 274.014433 737.520650 -300.143370 601.085275 -533.029657 181.028696 -46.244160 45.215610 -175.574014 61.147284 -199.257254 345.983814 -116.562687 -152.095419 76.864660 215.009795 -579.022898 -214.835221 -129.622595 203.286328 -771.504284 1.505418 -161.618884 -108.422802 -437.876041 172.049799 137.300244 673.154214 -343.900720 -178.942670 390.826988 -698.361530 108.030153 -45.295772 36.877662 -72.104248 517.904181 636.671728 -345.407987 -483.270896 -178.723905 313.895009 -806.537279 268.522550 -579.290410 -280.196783 145.886429 331.756758 164.275548 -3.890344 307.527207 -32.856836 262.252734 -639.892726 412.543786 118.689600 -744.353526 315.604303 -384.314763 -457.165867 -252.312783 271.727291 349.597246 -149.890088 230.683861 -988.255665 -191.051848 -1367.560308 587.531642 554.978306 1277.822678 390.751057 -14.398744 -195.893303 0.851081 -1064.262759 405.972377 251.764338 64.677708 -85.350199 478.426971 80.988508 -275.470664 -248.328700 200.169799 -476.263691 545.375938 -2.987523 -669.826732 -456.047646 857.546847 573.842242 564.875720 75.661052 -166.345752
95.663722 -38.013279 -774.897926 102.067811 -130.373684 415.034489 62.204666 244.332377 -207.975897 -629.688265 40.324822 -305.971523 1172.331310 -148.189571 -295.948755 450.667108 -653.351360 330.034478 1318.996425 -0.254713 539.283493 262.435560 -104.061965 -166.202307 133.317971 71.992317 256.278723 -549.887769 275.481330 -106.304529 -767.528773 -404.583444 513.748370 -128.725356 -229.623780 217.679186 -74.808859 -334.226089 -528.849759 -339.964588 567.310746 319.150943 144.137125 -65.550863 554.924839 -925.552098 -371.384360 -413.984969 -209.560900 -137.937986 -383.184514 593.543677 -501.205120 -741.483721 -524.645842 5.107742 697.373245 -269.448356 182.687306 166.423820 366.969020 61.397682 25.229918 167.385699 491.367458 560.302484 -337.615977 619.322906 354.197060 267.816586 -192.702237 4.934046 -650.201520 -72.485226 350.541563 572.483140 941.998005 -469.637514 96.810835 134.502230 -642.366901 -127.345514 -606.442693 -7.244697 -236.610381 255.533119 -601.352985 -649.837415 -169.841344 206.569512 49.707944 84.985822 116.077934 -71.838389 387.979001 296.329430 408.830477 300.506498 -476.772951 167.045120 167.323181 -1035.615984 24.700393 -331.155824 -121.179440 719.834844 -682.079109 -156.049398 653.728449 100.864494 -1015.816646 8.755642 -178.424154 439.800257 477.082823 440.156856 96.126885 171.318061 698.131598 317.426686 -276.185686 354.561720 -127.280073 -651.575919 -578.028291 555.584718 -122.213893 -661.640802 741.884537 220.119021 -648.769669 987.876229 179.943642 246.511230 646.363949 -439.749409 -280.823390 526.111165 -114.085955 -559.751289 417.156240 -532.219163 -915.927761 -117.975285 -241.462375 -131.182716 28.125039 206.519650 649.257332 -43.513713 118.641727 -477.165493 29.134272 -146.812343 146.376025 -534.043831 34.083760 142.015509 295.698269 14.774315 93.898357 914.429059 -170.994156 349.296697 329.817521 301.058685 -591.325574 -319.364858 -1331.875688 17.720045 460.319235 71.597269 -50.227571 -470.656139 -436.591891 -37.514045 54.566406 -313.753277 105.055229 455.427528 1140.991115 -123.878167 -913.832040 199.013893 455.499752 212.154768 717.879050 -95.611761 -482.237831 -20.676125 -183.212320 -44.230072 -170.295857 -210.653719 -39.094293 -625.471517 492.251708 13.950978 -302.487397 -169.562214
-622.006143 120.803580 595.015652 -703.616851 -204.566870 334.601567 -61.361529 931.485099 364.017454 -810.646894 364.692718 -1116.602629 -288.771669 -52.366981 109.882723 193.325640 314.192018 194.611014 -143.237874 55.075705 -548.024834 -368.911545 103.986542 -128.157699 806.443494 1004.027575 -115.560311 -200.486468 83.542255 -259.970137 56.319636 -163.959555 -979.138635 -586.167053 333.283139 194.182512 -380.091916 -713.146409 274.117434 611.014362 265.575528 -62.615107 424.551772 228.216432 361.030072 -72.022406 1218.514410 626.019395 910.161799 80.596497 71.850111 -630.457806 601.346424 -145.917952 439.828633 -159.976126 158.913642 -247.331437 -349.200014 99.270723 988.329342 -106.103734 425.479050 105.789622 -270.027626 -339.885386 -845.203847 65.958278 -149.620847 802.697195 469.176879 336.553002 225.321210 -541.793004 476.467899 6.580674 593.022733 311.784914 -312.798220 -185.116268 -250.990121 -13.260855 1087.665950 471.930069 -193.571698 23.989190 -511.130902 -875.904245 -415.943531 -505.671440 -351.809833 656.288517 -324.518774 259.162334 -758.842274 246.003643 507.882949 187.663201 -195.118412 149.476154 -295.532259 -82.970381 -626.929490 280.761410 -272.653559 179.515447 -25.159644 175.584090 483.237436 -190.523148 -46.171533 -612.671150 186.886083 -958.785883 621.616167 920.066226 -1029.290441 419.020258 659.125399 -466.711024 -145.146344 -253.216787 -223.525360 -80.202409 364.017757 -9.490056 -370.323649 119.428993 253.818324 75.623449 63.062685 -143.138245 -417.224865 -99.812984 204.657795 512.043099 567.036757 385.879022 -65.180084 256.249173 480.904651 647.373046 778.909224 -235.815003 -62.198081 -322.253512 -233.971279 -186.354994 -466.032686 -211.915996 535.753133 192.111301 48.132623 275.010270 -298.079539 102.230639 96.896457 -22.619657 151.762268 -172.753348 -675.069399 231.214823 767.573332 -280.010798 -646.991694 671.235450 195.103022 1205.029903 -71.861687 18.538571 -244.369198 531.571450 -265.652350 -240.233291 -365.944596 70.719651 841.918436 84.652868 292.558552 -154.713346 -160.672726 -152.021740 -108.812308 -467.886377 -341.715146 -426.920673 -719.349236 -493.088244 -351.024535 -265.827918 299.410548 -413.066806 -325.893154 253.981630 -143.493040 -10.894372 -217.687735 179.909284 1053.673111 -379.853612
-365.951314 681.034771 -587.733213 -577.421713 136.323816 -746.291594 285.558717 -1014.425099 105.774589 -535.074882 387.629929 209.527034 -286.929057 -408.032794 64.156973 -126.799428 809.905485 -417.457736 -948.519489 212.157803 202.731900 -260.203132 503.691742 -919.859609 -59.837626 57.834652 -205.286521 1088.546646 -492.824418 1046.103309 -857.206275 -223.591961 -810.409642 -300.664504 -476.612315 -44.123418 -193.909989 113.080676 180.880467 -690.088991 211.125706 -470.553132 -36.047179 344.283124 118.196268 403.729224 -598.387345 77.583437 -811.630958 -50.757327 15.968788 -312.766464 788.927290 -389.458421 746.543789 -139.824431 -542.691974 -150.421935 14.286684 112.773626 -563.439236 -521.421858 -23.919309 502.424252 -325.180834 42.184570 245.769870 -159.003879 -400.882346 234.153056 -158.544908 -129.461870 -274.936731 -569.099804 233.777674 -1063.267554 -896.015034 -365.898628 -134.936364 251.657997 -209.971605 -45.673951 876.194186 191.541872 51.607298 -194.136265 -132.916635 -801.378165 -267.812562 618.809507 471.088981 -281.681245 109.117870 252.412705 -71.550364 190.895401 474.775053 -453.625639 -237.411903 -434.643652 464.302760 615.650987 870.981353 -270.776537 -2.928610 210.707947 96.428742 294.390773 -103.246348 663.528806 141.672108 240.564058 -283.798480 189.693437 -39.135780 -197.847088 -679.373511 211.190146 -733.069779 856.376583 58.217142 -418.270774 599.530606 -274.068248 348.426594 471.487847 -1207.539398 468.314927 -801.783718 55.194364 108.744009 801.228455 -24.679833 310.180283 -160.030335 727.779190 -467.543446 -67.349746 216.194690 -581.162647 545.052737 869.398329 280.933269 283.997099 783.743900 291.038230 507.148025 -1050.857672 331.944869 -122.217852 231.758275 -158.787301 351.234640 -374.457322 -44.786546 72.635227 -221.584925 483.292942 -284.244567 277.351934 294.388955 -299.030895 71.991666 520.904920 -848.642630 259.022514 196.436281 33.724498 539.600844 839.678718 -374.136637 -1319.393087 951.639165 911.837837 698.376827 -748.793394 -486.558181 86.216612 285.774564 -267.095080 -641.887177 393.530708 298.933853 244.491132 18.158923 -1065.578038 448.279604 283.988036 -284.223484 607.548949 -709.934963 663.470938 193.893396 697.543437 -87.940975 -206.253974 -73.503328 471.623063 -112.976264 330.800270
-257.413526 153.279886 -456.833130 -36.761381 781.351639 -687.668460 118.777698 115.044207 -278.814723 1169.816674 -14.714273 565.437535 29.700909 369.129149 840.959255 157.632842 71.756385 -461.880003 291.355652 -46.450198 -402.751984 737.635398 22.719318 -56.323305 529.721742 174.744362 915.550832 208.506359 315.648096 -294.088777 14.104665 -509.430234 240.698827 318.542627 -544.284024 -555.362229 641.966997 837.865548 -46.020628 -741.748532 -886.514852 -693.525437 -518.036858 544.194027 1049.170167 -77.607142 201.428359 -27.271430 284.610405 -135.057487 117.095826 -355.792785 649.666720 0.967693 -568.329774 -341.853737 -851.409618 -521.009644 -953.760150 -57.090591 349.842886 -97.168779 -160.480878 -759.892849 -941.532190 516.477526 -272.551435 309.107273 574.503027 107.633613 413.978025 -234.602329 -684.973790 127.305773 236.419783 15.918936 -183.367344 -657.009356 -143.227600 -1186.531715 -307.272546 846.631376 823.226056 -225.103347 -833.350249 154.038025 -137.252876 -420.967313 242.217755 195.762289 494.329715 -223.092324 -578.476241 -115.602012 -421.639422 -167.941101 732.574507 -456.111200 149.337212 -177.724246 -407.158108 287.556622 80.763702 458.961047 -366.507462 -478.037873 -92.472504 856.014185 -312.595127 -151.880563 471.302590 -413.948837 33.552108 273.611788 -168.193939 -474.437118 720.097432 -144.908682 -250.161746 279.316374 -141.208154 149.512236 -292.527822 -33.774057 150.603901 -748.477152 122.705767 303.521575 639.892144 281.172900 -886.018646 993.856543 -356.622696 -266.391853 -484.668751 135.132380 210.736496 521.379576 -701.005618 -874.575723 -293.808950 -316.703188 -302.191879 -223.336620 244.989557 -130.566796 -388.822667 338.898580 178.333263 -26.218985 -384.284937 125.053070 500.094625 453.488501 -322.527061 12.099258 -11.041388 -330.527338 -548.671788 309.916169 -825.296575 127.917032 -117.750229 -397.380188 -41.145765 45.463850 -19.181974 -1215.636030 184.146713 195.962476 -154.202877 -211.113509 -332.877580 539.939511 157.950669 -456.900305 -50.028538 -97.824876 32.381931 -540.536088 64.341272 7.328240 -82.130119 -556.741369 -12.635100 -511.584294 410.332929 815.977699 -152.231049 1039.870069 669.760405 -388.480133 -312.107636 -341.744262 -104.012887 -424.401883 204.743736 -233.042332 -248.687774 -165.426507
-223.273251 624.258250 977.685735 843.200991 -700.236321 727.059161 -151.738072 120.086913 24.002409 10.952077 -280.128418 262.009414 -1062.679473 -32.644278 -352.812194 -62.367859 -201.606961 553.000412 -238.206259 -199.756387 153.238998 -956.297431 -40.068639 296.814064 32.189722 -872.201148 -665.828960 890.997745 -809.164905 204.904218 -379.103075 488.395496 552.556572 243.260754 1191.875665 -103.523686 -685.254126 -289.201185 261.401623 869.778277 122.587241 681.522174 -206.511132 -716.372570 69.149287 -474.138576 281.525726 56.476369 263.625697 -72.042471 -74.457276 140.669367 -310.803409 253.879314 -427.289256 460.272999 -422.262053 -213.670532 1188.967927 -779.571662 -432.958611 61.680740 -819.815784 -57.820154 444.414744 109.865326 816.264545 179.477388 -554.768209 27.016316 -43.706832 -834.222527 802.598325 882.177049 -104.639904 5.057072 -273.720769 466.699473 313.165500 872.745670 80.164878 -634.862832 -271.196961 339.190939 227.873124 -1015.462652 694.862842 723.690041 865.165618 -148.250699 504.378969 -532.346435 828.718540 -48.951332 511.422274 -952.534263 -1104.861623 6.540744 160.203133 556.255712 -603.644369 -949.357003 -322.703423 575.048132 -72.475103 157.624129 285.747465 268.825170 270.675371 -759.851495 -445.084393 0.347725 -330.533068 247.934631 -541.252629 -155.994529 -95.458816 -93.543062 416.970893 -468.701921 514.216399 -251.266102 726.879258 -308.410291 -1040.441715 25.657401 481.389565 919.166483 25.933034 -203.502023 500.986281 175.444614 157.057224 528.708979 -724.938646 -530.616404 41.570287 125.087938 -109.803567 -140.106735 -1221.631360 -610.434790 -234.428802 131.228813 95.051522 -505.116126 77.788134 144.160113 -545.724980 595.026863 603.038895 202.902936 -330.465302 1094.883369 -839.255105 327.770055 921.980326 335.547802 389.034970 -651.034871 -41.458026 -522.486888 527.638929 -165.219623 114.159125 -931.473078 229.675076 221.603123 406.259314 -27.069689 -508.352876 779.114882 41.860992 -359.931697 -477.134811 101.637470 155.043680 530.366109 -675.773217 -193.657871 535.914767 -440.152072 -77.605839 593.085365 -392.610846 344.915455 75.726417 -218.937988 364.712294 -1279.725255 -256.639154 -13.651120 -487.318506 -11.613818 -281.705467 -180.171294 142.298946 563.987366 23.428309 -321.399685
648.970550 -626.977359 -220.243761 627.207564 127.577274 -710.637422 104.487172 743.281313 420.947362 76.982650 -249.848946 43.362244 398.606782 1088.528221 421.736718 -93.570288 510.733696 93.088150 47.105779 -361.857270 110.549576 946.611206 -164.282826 685.804117 -284.984239 789.065618 97.229793 -20.623615 39.284047 -329.301006 -933.893324 -185.307577 -740.595290 49.850247 -1012.600594 161.999312 -463.136314 1063.079188 -61.143776 -339.699496 -359.664136 -545.437950 10.904347 252.844759 -487.850005 201.885541 -1003.501264 262.074426 -179.349245 409.147268 309.811560 514.225638 -278.574845 -578.160060 127.767414 130.689869 52.416222 383.462827 -59.946346 -110.052987 480.025360 -221.457700 1367.678638 160.105138 -599.435874 136.950568 78.748772 -231.331146 110.363881 37.995481 -274.814320 957.853074 204.315434 151.651915 -300.649651 463.095326 406.382787 -952.530339 -8.662196 -593.925173 -848.709529 -101.255688 248.424385 -693.566677 -126.120474 1108.454009 -898.788631 62.590715 -715.146148 -289.014435 503.982408 -617.475160 424.586005 -908.056046 99.432127 -524.179487 172.735272 666.107717 -510.429442 -273.036129 78.245589 236.487106 1054.230938 159.145493 6.148379 269.448912 -187.312814 60.550465 -841.879969 -141.272864 279.398389 63.919784 92.687072 -425.919811 219.486027 604.067806 -285.848308 -788.931501 -379.750600 -137.463642 451.731662 376.068010 -533.071289 -816.463021 -7.729682 90.257715 509.025946 425.196351 611.618089 -204.325584 300.584078 -546.439299 288.216551 -719.721188 247.500457 -257.572005 -674.117097 193.570950 55.617603 -575.866695 -457.284271 565.298678 200.574739 -127.374655 -288.941024 -564.823138 259.302001 -746.662706 -291.674579 -1175.766617 118.647733 686.497337 -732.518282 795.580585 207.264206 121.920070 -161.811848 1465.557225 -128.718417 -129.291837 386.976976 172.298910 825.473873 -293.146817 441.026392 651.034309 -449.389929 127.293813 385.252139 -408.571377 -436.226647 56.612146 80.144941 -436.417377 201.999840 -637.427375 603.113084 -67.223541 -217.129563 -226.985269 -539.474448 415.725411 -100.208528 -167.772633 260.441069 -35.420819 -942.093418 -166.574024 790.954631 872.089382 -701.771893 -1431.856827 -350.167825 164.898038 -336.313789 384.553224 168.087862 101.765280 -119.332454 315.737099
833.715053 76.074226 -27.698857 394.608916 -302.746637 765.882321 -3.421791 95.150834 65.323470 849.182368 -92.207985 -211.451237 390.892958 -281.708236 -202.475431 -167.887205 550.637280 -467.106803 698.760271 -23.434364 -127.829244 -154.769208 -465.639205 650.440526 -372.083963 -1092.290183 -288.528219 130.661763 245.779480 -150.158077 -207.409885 267.693574 355.069944 455.351696 -59.038012 371.312260 202.113650 145.241476 -332.163339 90.753718 419.552618 -279.904909 417.470878 -64.926630 472.132381 417.356417 -90.939815 35.379905 -456.146759 162.873052 78.279095 73.894573 -496.416411 -318.112355 -68.131035 712.081563 242.071474 -230.805178 -41.665960 114.722582 -1063.341533 -510.481905 107.826331 -676.006082 -125.046233 789.886265 491.192489 288.166778 -479.113314 213.625248 29.225262 23.737602 -460.758929 343.552733 580.617033 -356.065445 32.773029 -680.131522 -256.201653 275.524599 -653.866837 -260.821859 -188.610678 341.878043 111.064981 -777.612444 391.104746 111.961205 368.592769 309.967783 720.485661 -291.951675 -599.362978 398.181154 -89.979953 -199.764001 -70.700694 -272.347467 10.134965 194.222283 -314.155352 -329.497975 788.900792 563.562626 -440.567235 13.159116 63.274756 61.466947 -455.744014 -443.811318 428.079904 709.652237 -122.463669 215.936202 540.772487 -533.880714 297.929765 301.978463 375.431214 -743.304455 294.856549 541.834981 -308.592127 343.946548 30.961409 -761.669123 -938.197923 145.863527 157.395211 486.179148 -118.171344 -221.145802 422.929469 428.918901 500.876885 -269.039301 -563.222895 131.810854 98.353392 165.932243 260.260731 -28.908254 -219.371425 -384.025054 -183.983818 341.115079 207.849449 -662.572273 948.558479 83.575494 -369.095760 -123.946851 18.472294 213.943162 -576.602054 36.655916 -117.453788 -358.586741 -157.639263 -308.641476 -121.715692 -168.151559 -88.354028 320.634111 -415.258594 -659.890576 424.686610 -220.261386 -397.363898 -780.218209 386.430917 -979.728041 -38.137805 92.783038 336.305768 -207.072130 -601.776288 -134.926157 -638.049652 899.535203 -337.724972 99.442409 1249.567103 428.532619 684.757028 -49.910377 288.955865 940.435537 -393.299303 -355.034738 -388.305876 -157.934263 -130.481662 120.243915 9.103976 200.626086 79.419641 -989.060029 28.777847 303.416392
-518.486814 -457.343313 -581.439400 408.502820 -388.292348 -380.312425 502.664189 -20.392743 78.627174 -388.382283 407.081322 -165.824815 228.242690 86.143557 495.942734 914.048468 391.254537 101.999809 204.042803 465.606077 -268.201741 344.360823 146.304331 -204.541385 493.541239 583.800311 175.644179 465.350372 214.796599 -874.988292 -293.480418 -26.221938 -225.496979 247.522708 332.678955 412.569096 633.252070 -177.901586 -523.647899 -1103.950012 -351.275207 -269.981019 395.335355 912.320078 900.212814 -294.526847 -796.600483 703.933884 851.762077 -652.653291 149.855716 -56.844239 389.375857 1031.739008 -371.729266 -651.505643 -122.836623 -674.168903 -653.623356 280.939848 532.042037 -161.419223 411.197947 151.957899 -436.073748 303.214198 -1056.603735 9.074160 619.626918 -260.478337 -500.122016 243.246166 832.053317 80.731148 -82.535177 -397.131197 735.930732 665.724652 922.695873 -68.951540 -667.884268 508.767712 -372.566423 -213.274039 -132.073745 -408.707381 103.155553 361.212736 13.163820 387.084322 387.268027 60.174113 303.033398 55.833008 127.999411 578.925006 449.752880 656.410120 248.294793 -913.974049 46.451700 493.380636 396.687919 -89.783425 403.728451 478.133724 -316.521805 295.003836 671.445656 14.278692 -333.098320 -68.321127 -451.545589 -485.441446 132.845455 523.928280 -282.411590 3.752977 421.169231 442.887514 870.894191 266.034328 270.907028 -186.289743 -72.128235 -96.917533 -263.580336 -439.769975 235.556330 -254.656247 63.483046 589.551374 -31.455752 -752.702742 70.093911 257.252204 494.292470 -767.957305 -357.375228 -78.470885 -202.888268 453.209441 -93.727654 471.723581 338.234713 -1257.700362 -269.723413 -27.599047 -237.877567 -394.049617 -389.737285 -22.146950 -251.245819 -154.034921 257.407617 -399.700266 443.588196 -18.233825 664.073756 78.118130 -376.715953 -717.147715 289.142026 542.176560 279.852459 -137.629387 -628.318791 -840.391706 -281.894727 289.876555 -1241.478788 -617.772295 83.536364 -685.939193 -639.899836 81.129761 -55.363429 -275.905818 1568.497370 -7.387780 223.569933 -72.733707 -617.100642 175.974957 -867.954583 -1.256313 -126.476583 638.430090 196.829598 307.090486 804.860560 324.064276 -354.822548 -685.928062 -219.488840 7.635431 -162.960312 -77.360149 70.086053 -159.118522
67.557357 -29.956804 120.405566 57.041524 -432.474195 -114.336383 -104.102676 100.385438 -144.278537 365.770858 -1065.896152 -599.109181 236.447216 -40.651271 -285.472746 -23.041906 -251.467320 -499.187066 59.406970 324.363736 345.189367 -645.760304 -533.560130 760.014750 -40.271537 91.535592 343.210423 -445.060503 79.746038 847.781395 94.439771 199.540366 216.324568 29.453325 -261.950840 164.575135 232.979415 -818.012938 -352.549303 273.862038 663.263843 -947.015514 488.414401 0.274510 -113.211537 -82.477752 -271.999752 -655.574826 -285.577539 -602.912326 -1251.112213 186.090898 -571.649724 408.194675 -898.809263 -181.283412 158.384579 95.361973 195.483457 811.838689 -612.740818 -905.900230 -113.736257 708.180611 151.452298 -242.486225 295.385674 44.189886 304.620503 -246.788033 293.754275 -58.670165 -116.825198 432.716364 -95.324244 782.382363 133.032413 423.474679 175.070723 517.917920 294.604895 156.041341 -98.989082 600.245814 -55.989223 -522.488084 109.442201 -661.451916 -141.919278 640.382117 -108.288655 -94.327671 294.825956 -471.622679 70.521992 762.788933 223.136205 92.821820 -117.302971 406.908049 700.376907 259.526754 -156.946583 -723.713420 511.646348 -90.492931 523.577693 -56.865392 32.180837 -937.383140 115.507079 267.244205 182.827570 509.671156 755.216670 232.952357 -87.702172 -520.974907 -76.139653 -802.404999 -921.908623 -238.087503 171.920443 28.367553 -84.354131 295.612814 -163.112993 592.006592 160.271929 -236.412394 451.212921 294.602565 359.611476 216.666256 -327.076275 92.907496 456.527774 -255.258850 134.303087 707.132045 328.208806 -177.611968 310.782252 606.507848 -607.092787 17.189203 -639.708354 273.727628 690.665017 332.297016 -246.087709 484.587102 8.248137 40.819958 51.117764 -624.930240 354.346735 1027.022519 97.311976 367.849718 -417.051280 198.974574 350.327191 885.934576 553.582825 -226.191057 -181.458506 -465.689152 421.145560 -530.245627 -637.540633 133.191513 -433.106392 754.107914 -345.091305 403.846321 -625.600216 336.694004 334.055987 31.652258 -369.776867 -296.292469 306.893858 244.283709 784.257159 -713.484700 295.946308 -242.626557 -206.178831 755.951562 416.774354 393.739541 -167.752064 -297.203467 -730.198054 -723.252909 -258.636689 -140.561434 -224.021958 -58.681870
1240.996215 -349.152301 -89.002344 529.987351 -705.528936 -424.043170 508.735464 269.501188 122.953195 94.019600 -794.310990 59.185734 221.003806 -247.373255 -165.590408 404.211556 475.945047 -257.439295 -224.515811 546.129217 446.681346 -266.057121 455.790058 590.506231 -414.204830 -80.071344 -809.525998 313.074828 66.371131 410.871893 44.840126 573.884615 375.738938 525.635233 70.114454 -0.396562 173.925062 -566.291373 -790.734298 -386.030861 -73.116383 146.661700 -40.734014 -1122.662996 863.821827 -506.550047 -877.969692 66.030117 136.511604 -7.835429 -522.538029 320.425213 108.066343 554.168363 580.587595 83.193945 -145.879431 504.398397 605.628880 -900.643066 -7.233290 427.231070 -232.956965 -171.240286 8.323948 61.519259 97.336831 -157.447120 54.480128 98.966910 361.008056 272.737826 485.915203 -326.296604 -1086.979153 357.341751 -5.602112 -202.626365 -237.352546 -260.100658 -162.697539 -25.895411 109.495630 -42.114597 400.716402 -518.113874 19.886166 48.576481 -385.522024 9.537861 230.613463 647.759947 184.247847 155.540053 -313.338392 61.135512 151.162724 -455.153837 217.089749 -68.741986 163.286759 182.901006 290.037529 266.032742 -0.812461 -253.512904 112.360262 585.917220 -407.658500 -831.615693 -119.528761 -705.671119 -333.381643 132.462163 255.619459 382.142019 -150.756217 127.466258 470.210981 243.118761 33.655553 93.264839 561.651115 -336.434873 -162.383936 388.821117 57.045880 -379.781393 429.819636 769.276312 -775.561623 336.362832 -277.576947 319.450026 -80.992278 248.342415 -164.803594 -69.885792 -278.712235 230.245239 -285.063007 578.768657 -416.684762 713.001381 -108.904219 147.456208 292.848370 -81.542507 18.979376 43.918298 102.741215 236.639699 220.250138 -499.206681 322.775972 -604.011577 1178.344760 -238.459494 434.705364 169.909976 -198.200059 755.013578 -101.316041 436.743317 -154.939345 -288.500479 16.993279 549.698101 -815.044311 -117.877338 -1069.699314 -169.557217 -421.313177 -247.493525 504.134616 -630.049557 -521.512419 -378.080852 156.751001 613.526783 569.540412 519.054448 789.937287 32.900618 -850.544614 -120.187998 -298.394582 467.696417 -316.734408 -207.825025 -222.867212 253.048760 -512.746393 -210.974118 781.622229 702.415272 -940.045942 -119.043845 -48.258374 -129.951464
